,Player,Position,Age,Year,Model_Projection_Points,Actual_Points,Model_v_Actual_Delta
553,Larry Pinkard,WR,25,2017,23.72391135922294,1.5,22.22391135922294
549,Larry Pinkard,WR,25,2017,23.72391135922294,1.5,22.22391135922294
541,Larry Pinkard,WR,25,2017,23.72391135922294,1.5,22.22391135922294
545,Larry Pinkard,WR,25,2017,23.72391135922294,1.5,22.22391135922294
565,Larry Pinkard,WR,25,2017,23.72391135922294,1.5,22.22391135922294
569,Larry Pinkard,WR,25,2017,23.72391135922294,1.5,22.22391135922294
561,Larry Pinkard,WR,25,2017,23.72391135922294,1.5,22.22391135922294
557,Larry Pinkard,WR,25,2017,23.72391135922294,1.5,22.22391135922294
537,Larry Pinkard,WR,25,2017,13.607691749234391,1.5,12.107691749234391
