,Player,Position,Age,Year,Model_Projection_Points,Actual_Points,Model_v_Actual_Delta
549,Larry Pinkard,WR,25,2017,23.495771247107086,1.5,21.995771247107086
541,Larry Pinkard,WR,25,2017,23.495771247107086,1.5,21.995771247107086
545,Larry Pinkard,WR,25,2017,23.495771247107086,1.5,21.995771247107086
569,Larry Pinkard,WR,25,2017,23.495771247107086,1.5,21.995771247107086
553,Larry Pinkard,WR,25,2017,23.495771247107086,1.5,21.995771247107086
565,Larry Pinkard,WR,25,2017,23.495771247107086,1.5,21.995771247107086
561,Larry Pinkard,WR,25,2017,23.495771247107086,1.5,21.995771247107086
557,Larry Pinkard,WR,25,2017,23.495771247107086,1.5,21.995771247107086
537,Larry Pinkard,WR,25,2017,13.788343888111967,1.5,12.288343888111967
