,Player,Position,Age,Year,Model_Projection_Points,Actual_Points,Model_v_Actual_Delta
561,Larry Pinkard,WR,25,2017,23.525300558366553,1.5,22.025300558366553
565,Larry Pinkard,WR,25,2017,23.525300558366553,1.5,22.025300558366553
569,Larry Pinkard,WR,25,2017,23.525300558366553,1.5,22.025300558366553
541,Larry Pinkard,WR,25,2017,23.525300558366553,1.5,22.025300558366553
549,Larry Pinkard,WR,25,2017,23.525300558366553,1.5,22.025300558366553
553,Larry Pinkard,WR,25,2017,23.525300558366553,1.5,22.025300558366553
557,Larry Pinkard,WR,25,2017,23.525300558366553,1.5,22.025300558366553
545,Larry Pinkard,WR,25,2017,23.525300558366553,1.5,22.025300558366553
537,Larry Pinkard,WR,25,2017,11.351574959739537,1.5,9.851574959739537
