,Player,Position,Age,Year,Model_Projection_Points,Actual_Points,Model_v_Actual_Delta
549,Larry Pinkard,WR,25,2017,21.485521207481693,1.5,19.985521207481693
541,Larry Pinkard,WR,25,2017,21.485521207481693,1.5,19.985521207481693
569,Larry Pinkard,WR,25,2017,21.485521207481693,1.5,19.985521207481693
545,Larry Pinkard,WR,25,2017,21.485521207481693,1.5,19.985521207481693
557,Larry Pinkard,WR,25,2017,21.485521207481693,1.5,19.985521207481693
561,Larry Pinkard,WR,25,2017,21.485521207481693,1.5,19.985521207481693
553,Larry Pinkard,WR,25,2017,21.485521207481693,1.5,19.985521207481693
565,Larry Pinkard,WR,25,2017,21.485521207481693,1.5,19.985521207481693
537,Larry Pinkard,WR,25,2017,14.122984857466372,1.5,12.622984857466372
