,Player,Position,Age,Year,Model_Projection_Points,Actual_Points,Model_v_Actual_Delta
549,Larry Pinkard,WR,25,2017,15.178174942635694,1.5,13.678174942635694
545,Larry Pinkard,WR,25,2017,15.178174942635694,1.5,13.678174942635694
565,Larry Pinkard,WR,25,2017,15.178174942635694,1.5,13.678174942635694
553,Larry Pinkard,WR,25,2017,15.178174942635694,1.5,13.678174942635694
541,Larry Pinkard,WR,25,2017,15.178174942635694,1.5,13.678174942635694
561,Larry Pinkard,WR,25,2017,15.178174942635694,1.5,13.678174942635694
557,Larry Pinkard,WR,25,2017,15.178174942635694,1.5,13.678174942635694
569,Larry Pinkard,WR,25,2017,15.178174942635694,1.5,13.678174942635694
537,Larry Pinkard,WR,25,2017,9.810680771151057,1.5,8.310680771151057
