,Unnamed: 0,Player,Position,School,Wt,40yd,Vertical,Bench,BroadJump,3Cone,Shuttle,Combine_Year,Ft,In,Ht,Unnamed: 15
0,0,Cal Adomitis,LS,Pittsburgh,235,4.97,29.5,18.0,107.0,7.53,4.62,2022,6,2,6.166666667,0.0
1,1,Austin Allen,TE,Nebraska,253,4.83,34.0,0.0,121.0,7.0,4.26,2022,6,8,6.666666667,0.0
2,2,Chase Allen,TE,Iowa St.,251,0.0,33.5,0.0,117.0,7.03,4.43,2022,6,6,6.5,0.0
3,3,Christopher Allen,EDGE,Alabama,241,0.0,0.0,0.0,0.0,0.0,0.0,2022,6,4,6.333333333,0.0
4,4,Tyler Allgeier,RB,BYU,224,4.6,33.0,0.0,120.0,0.0,0.0,2022,5,11,5.916666667,0.0
5,5,Troy Andersen,LB,Montana St.,243,4.42,36.0,0.0,128.0,0.0,0.0,2022,6,4,6.333333333,0.0
6,6,Tycen Anderson,S,Toledo,209,4.36,35.5,0.0,123.0,6.64,4.28,2022,6,2,6.166666667,0.0
7,7,Blaise Andries,OG,Minnesota,308,5.1,30.5,0.0,106.0,7.84,4.68,2022,6,6,6.5,0.0
8,8,Matt Araiza,P,San Diego St.,200,4.68,32.0,0.0,121.0,0.0,0.0,2022,6,1,6.083333333,0.0
9,9,Jalyn Armour-Davis,CB,Alabama,197,4.39,34.5,14.0,0.0,0.0,0.0,2022,6,1,6.083333333,0.0
10,10,Brian Asamoah,LB,Oklahoma,226,4.56,36.5,0.0,124.0,0.0,0.0,2022,6,0,6.0,0.0
11,11,Calvin Austin,WR,Memphis,170,4.32,39.0,0.0,135.0,6.65,4.07,2022,5,8,5.666666667,0.0
12,12,Tyler Badie,RB,Missouri,197,4.45,33.5,0.0,121.0,0.0,0.0,2022,5,8,5.666666667,0.0
13,13,Kalon Barnes,CB,Baylor,183,4.23,0.0,0.0,0.0,0.0,0.0,2022,6,0,6.0,0.0
14,14,Amaré Barno,EDGE,Virginia Tech,246,4.36,37.0,0.0,131.0,0.0,4.45,2022,6,5,6.416666667,0.0
15,15,Darrian Beavers,LB,Cincinnati,237,0.0,36.5,0.0,125.0,6.91,0.0,2022,6,4,6.333333333,0.0
16,16,Markquese Bell,S,Florida A&M,212,4.41,36.5,0.0,123.0,0.0,4.46,2022,6,2,6.166666667,0.0
17,17,David Bell,WR,Purdue,212,4.65,33.0,0.0,118.0,7.14,4.57,2022,6,1,6.083333333,0.0
18,18,Greg Bell,RB,San Diego St.,201,0.0,31.0,17.0,120.0,0.0,0.0,2022,5,11,5.916666667,0.0
19,19,Daniel Bellinger,TE,San Diego St.,253,4.63,34.5,22.0,125.0,7.05,4.47,2022,6,5,6.416666667,0.0
20,20,Dane Belton,S,Iowa,205,4.43,36.5,0.0,123.0,7.01,4.24,2022,6,1,6.083333333,0.0
21,21,Terrel Bernard,LB,Baylor,224,0.0,35.5,22.0,123.0,7.03,4.25,2022,6,1,6.083333333,0.0
22,22,Bubba Bolden,S,Miami,209,4.47,0.0,0.0,116.0,0.0,0.0,2022,6,2,6.166666667,0.0
23,23,Slade Bolden,WR,Alabama,193,4.66,32.0,0.0,116.0,0.0,0.0,2022,5,11,5.916666667,0.0
24,24,Nik Bonitto,EDGE,Oklahoma,248,4.54,35.5,0.0,120.0,7.07,4.23,2022,6,3,6.25,0.0
25,25,Thomas Booker,DT,Stanford,301,4.94,0.0,0.0,110.0,7.33,4.41,2022,6,3,6.25,0.0
26,26,Andrew Booth,CB,Clemson,194,0.0,0.0,0.0,0.0,0.0,0.0,2022,6,0,6.0,0.0
27,27,Max Borghi,RB,Washington St.,210,0.0,0.0,20.0,0.0,0.0,0.0,2022,5,9,5.75,0.0
28,28,Jaquan Brisker,S,Penn St.,199,4.49,34.5,22.0,124.0,0.0,0.0,2022,6,1,6.083333333,0.0
29,29,Gabe Brkic,K,Oklahoma,197,0.0,0.0,0.0,0.0,0.0,0.0,2022,6,2,6.166666667,0.0
30,30,Kennedy Brooks,RB,Oklahoma,209,4.59,31.0,0.0,120.0,0.0,0.0,2022,5,11,5.916666667,0.0
31,31,Ben Brown,C,Mississippi,312,0.0,0.0,0.0,0.0,0.0,0.0,2022,6,5,6.416666667,0.0
32,32,Leddie Brown,RB,West Virginia,213,4.64,30.0,0.0,118.0,0.0,0.0,2022,6,0,6.0,0.0
33,33,Montaric Brown,CB,Arkansas,196,4.55,0.0,0.0,0.0,0.0,0.0,2022,6,0,6.0,0.0
34,34,Logan Bruss,OG,Wisconsin,309,5.32,31.0,0.0,112.0,7.57,4.55,2022,6,5,6.416666667,0.0
35,35,Coby Bryant,CB,Cincinnati,193,4.54,0.0,17.0,0.0,0.0,0.0,2022,6,1,6.083333333,0.0
36,36,Spencer Burford,OG,Texas-San Antonio,304,5.19,27.5,0.0,105.0,0.0,4.73,2022,6,4,6.333333333,0.0
37,37,Treylon Burks,WR,Arkansas,225,4.55,33.0,0.0,122.0,7.28,0.0,2022,6,2,6.166666667,0.0
38,38,Darien Butler,LB,Arizona St.,221,0.0,0.0,0.0,0.0,7.47,0.0,2022,5,10,5.833333333,0.0
39,39,Matthew Butler,DT,Tennessee,297,5.0,32.0,17.0,112.0,7.89,4.81,2022,6,4,6.333333333,0.0
40,40,Percy Butler,S,Louisiana,194,4.36,31.5,0.0,123.0,0.0,0.0,2022,6,0,6.0,0.0
41,41,Grant Calcaterra,TE,SMU,241,4.62,0.0,20.0,0.0,0.0,0.0,2022,6,4,6.333333333,0.0
42,42,Jake Camarda,P,Georgia,193,4.56,0.0,0.0,0.0,0.0,0.0,2022,6,1,6.083333333,0.0
43,43,Chance Campbell,LB,Mississippi,232,4.57,39.5,0.0,127.0,0.0,0.0,2022,6,2,6.166666667,0.0
44,44,Ja'Tyre Carter,OG,Southern,311,5.13,30.0,0.0,108.0,7.84,4.9,2022,6,3,6.25,0.0
45,45,Zachary Carter,DE,Florida,282,4.99,27.5,19.0,110.0,0.0,0.0,2022,6,4,6.333333333,0.0
46,46,Tariq Castro-Fields,CB,Penn St.,197,4.38,0.0,0.0,0.0,0.0,0.0,2022,6,1,6.083333333,0.0
47,47,Tykevious Chandler,RB,North Carolina,204,4.38,31.0,0.0,121.0,0.0,0.0,2022,5,11,5.916666667,0.0
48,48,Leo Chenal,LB,Wisconsin,250,4.53,40.5,0.0,128.0,0.0,0.0,2022,6,3,6.25,0.0
49,49,Lewis Cine,S,Georgia,199,4.37,36.5,0.0,133.0,0.0,0.0,2022,6,2,6.166666667,0.0
50,51,Damone Clark,LB,LSU,239,4.57,36.5,0.0,127.0,7.12,0.0,2022,6,3,6.25,0.0
51,52,Micheal Clemons,DE,Texas A&M,263,0.0,0.0,24.0,116.0,0.0,0.0,2022,6,5,6.416666667,0.0
52,53,Jack Coan,QB,Notre Dame,218,4.9,33.0,0.0,115.0,6.95,4.39,2022,6,3,6.25,0.0
53,54,Qwynnterrio Cole,S,Louisville,206,0.0,0.0,16.0,0.0,0.0,0.0,2022,6,0,6.0,0.0
54,55,Snoop Conner,RB,Mississippi,222,4.59,29.5,25.0,118.0,0.0,0.0,2022,5,10,5.833333333,0.0
55,56,Bryan Cook,S,Cincinnati,206,0.0,0.0,0.0,0.0,0.0,0.0,2022,6,1,6.083333333,0.0
56,57,James Cook,RB,Georgia,199,4.42,33.0,0.0,124.0,0.0,0.0,2022,5,11,5.916666667,0.0
57,58,Jashaun Corbin,RB,Florida St.,202,0.0,0.0,0.0,0.0,0.0,0.0,2022,5,11,5.916666667,0.0
58,59,Yusuf Corker,S,Kentucky,203,0.0,0.0,23.0,0.0,0.0,0.0,2022,6,0,6.0,0.0
59,60,Matt Corral,QB,Mississippi,212,0.0,0.0,0.0,0.0,0.0,0.0,2022,6,2,6.166666667,0.0
60,61,Charles Cross,OT,Mississippi St.,307,4.95,26.0,0.0,112.0,7.88,4.61,2022,6,5,6.416666667,0.0
61,62,Nick Cross,S,Maryland,212,4.34,37.0,0.0,130.0,0.0,0.0,2022,6,0,6.0,0.0
62,63,Dustin Crum,QB,Kent St.,210,4.75,32.5,0.0,120.0,0.0,4.36,2022,6,1,6.083333333,0.0
63,64,Myron Cunningham,OT,Arkansas,320,5.38,20.0,0.0,98.0,8.5,5.16,2022,6,5,6.416666667,0.0
64,65,DJ Davidson,DT,Arizona St.,327,0.0,28.0,23.0,0.0,7.85,4.72,2022,6,3,6.25,0.0
65,66,Jordan Davis,DT,Georgia,341,4.78,32.0,0.0,123.0,0.0,0.0,2022,6,6,6.5,0.0
66,67,Kalia Davis,DT,Central Florida,302,0.0,0.0,0.0,0.0,0.0,0.0,2022,6,1,6.083333333,0.0
67,68,Tyrion Davis-Price,RB,LSU,211,4.48,30.0,0.0,117.0,0.0,0.0,2022,6,0,6.0,0.0
68,69,Nakobe Dean,LB,Georgia,229,0.0,0.0,0.0,0.0,0.0,0.0,2022,5,11,5.916666667,0.0
69,70,Dawson Deaton,C,Texas Tech,306,5.12,29.0,24.0,108.0,7.52,4.49,2022,6,6,6.5,0.0
70,71,Austin Deculus,OT,LSU,321,5.08,28.5,0.0,109.0,0.0,4.99,2022,6,5,6.416666667,0.0
71,72,Cameron Dicker,K,Texas,220,0.0,0.0,0.0,0.0,0.0,0.0,2022,6,1,6.083333333,0.0
72,73,Kellen Diesch,OT,Arizona St.,301,4.89,32.5,0.0,110.0,7.77,4.43,2022,6,7,6.583333333,0.0
73,74,Dai'Jean Dixon,WR,Nicholls St.,205,4.62,34.0,0.0,125.0,7.28,4.42,2022,6,3,6.25,0.0
74,75,JoJo Domann,LB,Nebraska,228,4.62,34.5,0.0,119.0,0.0,0.0,2022,6,1,6.083333333,0.0
75,76,Jahan Dotson,WR,Penn St.,178,4.43,36.0,0.0,121.0,7.28,0.0,2022,5,11,5.916666667,0.0
76,77,Romeo Doubs,WR,Nevada,201,0.0,0.0,0.0,0.0,0.0,0.0,2022,6,2,6.166666667,0.0
77,78,Dontario Drummond,WR,Mississippi,215,4.65,34.0,0.0,122.0,0.0,0.0,2022,6,1,6.083333333,0.0
78,79,Greg Dulcich,TE,UCLA,243,4.69,34.0,16.0,122.0,7.05,4.37,2022,6,4,6.333333333,0.0
79,80,William Dunkle,OG,San Diego St.,328,5.44,26.0,25.0,95.0,7.97,4.91,2022,6,5,6.416666667,0.0
80,81,Cobie Durant,CB,South Carolina St.,180,4.38,0.0,0.0,0.0,0.0,0.0,2022,5,10,5.833333333,0.0
81,82,Jerrion Ealy,RB,Mississippi,189,4.52,34.5,0.0,128.0,0.0,0.0,2022,5,8,5.666666667,0.0
82,83,Arnold Ebiketie,EDGE,Penn St.,250,0.0,38.0,21.0,128.0,0.0,0.0,2022,6,2,6.166666667,0.0
83,84,Trestan Ebner,RB,Baylor,206,4.43,30.0,0.0,0.0,0.0,0.0,2022,5,11,5.916666667,0.0
84,85,Ikem Ekwonu,OT,North Carolina St.,310,4.93,29.0,0.0,108.0,7.82,4.73,2022,6,4,6.333333333,0.0
85,86,Kaiir Elam,CB,Florida,191,4.39,0.0,0.0,0.0,0.0,0.0,2022,6,2,6.166666667,0.0
86,87,Kaleb Eleby,QB,Western Michigan,208,0.0,25.5,0.0,111.0,7.57,0.0,2022,6,1,6.083333333,0.0
87,88,Noah Elliss,DT,Idaho,346,5.66,0.0,0.0,0.0,0.0,0.0,2022,6,4,6.333333333,0.0
88,89,Martin Emerson,CB,Mississippi St.,201,4.53,0.0,0.0,0.0,0.0,0.0,2022,6,2,6.166666667,0.0
89,90,Kingsley Enagbare,DE,South Carolina,258,4.87,36.5,0.0,117.0,0.0,0.0,2022,6,4,6.333333333,0.0
90,91,Akayleb Evans,CB,Missouri,197,4.46,36.0,0.0,129.0,0.0,0.0,2022,6,2,6.166666667,0.0
91,92,Obinna Eze,OT,TCU,321,5.17,27.5,18.0,104.0,8.2,5.08,2022,6,7,6.583333333,0.0
92,93,Joshua Ezeudu,OG,North Carolina,308,5.19,28.5,0.0,105.0,7.83,4.56,2022,6,4,6.333333333,0.0
93,94,Erik Ezukanma,WR,Texas Tech,209,0.0,36.5,0.0,126.0,0.0,4.38,2022,6,2,6.166666667,0.0
94,95,Daniel Faalele,OT,Minnesota,384,0.0,0.0,24.0,0.0,0.0,0.0,2022,6,8,6.666666667,0.0
95,96,Neil Farrell,DT,LSU,330,5.41,21.5,0.0,0.0,8.41,0.0,2022,6,4,6.333333333,0.0
96,97,Jake Ferguson,TE,Wisconsin,250,4.81,31.5,15.0,118.0,7.03,4.48,2022,6,5,6.416666667,0.0
97,98,DaMarcus Fields,CB,Texas Tech,193,4.48,34.5,0.0,0.0,0.0,0.0,2022,6,0,6.0,0.0
98,99,Cordale Flott,CB,LSU,175,0.0,0.0,0.0,0.0,0.0,0.0,2022,6,1,6.083333333,0.0
99,100,Jerome Ford,RB,Cincinnati,210,4.46,31.0,0.0,118.0,0.0,0.0,2022,5,11,5.916666667,0.0
100,102,Jonathan Ford,DT,Miami,333,0.0,29.0,0.0,102.0,0.0,0.0,2022,6,5,6.416666667,0.0
101,103,Luke Fortner,C,Kentucky,307,5.21,24.0,0.0,102.0,7.75,4.95,2022,6,4,6.333333333,0.0
102,104,Ty Fryfogle,WR,Indiana,204,4.53,39.0,0.0,127.0,0.0,0.0,2022,6,1,6.083333333,0.0
103,105,Ahmad Gardner,CB,Cincinnati,190,4.41,0.0,0.0,0.0,0.0,0.0,2022,6,3,6.25,0.0
104,106,Haskell Garrett,DT,Ohio St.,300,5.07,24.0,0.0,0.0,0.0,0.0,2022,6,2,6.166666667,0.0
105,107,Jeremiah Gemmel,LB,North Carolina,226,0.0,0.0,0.0,0.0,0.0,0.0,2022,6,1,6.083333333,0.0
106,108,Trenton Gill,P,North Carolina St.,220,0.0,0.0,0.0,0.0,0.0,0.0,2022,6,4,6.333333333,0.0
107,109,Luke Goedeke,OG,Central Michigan,312,0.0,0.0,26.0,0.0,0.0,0.0,2022,6,5,6.416666667,0.0
108,110,Mario Goodrich,CB,Clemson,176,4.52,0.0,0.0,0.0,0.0,0.0,2022,6,0,6.0,0.0
109,111,Tyler Goodson,RB,Iowa,197,4.42,36.5,0.0,123.0,0.0,0.0,2022,5,9,5.75,0.0
110,112,Kyler Gordon,CB,Washington,194,4.52,0.0,0.0,0.0,0.0,0.0,2022,6,0,6.0,0.0
111,113,Isaiah Graham-Mobley,LB,Boston Col.,230,4.63,34.5,0.0,124.0,0.0,0.0,2022,6,1,6.083333333,0.0
112,114,Danny Gray,WR,SMU,186,4.33,34.0,0.0,126.0,0.0,0.0,2022,6,0,6.0,0.0
113,115,Vincent Gray,CB,Michigan,192,4.54,0.0,0.0,0.0,0.0,0.0,2022,6,2,6.166666667,0.0
114,116,Kenyon Green,OG,Texas A&M,323,5.24,26.0,20.0,102.0,0.0,5.12,2022,6,4,6.333333333,0.0
115,117,Jeffrey Gunter,EDGE,Coastal Carolina,258,4.7,35.5,0.0,122.0,7.21,4.35,2022,6,4,6.333333333,0.0
116,118,Breece Hall,RB,Iowa St.,217,4.39,40.0,0.0,126.0,0.0,0.0,2022,5,11,5.916666667,0.0
117,119,Jeremiah Hall,TE,Oklahoma,239,4.96,29.0,19.0,111.0,7.43,4.62,2022,6,2,6.166666667,0.0
118,120,Logan Hall,DE,Houston,283,4.88,30.0,0.0,0.0,7.25,4.44,2022,6,6,6.5,0.0
119,121,Kyle Hamilton,S,Notre Dame,220,4.59,38.0,0.0,131.0,6.9,4.32,2022,6,4,6.333333333,0.0
120,122,Jake Hansen,LB,Illinois,238,0.0,0.0,21.0,0.0,0.0,0.0,2022,6,1,6.083333333,0.0
121,123,Aaron Hansford,LB,Texas A&M,239,0.0,0.0,24.0,0.0,0.0,0.0,2022,6,2,6.166666667,0.0
122,124,Christian Harris,LB,Alabama,226,4.44,34.5,0.0,132.0,0.0,0.0,2022,6,1,6.083333333,0.0
123,125,Kevin Harris,RB,South Carolina,221,0.0,38.5,21.0,126.0,0.0,0.0,2022,5,10,5.833333333,0.0
124,126,Kolby Harvell-Peel,S,Oklahoma St.,213,0.0,0.0,21.0,0.0,0.0,0.0,2022,6,0,6.0,0.0
125,127,Hassan Haskins,RB,Michigan,228,0.0,0.0,27.0,0.0,0.0,0.0,2022,6,2,6.166666667,0.0
126,128,Blake Hayes,P,Illinois,226,0.0,0.0,0.0,0.0,0.0,0.0,2022,6,4,6.333333333,0.0
127,129,Marquis Hayes,OG,Oklahoma,318,5.3,23.5,0.0,102.0,0.0,0.0,2022,6,5,6.416666667,0.0
128,130,Peyton Hendershot,TE,Indiana,250,4.8,32.5,0.0,117.0,0.0,4.25,2022,6,4,6.333333333,0.0
129,131,Connor Heyward,TE,Michigan St.,233,4.72,32.5,0.0,0.0,0.0,0.0,2022,5,11,5.916666667,0.0
130,132,Daxton Hill,S,Michigan,191,4.38,33.5,0.0,121.0,6.57,4.06,2022,6,0,6.0,0.0
131,133,Chasen Hines,C,LSU,327,5.22,30.5,0.0,108.0,0.0,0.0,2022,6,3,6.25,0.0
132,134,Christopher Hinton,DT,Michigan,305,5.28,31.5,0.0,106.0,0.0,0.0,2022,6,4,6.333333333,0.0
133,135,Curtis Hodges,TE,Arizona St.,257,4.85,34.5,0.0,117.0,7.14,4.28,2022,6,8,6.666666667,0.0
134,136,Sam Howell,QB,North Carolina,218,0.0,0.0,0.0,0.0,0.0,0.0,2022,6,1,6.083333333,0.0
135,137,Aidan Hutchinson,DE,Michigan,260,4.74,36.0,0.0,117.0,6.73,4.15,2022,6,7,6.583333333,0.0
136,138,Jermaine Johnson II,DE,Florida St.,254,4.58,32.0,0.0,125.0,0.0,0.0,2022,6,5,6.416666667,0.0
137,139,Johnny Johnson III,WR,Oregon,197,4.6,32.0,0.0,121.0,7.21,4.54,2022,6,0,6.0,0.0
138,140,Verone McKinley III,S,Oregon,198,0.0,35.0,16.0,120.0,0.0,0.0,2022,5,10,5.833333333,0.0
139,141,Ed Ingram,OG,LSU,307,5.02,20.5,0.0,102.0,7.81,4.76,2022,6,3,6.25,0.0
140,142,Keaontay Ingram,RB,USC,221,4.53,34.5,0.0,122.0,0.0,0.0,2022,6,0,6.0,0.0
141,143,D'Marco Jackson,LB,Appalachian St.,233,4.55,33.0,0.0,125.0,0.0,0.0,2022,6,1,6.083333333,0.0
142,144,Drake Jackson,EDGE,USC,254,0.0,36.5,0.0,127.0,0.0,0.0,2022,6,3,6.25,0.0
143,145,Jordan Jackson,DT,Air Force,294,0.0,0.0,0.0,0.0,0.0,0.0,2022,6,5,6.416666667,0.0
144,146,Joshua Jobe,CB,Alabama,182,0.0,0.0,0.0,0.0,0.0,0.0,2022,6,0,6.0,0.0
145,147,Josh Johnson,WR,Tulsa,183,0.0,0.0,14.0,0.0,0.0,0.0,2022,5,11,5.916666667,0.0
146,148,Tyree Johnson,EDGE,Texas A&M,248,0.0,0.0,21.0,0.0,0.0,0.0,2022,6,3,6.25,0.0
147,149,Zion Johnson,OG,Boston Col.,312,5.18,32.0,32.0,112.0,7.38,4.46,2022,6,3,6.25,0.0
148,150,Braxton Jones,OT,Southern Utah St.,310,4.97,25.5,0.0,108.0,0.0,4.84,2022,6,5,6.416666667,0.0
149,151,Jack Jones,CB,Arizona St.,171,4.51,0.0,0.0,0.0,0.0,0.0,2022,5,11,5.916666667,0.0
150,153,Marcus Jones,CB,Houston,174,0.0,0.0,0.0,0.0,0.0,0.0,2022,5,8,5.666666667,0.0
151,154,Travis Jones,DT,Connecticut,325,4.92,28.5,0.0,110.0,7.33,4.58,2022,6,4,6.333333333,0.0
152,155,Velus Jones,WR,Tennessee,204,4.31,33.0,0.0,121.0,0.0,0.0,2022,6,0,6.0,0.0
153,156,Kerby Joseph,S,Illinois,203,0.0,38.5,18.0,123.0,0.0,0.0,2022,6,1,6.083333333,0.0
154,157,Kevin Austin Jr.,WR,Notre Dame,200,4.43,39.0,0.0,132.0,6.71,4.15,2022,6,2,6.166666667,0.0
155,158,Reggie Roberson Jr.,WR,SMU,192,0.0,29.0,0.0,114.0,0.0,0.0,2022,5,11,5.916666667,0.0
156,159,Cameron Jurgens,C,Nebraska,303,4.92,0.0,25.0,0.0,0.0,0.0,2022,6,3,6.25,0.0
157,160,George Karlaftis,EDGE,Purdue,266,0.0,38.0,21.0,121.0,0.0,4.36,2022,6,4,6.333333333,0.0
158,161,Cole Kelley,QB,Southeastern Louisiana,249,0.0,0.0,0.0,0.0,0.0,0.0,2022,6,7,6.583333333,0.0
159,162,Derion Kendrick,CB,Georgia,194,0.0,0.0,0.0,0.0,0.0,0.0,2022,6,0,6.0,0.0
160,163,D'Eriq King,QB,Miami,196,0.0,0.0,0.0,0.0,0.0,0.0,2022,5,9,5.75,0.0
161,164,Darian Kinnard,OG,Kentucky,322,5.31,25.0,0.0,99.0,8.11,4.96,2022,6,5,6.416666667,0.0
162,165,Zonovan Knight,RB,North Carolina St.,209,4.58,31.0,0.0,114.0,0.0,0.0,2022,5,11,5.916666667,0.0
163,166,Charlie Kolar,TE,Iowa St.,252,0.0,0.0,0.0,0.0,0.0,0.0,2022,6,7,6.583333333,0.0
164,167,Quentin Lake,S,UCLA,201,4.59,0.0,0.0,0.0,0.0,0.0,2022,6,1,6.083333333,0.0
165,168,Nate Landman,LB,Colorado,238,4.86,36.5,0.0,119.0,0.0,0.0,2022,6,3,6.25,0.0
166,169,DeMarvin Leal,DT,Texas A&M,283,5.0,27.5,0.0,106.0,0.0,4.49,2022,6,4,6.333333333,0.0
167,170,Isaiah Likely,TE,Coastal Carolina,245,0.0,36.0,0.0,0.0,0.0,4.57,2022,6,5,6.416666667,0.0
168,171,Tyler Linderbaum,C,Iowa,296,0.0,0.0,0.0,0.0,0.0,0.0,2022,6,2,6.166666667,0.0
169,172,Alec Lindstrom,C,Boston Col.,296,5.18,29.0,25.0,111.0,7.5,4.66,2022,6,3,6.25,0.0
170,173,Devin Lloyd,LB,Utah,237,4.66,35.0,25.0,126.0,0.0,0.0,2022,6,3,6.25,0.0
171,174,Drake London,WR,USC,219,0.0,0.0,0.0,0.0,0.0,0.0,2022,6,4,6.333333333,0.0
172,175,Vederian Lowe,OT,Illinois,314,5.22,25.5,0.0,99.0,7.83,4.71,2022,6,5,6.416666667,0.0
173,176,Abraham Lucas,OT,Washington St.,315,4.92,27.0,24.0,107.0,7.25,4.4,2022,6,6,6.5,0.0
174,177,Chase Lucas,CB,Arizona St.,180,4.48,39.0,0.0,128.0,0.0,0.0,2022,5,11,5.916666667,0.0
175,178,Jesse Luketa,LB,Penn St.,253,4.89,37.5,0.0,114.0,0.0,0.0,2022,6,3,6.25,0.0
176,179,Boye Mafe,EDGE,Minnesota,261,4.53,38.0,0.0,125.0,0.0,0.0,2022,6,4,6.333333333,0.0
177,180,DeAngelo Malone,EDGE,Western Kentucky,243,0.0,0.0,23.0,0.0,0.0,0.0,2022,6,3,6.25,0.0
178,181,Damarri Mathis,CB,Pittsburgh,196,4.39,0.0,0.0,0.0,0.0,0.0,2022,5,11,5.916666667,0.0
179,182,Phidarian Mathis,DT,Alabama,310,0.0,23.5,0.0,109.0,0.0,4.91,2022,6,4,6.333333333,0.0
180,183,Cade Mays,OG,Tennessee,311,5.24,26.0,0.0,102.0,7.57,4.71,2022,6,5,6.416666667,0.0
181,184,Trey McBride,TE,Colorado St.,246,0.0,33.0,18.0,117.0,0.0,0.0,2022,6,4,6.333333333,0.0
182,185,Marquan McCall,DT,Kentucky,342,0.0,0.0,0.0,0.0,0.0,0.0,2022,6,3,6.25,0.0
183,186,Zakoby McClain,LB,Auburn,228,4.69,33.0,0.0,117.0,0.0,0.0,2022,5,11,5.916666667,0.0
184,187,Zyon McCollum,CB,Sam Houston St.,199,4.33,39.5,0.0,132.0,6.48,3.94,2022,6,2,6.166666667,0.0
185,188,Sincere McCormick,RB,Texas-San Antonio,205,4.6,33.5,0.0,116.0,0.0,0.0,2022,5,9,5.75,0.0
186,189,Roger McCreary,CB,Auburn,190,4.5,0.0,0.0,0.0,0.0,0.0,2022,5,11,5.916666667,0.0
187,190,Trent McDuffie,CB,Washington,193,4.44,0.0,0.0,0.0,0.0,0.0,2022,5,11,5.916666667,0.0
188,191,Micah McFadden,LB,Indiana,240,0.0,0.0,21.0,0.0,0.0,0.0,2022,6,1,6.083333333,0.0
189,192,Marcus McKethan,OG,North Carolina,340,5.31,27.5,27.0,110.0,7.81,4.99,2022,6,7,6.583333333,0.0
190,193,Bo Melton,WR,Rutgers,189,4.34,38.0,0.0,121.0,6.98,0.0,2022,5,11,5.916666667,0.0
191,194,John Metchie,WR,Alabama,187,0.0,0.0,0.0,0.0,0.0,0.0,2022,5,11,5.916666667,0.0
192,195,James Mitchell,TE,Virginia Tech,249,0.0,0.0,0.0,0.0,0.0,0.0,2022,6,4,6.333333333,0.0
193,196,Max Mitchell,OT,Louisiana,307,5.32,25.0,0.0,106.0,8.09,4.65,2022,6,6,6.5,0.0
194,197,Smoke Monday,S,Auburn,207,4.52,0.0,0.0,124.0,7.0,0.0,2022,6,2,6.166666667,0.0
195,198,Jeremiah Moon,LB,Florida,249,4.76,40.5,0.0,133.0,7.09,4.55,2022,6,5,6.416666667,0.0
196,199,Skyy Moore,WR,Western Michigan,195,4.41,34.5,0.0,125.0,7.13,4.32,2022,5,10,5.833333333,0.0
197,200,Chad Muma,LB,Wyoming,239,4.63,40.0,27.0,129.0,7.06,4.28,2022,6,3,6.25,0.0
198,201,Thayer Munford,OT,Ohio St.,328,5.39,22.0,0.0,104.0,0.0,0.0,2022,6,6,6.5,0.0
199,202,Jalen Nailor,WR,Michigan St.,186,4.5,38.0,0.0,128.0,7.03,4.28,2022,5,11,5.916666667,0.0
200,204,Evan Neal,OT,Alabama,337,0.0,0.0,0.0,0.0,0.0,0.0,2022,6,8,6.666666667,0.0
201,205,Leon O'Neal,S,Texas A&M,204,0.0,35.0,15.0,125.0,6.89,0.0,2022,6,1,6.083333333,0.0
202,206,Otito Ogbonnia,DT,UCLA,324,0.0,0.0,29.0,0.0,0.0,0.0,2022,6,4,6.333333333,0.0
203,207,David Ojabo,EDGE,Michigan,250,4.55,35.0,0.0,122.0,0.0,4.45,2022,6,4,6.333333333,0.0
204,208,Chigoziem Okonkwo,TE,Maryland,238,4.52,35.5,0.0,0.0,0.0,0.0,2022,6,3,6.25,0.0
205,209,Chris Olave,WR,Ohio St.,187,4.39,32.0,0.0,124.0,0.0,0.0,2022,6,0,6.0,0.0
206,210,Esezi Otomewo,DE,Minnesota,282,0.0,0.0,0.0,0.0,0.0,0.0,2022,6,5,6.416666667,0.0
207,211,Cade Otton,TE,Washington,247,0.0,0.0,0.0,0.0,0.0,0.0,2022,6,5,6.416666667,0.0
208,212,Isiah Pacheco,RB,Rutgers,216,4.37,33.0,0.0,118.0,0.0,0.0,2022,5,10,5.833333333,0.0
209,213,Dylan Parham,OG,Memphis,311,4.93,26.5,0.0,108.0,7.78,4.7,2022,6,3,6.25,0.0
210,214,Joshua Paschal,DE,Kentucky,268,4.77,37.5,0.0,123.0,0.0,0.0,2022,6,3,6.25,0.0
211,215,Chris Paul,OG,Tulsa,323,4.89,27.0,0.0,109.0,7.74,4.83,2022,6,4,6.333333333,0.0
212,216,Jayden Peevy,DT,Texas A&M,308,5.3,27.0,0.0,100.0,0.0,0.0,2022,6,5,6.416666667,0.0
213,217,Trevor Penning,OT,Northern Iowa,325,4.89,28.0,0.0,111.0,7.25,4.62,2022,6,7,6.583333333,0.0
214,218,EJ Perry,QB,Brown,211,4.65,34.5,0.0,123.0,6.85,4.18,2022,6,2,6.166666667,0.0
215,219,Nicholas Petit-Frere,OT,Ohio St.,316,5.14,24.5,0.0,103.0,0.0,0.0,2022,6,5,6.416666667,0.0
216,220,Kyle Philips,WR,UCLA,189,4.58,33.5,0.0,124.0,0.0,0.0,2022,5,11,5.916666667,0.0
217,221,George Pickens,WR,Georgia,195,4.47,33.0,0.0,125.0,0.0,0.0,2022,6,3,6.25,0.0
218,222,Kenny Pickett,QB,Pittsburgh,217,4.73,33.5,0.0,121.0,0.0,4.29,2022,6,3,6.25,0.0
219,223,Alec Pierce,WR,Cincinnati,211,4.41,40.5,0.0,129.0,7.13,4.28,2022,6,3,6.25,0.0
220,224,Dameon Pierce,RB,Florida,218,4.59,34.5,21.0,119.0,0.0,0.0,2022,5,10,5.833333333,0.0
221,225,Jalen Pitre,S,Baylor,198,0.0,35.0,16.0,0.0,6.74,4.18,2022,5,11,5.916666667,0.0
222,226,Makai Polk,WR,Mississippi St.,195,4.59,31.0,0.0,119.0,0.0,4.36,2022,6,3,6.25,0.0
223,227,D'vonte Price,RB,Florida International,210,4.38,34.0,0.0,119.0,0.0,0.0,2022,6,1,6.083333333,0.0
224,228,Brock Purdy,QB,Iowa St.,212,4.84,27.0,0.0,0.0,7.21,4.45,2022,6,1,6.083333333,0.0
225,229,Teagan Quitoriano,TE,Oregon St.,258,0.0,0.0,22.0,0.0,0.0,0.0,2022,6,6,6.5,0.0
226,230,Bernhard Raimann,OT,Central Michigan,303,5.05,30.5,30.0,117.0,7.46,4.49,2022,6,6,6.5,0.0
227,231,Charleston Rambo,WR,Miami,177,4.57,33.5,0.0,118.0,0.0,0.0,2022,6,1,6.083333333,0.0
228,232,LaBryan Ray,DT,Alabama,283,0.0,0.0,0.0,0.0,0.0,0.0,2022,6,4,6.333333333,0.0
229,233,Sean Rhyan,OG,UCLA,321,5.25,33.5,0.0,110.0,7.55,4.81,2022,6,5,6.416666667,0.0
230,234,Desmond Ridder,QB,Cincinnati,211,4.52,36.0,0.0,127.0,7.15,4.29,2022,6,3,6.25,0.0
231,235,John Ridgeway,DT,Arkansas,321,5.3,0.0,0.0,101.0,0.0,4.73,2022,6,5,6.416666667,0.0
232,236,Ronnie Rivers,RB,Fresno St.,195,4.6,36.5,0.0,119.0,0.0,0.0,2022,5,8,5.666666667,0.0
233,237,Brian Robinson,RB,Alabama,225,4.53,30.0,0.0,119.0,0.0,0.0,2022,6,2,6.166666667,0.0
234,238,Dominique Robinson,EDGE,Miami (Ohio),253,4.72,41.0,25.0,121.0,0.0,0.0,2022,6,5,6.416666667,0.0
235,239,Tyrese Robinson,OG,Oklahoma,317,5.25,22.5,0.0,100.0,8.35,4.94,2022,6,3,6.25,0.0
236,240,Wan'Dale Robinson,WR,Kentucky,178,4.44,34.5,0.0,118.0,0.0,0.0,2022,5,8,5.666666667,0.0
237,241,Malcolm Rodriguez,LB,Oklahoma St.,232,4.52,39.5,0.0,120.0,0.0,0.0,2022,5,11,5.916666667,0.0
238,242,Mike Rose,LB,Iowa St.,245,0.0,34.0,0.0,121.0,0.0,0.0,2022,6,4,6.333333333,0.0
239,243,Dare Rosenthal,OT,Kentucky,290,4.88,0.0,0.0,0.0,0.0,0.0,2022,6,7,6.583333333,0.0
240,244,Josh Ross,LB,Michigan,227,4.79,31.0,0.0,109.0,0.0,0.0,2022,6,0,6.0,0.0
241,245,Justyn Ross,WR,Clemson,205,0.0,0.0,11.0,0.0,0.0,0.0,2022,6,4,6.333333333,0.0
242,246,Jeremy Ruckert,TE,Ohio St.,250,0.0,0.0,19.0,0.0,0.0,0.0,2022,6,5,6.416666667,0.0
243,247,Andrew Rupcich,OT,Culver-Stockton College,318,5.31,27.5,0.0,108.0,0.0,0.0,2022,6,6,6.5,0.0
244,248,Jamaree Salyer,OG,Georgia,321,0.0,0.0,31.0,0.0,0.0,0.0,2022,6,3,6.25,0.0
245,249,Jack Sanborn,LB,Wisconsin,234,4.73,34.5,20.0,114.0,0.0,0.0,2022,6,2,6.166666667,0.0
246,250,Braylon Sanders,WR,Mississippi,194,4.48,34.5,0.0,121.0,0.0,0.0,2022,6,0,6.0,0.0
247,251,Myjai Sanders,EDGE,Cincinnati,228,4.67,33.0,0.0,120.0,0.0,4.37,2022,6,5,6.416666667,0.0
248,252,Nephi Sewell,LB,Utah,226,4.67,32.0,0.0,120.0,7.01,4.33,2022,6,0,6.0,0.0
249,253,Justin Shaffer,OG,Georgia,314,5.14,25.5,0.0,107.0,0.0,0.0,2022,6,4,6.333333333,0.0
250,255,Khalil Shakir,WR,Boise St.,196,4.43,34.5,0.0,124.0,7.28,4.21,2022,6,0,6.0,0.0
251,256,Abram Smith,RB,Baylor,213,0.0,0.0,0.0,0.0,0.0,0.0,2022,6,0,6.0,0.0
252,257,Brandon Smith,LB,Penn St.,250,4.52,37.5,0.0,128.0,0.0,0.0,2022,6,4,6.333333333,0.0
253,258,Lecitus Smith,OG,Virginia Tech,314,5.18,0.0,23.0,99.0,7.88,4.78,2022,6,3,6.25,0.0
254,259,Tyler Smith,OT,Tulsa,324,5.02,27.5,0.0,105.0,7.78,4.65,2022,6,5,6.416666667,0.0
255,260,Tyreke Smith,EDGE,Ohio St.,254,4.86,34.0,0.0,117.0,0.0,0.0,2022,6,3,6.25,0.0
256,261,Baylon Spector,LB,Clemson,233,4.6,36.0,0.0,122.0,0.0,0.0,2022,6,0,6.0,0.0
257,262,Isaiah Spiller,RB,Texas A&M,217,0.0,30.0,0.0,114.0,0.0,0.0,2022,6,0,6.0,0.0
258,263,Chris Steele,CB,USC,187,4.48,37.5,0.0,126.0,0.0,0.0,2022,6,0,6.0,0.0
259,264,Derek Stingley,CB,LSU,190,0.0,0.0,0.0,0.0,0.0,0.0,2022,6,0,6.0,0.0
260,265,Jordan Stout,P,Penn St.,209,4.65,0.0,0.0,0.0,0.0,0.0,2022,6,3,6.25,0.0
261,266,Cole Strange,OG,Tennessee-Chattanooga,307,5.03,28.0,31.0,120.0,7.44,4.5,2022,6,5,6.416666667,0.0
262,267,Carson Strong,QB,Nevada,226,0.0,0.0,0.0,0.0,0.0,0.0,2022,6,3,6.25,0.0
263,268,Pierre Strong,RB,South Dakota St.,207,4.37,36.0,0.0,124.0,0.0,0.0,2022,5,11,5.916666667,0.0
264,269,Andrew Stueber,OT,Michigan,325,0.0,24.5,0.0,101.0,7.94,4.9,2022,6,7,6.583333333,0.0
265,270,Myron Tagovailoa-Amosa,DE,Notre Dame,270,4.81,29.0,0.0,115.0,0.0,0.0,2022,6,2,6.166666667,0.0
266,271,Alontae Taylor,CB,Tennessee,199,4.36,34.5,0.0,128.0,0.0,0.0,2022,6,0,6.0,0.0
267,272,Cam Taylor-Britt,CB,Nebraska,196,4.38,0.0,0.0,0.0,0.0,0.0,2022,5,11,5.916666667,0.0
268,273,Isaac Taylor-Stuart,CB,USC,201,4.42,0.0,0.0,123.0,0.0,0.0,2022,6,2,6.166666667,0.0
269,274,Luke Tenuta,OT,Virginia Tech,319,5.41,26.0,0.0,104.0,0.0,4.77,2022,6,8,6.666666667,0.0
270,275,Kayvon Thibodeaux,EDGE,Oregon,254,4.58,0.0,27.0,0.0,0.0,0.0,2022,6,4,6.333333333,0.0
271,276,Zach Thomas,OG,San Diego St.,308,4.96,22.5,21.0,107.0,7.4,4.65,2022,6,5,6.416666667,0.0
272,277,Cameron Thomas,DE,San Diego St.,267,0.0,0.0,24.0,0.0,0.0,0.0,2022,6,4,6.333333333,0.0
273,278,Isaiah Thomas,EDGE,Oklahoma,266,4.7,31.5,0.0,117.0,0.0,0.0,2022,6,5,6.416666667,0.0
274,279,Juanyeh Thomas,S,Georgia Tech,212,4.55,34.0,17.0,122.0,0.0,0.0,2022,6,1,6.083333333,0.0
275,280,Josh Thompson,CB,Texas,194,4.4,0.0,0.0,0.0,0.0,0.0,2022,6,0,6.0,0.0
276,281,Skylar Thompson,QB,Kansas St.,217,4.91,31.0,0.0,112.0,7.0,4.28,2022,6,2,6.166666667,0.0
277,282,Tyquan Thornton,WR,Baylor,181,4.28,36.5,0.0,130.0,0.0,0.0,2022,6,2,6.166666667,0.0
278,283,Channing Tindall,LB,Georgia,230,4.47,42.0,0.0,129.0,0.0,0.0,2022,6,2,6.166666667,0.0
279,284,Jalen Tolbert,WR,South Alabama,194,4.49,36.0,0.0,123.0,7.08,0.0,2022,6,1,6.083333333,0.0
280,285,Zach Tom,C,Wake Forest,304,4.94,33.0,0.0,118.0,7.32,4.47,2022,6,4,6.333333333,0.0
281,286,Cole Turner,TE,Nevada,246,4.76,27.0,17.0,120.0,7.06,4.41,2022,6,6,6.5,0.0
282,287,Tré Turner,WR,Virginia Tech,184,4.51,27.0,0.0,113.0,7.45,4.53,2022,6,1,6.083333333,0.0
283,288,Delarrin Turner-Yell,S,Oklahoma,197,4.47,0.0,0.0,122.0,0.0,0.0,2022,5,10,5.833333333,0.0
284,289,Eyioma Uwazurike,DT,Iowa St.,316,0.0,33.0,0.0,107.0,0.0,0.0,2022,6,6,6.5,0.0
285,290,CJ Verdell,RB,Oregon,194,0.0,29.5,0.0,118.0,0.0,0.0,2022,5,8,5.666666667,0.0
286,291,Cordell Volson,OG,North Dakota St.,315,5.27,25.0,25.0,104.0,8.31,4.93,2022,6,6,6.5,0.0
287,292,Matt Waletzko,OT,North Dakota,312,5.03,30.0,0.0,113.0,0.0,0.0,2022,6,8,6.666666667,0.0
288,293,Kenneth Walker,RB,Michigan St.,211,4.38,34.0,0.0,122.0,0.0,0.0,2022,5,9,5.75,0.0
289,294,Quay Walker,LB,Georgia,241,4.52,32.0,0.0,122.0,0.0,0.0,2022,6,4,6.333333333,0.0
290,295,Rasheed Walker,OT,Penn St.,313,0.0,0.0,0.0,0.0,0.0,0.0,2022,6,6,6.5,0.0
291,296,Travon Walker,DE,Georgia,272,4.51,35.5,0.0,123.0,6.89,4.32,2022,6,5,6.416666667,0.0
292,297,Jermaine Waller,CB,Virginia Tech,180,4.68,0.0,0.0,0.0,0.0,0.0,2022,6,0,6.0,0.0
293,298,Jaylen Warren,RB,Oklahoma St.,204,4.55,31.5,0.0,119.0,0.0,0.0,2022,5,8,5.666666667,0.0
294,299,Christian Watson,WR,North Dakota St.,208,4.36,38.5,0.0,136.0,0.0,0.0,2022,6,4,6.333333333,0.0
295,300,Jaylen Watson,CB,Washington St.,197,4.51,0.0,18.0,0.0,0.0,0.0,2022,6,2,6.166666667,0.0
296,301,Luke Wattenberg,C,Washington,299,5.2,29.5,0.0,113.0,7.45,4.57,2022,6,4,6.333333333,0.0
297,302,Sam Webb,CB,Missouri Western,202,4.48,0.0,14.0,0.0,0.0,0.0,2022,6,1,6.083333333,0.0
298,303,Dohnovan West,C,Arizona St.,296,5.27,28.0,0.0,112.0,0.0,0.0,2022,6,3,6.25,0.0
299,304,Isaiah Weston,WR,Northern Iowa,214,4.42,40.0,20.0,135.0,0.0,0.0,2022,6,4,6.333333333,0.0
300,306,Rachaad White,RB,Arizona St.,214,4.48,38.0,0.0,125.0,0.0,0.0,2022,6,0,6.0,0.0
301,307,ZaQuandre White,RB,South Carolina,206,0.0,0.0,0.0,0.0,0.0,0.0,2022,6,0,6.0,0.0
302,308,Zamir White,RB,Georgia,214,4.4,33.5,0.0,128.0,0.0,0.0,2022,6,0,6.0,0.0
303,309,Tre Williams,EDGE,Arkansas,253,5.08,26.5,0.0,104.0,7.2,4.24,2022,6,4,6.333333333,0.0
304,310,Damarion Williams,CB,Houston,182,0.0,34.5,17.0,118.0,0.0,0.0,2022,5,10,5.833333333,0.0
305,311,Devon Williams,WR,Oregon,210,4.65,33.0,0.0,133.0,0.0,0.0,2022,6,5,6.416666667,0.0
306,312,Jameson Williams,WR,Alabama,179,0.0,0.0,0.0,0.0,0.0,0.0,2022,6,2,6.166666667,0.0
307,313,Joshua Williams,CB,Fayetteville St. University,195,4.53,36.0,0.0,124.0,0.0,0.0,2022,6,3,6.25,0.0
308,314,Kyren Williams,RB,Notre Dame,194,4.65,32.0,0.0,116.0,0.0,0.0,2022,5,9,5.75,0.0
309,315,Sam Williams,EDGE,Mississippi,261,4.46,32.5,0.0,123.0,0.0,0.0,2022,6,4,6.333333333,0.0
310,316,Malik Willis,QB,Liberty,219,0.0,0.0,0.0,0.0,0.0,0.0,2022,6,1,6.083333333,0.0
311,317,Garrett Wilson,WR,Ohio St.,183,4.38,36.0,0.0,123.0,0.0,4.36,2022,6,0,6.0,0.0
312,318,Perrion Winfrey,DT,Oklahoma,290,4.89,0.0,0.0,0.0,0.0,0.0,2022,6,4,6.333333333,0.0
313,319,Jelani Woods,TE,Virginia,259,4.61,0.0,24.0,0.0,0.0,0.0,2022,6,7,6.583333333,0.0
314,320,JT Woods,S,Baylor,195,4.36,39.5,0.0,128.0,0.0,0.0,2022,6,2,6.166666667,0.0
315,321,Mike Woods,WR,Oklahoma,204,4.55,34.5,0.0,125.0,0.0,0.0,2022,6,1,6.083333333,0.0
316,322,Tariq Woolen,CB,Texas-San Antonio,205,4.26,42.0,0.0,0.0,0.0,0.0,2022,6,4,6.333333333,0.0
317,323,Alex Wright,DE,Alabama-Birmingham,271,0.0,0.0,15.0,0.0,0.0,0.0,2022,6,5,6.416666667,0.0
318,324,Mykael Wright,CB,Oregon,173,4.57,0.0,0.0,0.0,0.0,0.0,2022,5,11,5.916666667,0.0
319,325,Devonte Wyatt,DT,Georgia,304,4.77,29.0,0.0,111.0,0.0,0.0,2022,6,3,6.25,0.0
320,326,Jalen Wydermyer,TE,Texas A&M,255,0.0,0.0,0.0,0.0,0.0,0.0,2022,6,4,6.333333333,0.0
321,327,Cade York,K,LSU,206,0.0,0.0,12.0,0.0,0.0,0.0,2022,6,1,6.083333333,0.0
322,328,Nick Zakelj,OT,Fordham,316,5.13,28.5,27.0,110.0,7.75,4.71,2022,6,6,6.5,0.0
323,329,Bailey Zappe,QB,Western Kentucky,215,4.88,30.0,0.0,109.0,7.19,4.4,2022,6,1,6.083333333,0.0
324,330,Jonathan Adams,WR,Arkansas St.,210,4.59,39.0,0.0,132.0,7.04,4.38,2021,6,2,6.166666667,0.0
325,331,Paulson Adebo,CB,Stanford,198,4.45,36.5,18.0,121.0,6.69,4.13,2021,6,1,6.083333333,0.0
326,332,Giles Amos,TE,Arkansas St.,250,5.14,28.5,0.0,111.0,7.65,5.13,2021,6,3,6.25,0.0
327,333,Zayne Anderson,LB,BYU,0,4.46,34.0,11.0,120.0,6.78,4.22,2021,0,0,0.0,0.0
328,334,Otis Anderson,RB,Central Florida,179,4.63,36.0,11.0,113.0,7.04,4.38,2021,5,7,5.583333333,0.0
329,335,Jack Anderson,OL,Texas Tech,314,5.28,29.5,27.0,105.0,7.9,4.83,2021,6,4,6.333333333,0.0
330,336,Dan Archibong,DT,Temple,295,5.35,28.5,28.0,100.0,8.16,4.68,2021,6,5,6.416666667,0.0
331,337,Calvin Ashley,OL,Florida A&M,314,5.49,29.0,15.0,105.0,7.0,5.1,2021,6,6,6.5,0.0
332,338,Jaytlin Askew,DB,Georgia Tech,180,4.51,35.5,18.0,125.0,7.1,4.31,2021,5,8,5.666666667,0.0
333,339,Tutu Atwell,WR,Louisville,155,4.42,33.0,0.0,117.0,6.89,4.14,2021,5,8,5.666666667,0.0
334,340,Kayode Awosika,OL,Buffalo,307,5.19,30.0,28.0,100.0,8.15,4.91,2021,6,3,6.25,0.0
335,341,Kawaan Baker,WR,South Alabama,210,4.44,39.5,21.0,129.0,7.42,4.41,2021,6,0,6.0,0.0
336,342,Josh Ball,OL,Marshall,308,5.2,27.5,28.0,106.0,7.77,4.7,2021,6,7,6.583333333,0.0
337,343,Aaron Banks,OL,Notre Dame,325,5.32,31.0,24.0,100.0,7.69,4.89,2021,6,5,6.416666667,0.0
338,344,Cole Banwart,OL,Iowa,298,5.12,27.5,22.0,103.0,7.5,4.7,2021,6,1,6.083333333,0.0
339,345,Christian Barmore,DL,Alabama,310,4.93,0.0,0.0,0.0,0.0,0.0,2021,6,4,6.333333333,0.0
340,346,Derrick Barnes,DE,Purdue,238,4.57,37.0,29.0,119.0,0.0,4.27,2021,6,0,6.0,0.0
341,347,Carlos Basham,DL,Wake Forest,274,4.64,34.0,20.0,122.0,7.13,4.25,2021,6,3,6.25,0.0
342,348,Rashod Bateman,WR,Minnesota,190,4.39,36.0,0.0,123.0,0.0,0.0,2021,6,0,6.0,0.0
343,349,John Bates,TE,Boise St.,250,4.84,31.5,19.0,120.0,6.85,4.35,2021,6,5,6.416666667,0.0
344,350,Adam Bay,LS,Wisconsin,240,5.27,26.0,14.0,100.0,7.65,4.56,2021,5,11,5.916666667,0.0
345,351,Tavante Beckett,LB,Marshall,220,4.78,31.0,18.0,106.0,7.34,4.58,2021,5,10,5.833333333,0.0
346,352,Chase Behrndt,OL,West Virginia,324,5.55,24.5,25.0,101.0,8.21,4.93,2021,6,3,6.25,0.0
347,353,Shaun Beyer,TE,Iowa,250,4.78,31.5,0.0,119.0,0.0,4.2,2021,6,4,6.333333333,0.0
348,354,Tarik Black,WR,Texas,213,4.54,40.0,15.0,132.0,6.91,4.26,2021,6,2,6.166666667,0.0
349,355,Josh Blancato,WR,Georgia Tech,182,4.55,32.0,17.0,124.0,6.9,4.31,2021,5,9,5.75,0.0
350,356,Joshuah Bledsoe,S,Missouri,0,0.0,0.0,0.0,0.0,0.0,0.0,2021,0,0,0.0,0.0
351,357,Quinton Bohanna,DL,Kentucky,327,5.46,29.0,0.0,99.0,8.21,5.15,2021,6,4,6.333333333,0.0
352,358,Nick Bolton,LB,Missouri,237,4.6,32.0,24.0,0.0,7.4,4.5,2021,5,11,5.916666667,0.0
353,359,Ian Book,QB,Notre Dame,211,4.65,32.5,0.0,115.0,6.99,4.19,2021,6,0,6.0,0.0
354,360,Dicaprio Bootle,CB,Nebraska,180,4.38,36.5,16.0,126.0,6.77,4.03,2021,5,9,5.75,0.0
355,361,Tuf Borland,LB,Ohio St.,229,4.98,32.5,15.0,109.0,7.17,4.29,2021,6,0,6.0,0.0
356,362,Larry Borom,OL,Missouri,322,5.12,31.0,0.0,0.0,0.0,0.0,2021,6,5,6.416666667,0.0
357,363,Rakeem Boyd,RB,Arkansas,213,4.7,32.5,6.0,98.0,7.22,4.38,2021,5,11,5.916666667,0.0
358,364,Michael Boykin,DL,Louisville,291,4.88,32.0,24.0,110.0,7.69,4.58,2021,6,5,6.416666667,0.0
359,365,William Bradley-King,OLB,Baylor,252,4.74,34.5,0.0,119.0,7.14,4.26,2021,6,3,6.25,0.0
360,366,Brady Breeze,S,Oregon,197,4.55,38.0,20.0,120.0,7.05,4.22,2021,5,11,5.916666667,0.0
361,367,Gary Brightwell,RB,Arizona,218,4.62,34.5,17.0,118.0,7.51,4.48,2021,5,10,5.833333333,0.0
362,368,K.J. Britt,LB,Auburn,235,4.76,32.5,24.0,118.0,7.38,4.4,2021,6,0,6.0,0.0
363,369,Josiah Bronson,DL,Washington,304,5.08,30.0,27.0,101.0,7.63,4.72,2021,6,2,6.166666667,0.0
364,370,Chris Brown,DB,Texas,191,4.55,36.0,15.0,118.0,6.85,4.18,2021,5,10,5.833333333,0.0
365,371,Earnest Brown,DE,Northwestern,270,5.01,31.0,25.0,115.0,7.19,4.5,2021,6,4,6.333333333,0.0
366,372,Kimere Brown,CB,Temple,175,4.57,32.5,0.0,124.0,7.37,4.32,2021,5,11,5.916666667,0.0
367,373,Deonte Brown,OL,Alabama,344,0.0,27.0,0.0,0.0,0.0,0.0,2021,6,3,6.25,0.0
368,374,Dyami Brown,WR,North Carolina,189,4.46,35.0,18.0,128.0,6.87,4.35,2021,6,0,6.0,0.0
369,375,Shakur Brown,CB,Michigan St.,185,4.61,35.5,17.0,116.0,7.08,4.23,2021,5,9,5.75,0.0
370,376,Tre Brown,CB,Oklahoma,185,4.42,38.0,13.0,123.0,7.11,4.27,2021,5,9,5.75,0.0
371,377,Amon-Ra St. Brown,WR,USC,197,4.51,38.5,20.0,127.0,6.88,4.17,2021,5,11,5.916666667,0.0
372,378,Baron Browning,LB,Ohio St.,245,4.58,40.0,23.0,130.0,6.78,4.23,2021,6,2,6.166666667,0.0
373,379,John Brunner,OL,North Texas,194,0.0,32.5,11.0,121.0,6.77,4.3,2021,6,2,6.166666667,0.0
374,381,Calvin Bundage,LB,Oklahoma St.,221,4.81,31.5,14.0,116.0,7.31,4.43,2021,6,1,6.083333333,0.0
375,382,Lorenzo Burns,CB,Arizona,183,4.56,33.5,14.0,123.0,7.55,4.51,2021,5,10,5.833333333,0.0
376,383,Eric Burrell,S,Wisconsin,197,4.73,35.5,8.0,124.0,7.21,4.26,2021,5,11,5.916666667,0.0
377,384,Wesley Burris,LS,Kansas St.,203,5.3,30.0,12.0,102.0,7.51,4.74,2021,5,9,5.75,0.0
378,385,Jake Burton,OL,Baylor,303,5.49,26.0,22.0,100.0,8.22,4.97,2021,6,5,6.416666667,0.0
379,386,Camryn Bynum,CB,California,196,4.58,34.0,0.0,129.0,6.99,4.1,2021,6,0,6.0,0.0
380,387,Jalen Camp,WR,Georgia Tech,226,4.48,39.5,29.0,125.0,7.0,4.14,2021,6,1,6.083333333,0.0
381,388,Donavaughn Campbell,OL,Louisiana Tech,336,5.62,22.0,0.0,93.0,8.34,5.15,2021,6,4,6.333333333,0.0
382,389,Kyree Campbell,DL,Florida,287,5.46,25.0,0.0,98.0,7.96,5.02,2021,6,2,6.166666667,0.0
383,390,Tyson Campbell,DB,Georgia,193,4.4,34.5,12.0,124.0,7.15,4.45,2021,6,1,6.083333333,0.0
384,391,Joseph Carlson,K,Air Force,175,0.0,0.0,0.0,0.0,0.0,0.0,2021,6,0,6.0,0.0
385,392,Jackson Carman,OT,Clemson,317,0.0,0.0,0.0,0.0,0.0,0.0,2021,6,4,6.333333333,0.0
386,393,Tory Carter,FB,LSU,229,4.86,35.5,24.0,112.0,7.21,4.38,2021,6,0,6.0,0.0
387,394,Michael Carter,RB,North Carolina,201,4.5,34.0,16.0,119.0,6.81,3.98,2021,5,7,5.583333333,0.0
388,395,J.C. Chalk,TE,Clemson,250,5.18,28.5,15.0,106.0,7.83,4.72,2021,6,2,6.166666667,0.0
389,396,Ja'Marr Chase,WR,LSU,201,4.34,41.0,0.0,132.0,6.96,3.99,2021,6,0,6.0,0.0
390,397,Ramaud Chiaokhiao-Bowman,WR,Northwestern,204,4.78,34.5,11.0,119.0,6.78,4.2,2021,6,1,6.083333333,0.0
391,398,Drue Chrisman,P,Ohio St.,209,0.0,0.0,0.0,0.0,0.0,0.0,2021,6,2,6.166666667,0.0
392,399,Brady Christensen,OL,BYU,0,0.0,34.0,30.0,124.0,0.0,0.0,2021,0,0,0.0,0.0
393,400,Andre Cisco,DB,Syracuse,0,0.0,0.0,17.0,0.0,0.0,0.0,2021,0,0,0.0,0.0
394,401,Mallory Claybourne,CB,Coastal Carolina,191,4.57,33.0,12.0,116.0,7.37,4.32,2021,5,9,5.75,0.0
395,402,Ben Cleveland,OL,Georgia,343,5.05,28.0,30.0,102.0,0.0,4.88,2021,6,6,6.5,0.0
396,403,Riley Cole,LB,South Alabama,240,4.72,0.0,26.0,0.0,7.46,4.35,2021,6,2,6.166666667,0.0
397,404,Nico Collins,WR,Michigan,215,4.43,37.5,14.0,125.0,6.78,4.29,2021,6,4,6.333333333,0.0
398,405,Zaven Collins,LB,Tulsa,259,4.67,35.0,19.0,122.0,0.0,4.36,2021,6,4,6.333333333,0.0
399,406,Nolan Cooney,P,Syracuse,195,0.0,0.0,0.0,0.0,0.0,0.0,2021,6,2,6.166666667,0.0
400,407,Jonathon Cooper,DE,Ohio St.,253,4.69,33.0,28.0,108.0,6.99,4.31,2021,6,2,6.166666667,0.0
401,408,Samuel Cosmi,OL,Texas,314,4.87,30.0,36.0,117.0,7.35,4.39,2021,6,5,6.416666667,0.0
402,409,Seth Cottengim,S,Arkansas St.,230,0.0,28.5,0.0,0.0,0.0,0.0,2021,5,11,5.916666667,0.0
403,410,Jabril Cox,LB,LSU,232,0.0,0.0,0.0,0.0,0.0,0.0,2021,6,3,6.25,0.0
404,411,Damonte Coxie,WR,Memphis,198,4.77,30.5,4.0,122.0,6.92,4.45,2021,6,2,6.166666667,0.0
405,412,Tyler Coyle,LB,Purdue,209,4.38,39.0,24.0,133.0,7.14,4.0,2021,6,1,6.083333333,0.0
406,413,Jack Crane,K,Wake Forest,193,0.0,0.0,0.0,0.0,0.0,0.0,2021,6,1,6.083333333,0.0
407,414,Daniel Crawford,TE,Northern Illinois,245,4.7,32.5,14.0,113.0,7.19,4.45,2021,6,1,6.083333333,0.0
408,415,Shaun Crawford,S,Notre Dame,182,4.55,35.0,12.0,116.0,6.7,4.13,2021,5,9,5.75,0.0
409,416,Harry Crider,OL,Indiana,307,5.25,27.0,31.0,102.0,7.63,4.68,2021,6,2,6.166666667,0.0
410,417,Jake Curhan,OL,California,316,5.45,24.0,15.0,102.0,8.07,4.84,2021,6,5,6.416666667,0.0
411,418,David Curry,LB,Georgia Tech,227,0.0,0.0,0.0,0.0,0.0,0.0,2021,6,1,6.083333333,0.0
412,419,Drew Dalman,C,Stanford,299,5.11,33.0,33.0,109.0,7.33,4.52,2021,6,3,6.25,0.0
413,420,DJ Daniel,DB,Georgia,195,4.62,31.0,11.0,119.0,7.02,4.12,2021,5,11,5.916666667,0.0
414,421,Frank Darby,WR,Arizona St.,201,4.56,34.5,19.0,117.0,7.05,4.25,2021,6,0,6.0,0.0
415,422,Jaelon Darden,WR,North Texas,174,4.47,35.5,0.0,122.0,6.66,3.98,2021,5,7,5.583333333,0.0
416,423,Corey Dauphine,RB,Tulane,198,4.71,30.0,14.0,117.0,7.4,4.53,2021,5,11,5.916666667,0.0
417,424,Zach Davidson,TE,Central Missouri St.,245,4.58,37.5,17.0,117.0,6.95,4.19,2021,6,6,6.5,0.0
418,425,Brady Davis,QB,Memphis,0,4.65,31.0,0.0,114.0,7.06,4.2,2021,0,0,0.0,0.0
419,426,Jamin Davis,LB,Kentucky,234,4.47,42.0,0.0,132.0,0.0,0.0,2021,6,3,6.25,0.0
420,427,Shawn Davis,DB,Florida,202,0.0,39.5,17.0,128.0,0.0,0.0,2021,5,10,5.833333333,0.0
421,428,Wyatt Davis,OL,Ohio St.,315,0.0,0.0,25.0,0.0,0.0,0.0,2021,6,3,6.25,0.0
422,429,Divine Deablo,DB,Virginia Tech,226,4.42,34.0,19.0,126.0,7.12,4.4,2021,6,3,6.25,0.0
423,430,Bryson Denley,RB,Bowling Green,189,4.56,27.5,13.0,110.0,7.25,4.57,2021,5,7,5.583333333,0.0
424,432,Jon Dietzen,OL,Wisconsin,312,5.32,27.0,19.0,106.0,7.64,4.85,2021,6,4,6.333333333,0.0
425,433,Victor Dimukeje,DE,Duke,262,4.87,34.5,28.0,115.0,7.25,4.35,2021,6,1,6.083333333,0.0
426,434,Brett DioGuardi,LS,Florida,234,5.48,24.5,0.0,98.0,7.88,4.95,2021,6,3,6.25,0.0
427,435,Gerrid Doaks,RB,Cincinnati,228,4.58,39.5,19.0,120.0,7.2,4.27,2021,5,11,5.916666667,0.0
428,436,Max Duffy,P,Kentucky,196,0.0,0.0,0.0,0.0,0.0,0.0,2021,6,0,6.0,0.0
429,437,DeVontres Dukes,WR,South Florida,216,4.81,33.0,16.0,122.0,7.07,4.41,2021,6,3,6.25,0.0
430,438,Keith Duncan,K,Iowa,176,0.0,0.0,0.0,0.0,0.0,0.0,2021,0,0,0.0,0.0
431,439,Isaiah Dunn,DB,Oregon St.,189,4.39,35.5,13.0,127.0,6.93,4.21,2021,5,11,5.916666667,0.0
432,440,Wes Dvorak,DB,Iowa,198,4.52,41.5,0.0,132.0,6.94,4.33,2021,5,11,5.916666667,0.0
433,441,Brennan Eagles,WR,Texas,225,4.55,36.5,0.0,125.0,6.93,4.42,2021,6,3,6.25,0.0
434,442,Adrian Ealy,OL,Oklahoma,321,5.42,24.5,18.0,104.0,8.82,4.87,2021,6,6,6.5,0.0
435,443,Brandin Echols,DB,Kentucky,179,4.34,42.5,13.0,136.0,6.84,4.12,2021,5,10,5.833333333,0.0
436,444,Sam Ehlinger,QB,Texas,220,4.84,36.5,0.0,114.0,7.15,4.44,2021,6,1,6.083333333,0.0
437,445,Liam Eichenberg,OL,Notre Dame,306,0.0,26.5,33.0,105.0,7.53,4.58,2021,6,6,6.5,0.0
438,446,Milo Eifler,LB,Illinois,228,4.58,37.5,14.0,126.0,7.15,4.35,2021,6,2,6.166666667,0.0
439,447,D'Wayne Eskridge,WR,West. Michigan,190,4.38,35.0,0.0,124.0,6.93,4.22,2021,5,8,5.666666667,0.0
440,448,Dorian Etheridge,LB,Louisville,233,4.87,35.0,0.0,121.0,7.25,4.47,2021,6,1,6.083333333,0.0
441,449,Travis Etienne,RB,Clemson,215,4.45,33.5,18.0,128.0,0.0,0.0,2021,5,10,5.833333333,0.0
442,450,Chris Evans,RB,Michigan,211,4.5,40.5,20.0,127.0,6.83,4.12,2021,5,11,5.916666667,0.0
443,451,Dillon Faamatau,DL,Oklahoma,280,5.35,24.5,22.0,100.0,8.58,5.15,2021,6,3,6.25,0.0
444,452,Austin Faoliu,DT,Oregon,287,0.0,0.0,0.0,0.0,0.0,0.0,2021,6,3,6.25,0.0
445,453,Matt Farniok,OL,Nebraska,311,5.2,33.0,28.0,105.0,7.14,4.8,2021,6,5,6.416666667,0.0
446,454,Luke Farrell,TE,Ohio St.,251,4.79,36.5,22.0,118.0,7.14,4.36,2021,6,5,6.416666667,0.0
447,455,Simi Fehoko,WR,Stanford,222,4.44,34.5,16.0,120.0,6.78,4.26,2021,6,3,6.25,0.0
448,456,Demetric Felton,RB,UCLA,189,4.55,0.0,0.0,0.0,0.0,0.0,2021,5,8,5.666666667,0.0
449,457,Parker Ferguson,OT,Air Force,306,5.19,31.0,24.0,105.0,7.75,4.9,2021,6,3,6.25,0.0
450,458,Justin Fields,QB,Ohio St.,227,4.45,0.0,0.0,0.0,0.0,0.0,2021,6,2,6.166666667,0.0
451,459,Tony Fields,LB,West Virginia,222,4.64,34.0,17.0,114.0,7.15,4.48,2021,6,0,6.0,0.0
452,460,Paddy Fisher,LB,Northwestern,240,4.91,31.5,20.0,110.0,7.0,4.47,2021,6,3,6.25,0.0
453,461,Dez Fitzpatrick,WR,Louisville,208,4.43,35.0,0.0,0.0,7.09,4.26,2021,6,1,6.083333333,0.0
454,462,Thomas Fletcher,LS,Alabama,0,0.0,0.0,0.0,0.0,0.0,0.0,2021,0,0,0.0,0.0
455,463,Paris Ford,DB,Pittsburgh,197,4.85,28.5,0.0,110.0,7.44,4.45,2021,6,0,6.0,0.0
456,464,Darrick Forrest,S,Cincinnati,206,4.42,39.0,21.0,132.0,6.91,4.23,2021,5,11,5.916666667,0.0
457,465,Miller Forristall,TE,Alabama,0,0.0,0.0,0.0,0.0,0.0,0.0,2021,0,0,0.0,0.0
458,466,Stone Forsythe,OL,Florida,307,5.14,27.5,25.0,103.0,7.47,4.65,2021,6,8,6.666666667,0.0
459,467,Feleipe Franks,QB,Arkansas,234,4.61,32.5,0.0,117.0,7.16,4.22,2021,6,6,6.5,0.0
460,468,Pat Freiermuth,TE,Penn St.,251,0.0,0.0,26.0,0.0,0.0,0.0,2021,6,5,6.416666667,0.0
461,469,Will Fries,OL,Penn St.,309,5.37,31.0,24.0,115.0,7.77,4.53,2021,6,6,6.5,0.0
462,470,Jake Funk,RB,Maryland,204,4.49,38.0,22.0,122.0,6.71,4.12,2021,5,10,5.833333333,0.0
463,471,Kenneth Gainwell,RB,Memphis,201,4.42,0.0,21.0,0.0,0.0,0.0,2021,0,0,0.0,0.0
464,472,Bailey Gaither,WR,San Jose St.,188,4.45,31.0,9.0,121.0,7.07,4.39,2021,6,0,6.0,0.0
465,473,Blake Gallagher,LB,Northwestern,228,4.83,31.5,27.0,107.0,7.23,4.4,2021,5,11,5.916666667,0.0
466,474,Mark Gilbert,CB,Duke,186,4.47,36.0,13.0,130.0,7.05,4.37,2021,6,0,6.0,0.0
467,475,Tyree Gillespie,S,Missouri,0,4.38,0.0,15.0,0.0,7.06,0.0,2021,0,0,0.0,0.0
468,476,Chauncey Golston,DL,Iowa,269,4.79,36.0,0.0,119.0,7.52,4.65,2021,6,4,6.333333333,0.0
469,477,Tay Gowan,DB,Central Florida,186,4.44,35.5,13.0,118.0,6.88,4.25,2021,6,0,6.0,0.0
470,478,Ta'Quon Graham,DL,Texas,292,4.89,32.5,32.0,113.0,7.31,4.68,2021,6,3,6.25,0.0
471,479,Richie Grant,DB,Central Florida,197,4.49,34.5,12.0,129.0,6.78,4.27,2021,5,11,5.916666667,0.0
472,480,Noah Gray,TE,Duke,240,4.55,35.0,15.0,115.0,6.83,4.37,2021,6,3,6.25,0.0
473,481,Kendrick Green,OL,Illinois,305,4.89,35.5,25.0,119.0,7.79,4.67,2021,6,1,6.083333333,0.0
474,483,Trevon Grimes,WR,Florida,220,4.49,35.0,15.0,118.0,6.98,4.28,2021,6,4,6.333333333,0.0
475,484,Garrett Groshek,RB,Wisconsin,217,4.64,33.5,17.0,115.0,7.08,4.32,2021,5,11,5.916666667,0.0
476,485,Robert Hainsey,OL,Notre Dame,306,5.2,27.5,32.0,104.0,7.58,4.63,2021,6,4,6.333333333,0.0
477,486,Darren Hall,CB,San Diego St.,188,4.47,38.5,16.0,132.0,7.07,4.28,2021,5,11,5.916666667,0.0
478,487,Damar Hamlin,DB,Pittsburgh,200,4.6,35.0,18.0,118.0,6.93,4.4,2021,6,0,6.0,0.0
479,488,Mike Hampton,DB,South Florida,186,0.0,0.0,22.0,0.0,0.0,0.0,2021,5,11,5.916666667,0.0
480,489,Noah Hannon,OL,Appalachian St.,238,5.15,29.5,15.0,108.0,7.37,4.68,2021,6,0,6.0,0.0
481,490,Adrian Hardy,WR,Louisiana Tech,205,4.61,37.5,12.0,124.0,6.96,4.5,2021,6,1,6.083333333,0.0
482,491,Bryce Hargrove,OL,Pittsburgh,310,5.46,27.0,26.0,97.0,8.06,5.03,2021,6,3,6.25,0.0
483,492,Darius Harper,OL,Cincinnati,300,5.05,30.5,16.0,105.0,7.7,4.54,2021,6,6,6.5,0.0
484,493,Scooter Harrington,TE,Stanford,250,5.19,29.0,0.0,105.0,7.2,4.53,2021,6,4,6.333333333,0.0
485,494,Jacob Harris,WR,Central Florida,219,4.39,40.5,15.0,133.0,6.54,4.31,2021,6,5,6.416666667,0.0
486,495,Jaylen Harris,WR,Ohio St.,170,4.77,30.5,8.0,109.0,7.37,4.5,2021,5,8,5.666666667,0.0
487,496,Pressley Harvin,P,Georgia Tech,263,0.0,0.0,14.0,0.0,0.0,0.0,2021,5,11,5.916666667,0.0
488,497,Blake Haubeil,K,Ohio St.,233,0.0,0.0,0.0,0.0,0.0,0.0,2021,6,3,6.25,0.0
489,498,Jake Hausmann,TE,Ohio St.,242,4.98,29.5,16.0,112.0,7.65,4.44,2021,6,4,6.333333333,0.0
490,499,Javian Hawkins,RB,Louisville,183,4.46,36.0,0.0,116.0,6.98,4.23,2021,5,8,5.666666667,0.0
491,500,Daelin Hayes,DL,Notre Dame,253,4.71,32.5,26.0,119.0,7.17,4.29,2021,6,3,6.25,0.0
492,501,Damon Hazelton,WR,Missouri,0,4.6,37.5,0.0,0.0,0.0,0.0,2021,0,0,0.0,0.0
493,502,Jack Heflin,DL,Iowa,304,5.3,29.0,0.0,104.0,7.61,0.0,2021,0,0,0.0,0.0
494,503,Brett Heggie,OL,Florida,310,5.5,26.0,21.0,105.0,7.66,4.69,2021,6,4,6.333333333,0.0
495,504,Justin Henderson,RB,Louisiana Tech,220,4.65,32.0,26.0,118.0,7.22,4.59,2021,5,7,5.583333333,0.0
496,505,Khalil Herbert,RB,Virginia Tech,210,4.46,33.0,22.0,115.0,6.96,4.31,2021,5,8,5.666666667,0.0
497,506,Grant Hermanns,OL,Purdue,300,0.0,27.0,29.0,107.0,7.76,4.81,2021,6,7,6.583333333,0.0
498,507,Malik Herring,DL,Georgia,283,0.0,0.0,0.0,0.0,0.0,0.0,2021,6,3,6.25,0.0
499,508,Kylin Hill,RB,Mississippi St.,214,4.51,36.0,22.0,122.0,7.13,4.35,2021,5,10,5.833333333,0.0
500,509,Trey Hill,OL,Georgia,319,5.5,0.0,0.0,0.0,0.0,0.0,2021,6,3,6.25,0.0
501,510,Justin Hilliard,LB,Ohio St.,229,4.81,34.5,27.0,114.0,7.2,4.34,2021,6,0,6.0,0.0
502,511,Nate Hobbs,DB,Illinois,196,4.48,40.5,17.0,135.0,6.85,4.17,2021,5,11,5.916666667,0.0
503,512,Darius Hodge,DL,Marshall,248,4.73,38.5,26.0,127.0,7.16,4.67,2021,6,0,6.0,0.0
504,513,Jevon Holland,S,Oregon,207,4.48,35.5,19.0,126.0,0.0,4.14,2021,6,0,6.0,0.0
505,514,Jaycee Horn,DB,South Carolina,205,4.39,41.5,19.0,133.0,0.0,0.0,2021,6,0,6.0,0.0
506,515,Phil Hoskins,DT,Kentucky,313,5.23,30.5,20.0,103.0,7.87,4.85,2021,6,4,6.333333333,0.0
507,516,Chuba Hubbard,RB,Oklahoma St.,210,4.48,36.0,20.0,120.0,7.24,4.26,2021,6,0,6.0,0.0
508,517,Wyatt Hubert,DE,Kansas St.,258,4.93,32.5,0.0,110.0,7.03,4.28,2021,6,2,6.166666667,0.0
509,518,James Hudson,OL,Cincinnati,313,5.27,28.5,22.0,98.0,8.05,4.79,2021,6,4,6.333333333,0.0
510,519,Talanoa Hufanga,S,USC,0,4.65,0.0,0.0,0.0,0.0,0.0,2021,0,0,0.0,0.0
511,520,Justin Hughes,LB,Kansas St.,227,5.02,28.5,24.0,104.0,7.37,4.84,2021,6,0,6.0,0.0
512,521,Creed Humphrey,OL,Oklahoma,302,5.11,33.0,29.0,112.0,7.5,4.49,2021,6,4,6.333333333,0.0
513,522,Sadarius Hutcherson,OL,South Carolina,321,4.95,0.0,36.0,0.0,0.0,0.0,2021,0,0,0.0,0.0
514,523,Josh Imatorbhebhe,WR,Illinois,218,4.53,46.5,24.0,134.0,7.1,4.38,2021,6,0,6.0,0.0
515,524,Alaric Jackson,OL,Iowa,321,5.2,25.0,0.0,103.0,7.7,0.0,2021,6,6,6.5,0.0
516,525,Deon Jackson,RB,Duke,218,4.41,36.0,18.0,123.0,7.15,4.37,2021,5,11,5.916666667,0.0
517,526,Drake Jackson,C,Kentucky,293,0.0,31.0,0.0,0.0,0.0,0.0,2021,6,1,6.083333333,0.0
518,527,Tarron Jackson,DE,Coastal Carolina,254,4.68,29.0,25.0,118.0,7.45,4.51,2021,6,2,6.166666667,0.0
519,528,Warren Jackson,WR,Colorado St.,219,4.68,33.5,0.0,123.0,7.81,4.53,2021,6,6,6.5,0.0
520,529,Jerry Jacobs,DB,Arkansas,208,4.53,34.5,20.0,120.0,6.95,4.33,2021,5,10,5.833333333,0.0
521,530,Brenden Jaimes,OL,Nebraska,298,0.0,30.5,25.0,112.0,7.5,4.51,2021,6,5,6.416666667,0.0
522,531,Shemar Jean-Charles,DB,Appalachian St.,184,4.47,35.0,19.0,124.0,7.19,4.27,2021,5,10,5.833333333,0.0
523,532,Jermar Jefferson,RB,Oregon St.,206,4.57,31.0,13.0,115.0,7.38,4.38,2021,5,10,5.833333333,0.0
524,534,Teven Jenkins,OL,Oklahoma St.,317,5.01,32.5,36.0,106.0,7.72,4.66,2021,6,5,6.416666667,0.0
525,535,Adam Jewell,OL,Air Force,289,5.37,27.5,0.0,107.0,0.0,0.0,2021,6,2,6.166666667,0.0
526,536,Sterling Johnson,DL,Coastal Carolina,288,5.22,28.0,25.0,103.0,7.56,4.81,2021,6,3,6.25,0.0
527,537,Jerome Johnson,DL,Indiana,296,5.12,27.5,21.0,113.0,7.7,4.66,2021,6,2,6.166666667,0.0
528,538,Jamar Johnson,DB,Indiana,205,4.58,35.0,17.0,122.0,7.22,4.41,2021,6,2,6.166666667,0.0
529,539,Josh Johnson,RB,La-Monroe,209,4.61,35.5,22.0,115.0,7.16,4.4,2021,5,8,5.666666667,0.0
530,540,Johnathon Johnson,WR,Missouri,0,0.0,0.0,0.0,0.0,0.0,0.0,2021,0,0,0.0,0.0
531,541,Mustafa Johnson,DE,Colorado,280,0.0,29.0,27.0,103.0,7.18,4.51,2021,6,0,6.0,0.0
532,542,Patrick Johnson,DE,Tulane,240,4.59,35.0,16.0,119.0,6.97,4.41,2021,6,6,6.5,0.0
533,543,Zeandae Johnson,DE,California,270,4.89,27.5,22.0,108.0,0.0,0.0,2021,6,3,6.25,0.0
534,544,Jamal Jones,RB,Arkansas St.,198,4.67,28.0,23.0,112.0,7.39,4.65,2021,5,6,5.5,0.0
535,545,Ernest Jones,LB,South Carolina,230,4.65,38.5,0.0,0.0,0.0,0.0,2021,6,1,6.083333333,0.0
536,546,Mac Jones,QB,Alabama,217,4.72,32.0,0.0,116.0,7.04,4.39,2021,6,2,6.166666667,0.0
537,547,Naquan Jones,DT,Michigan St.,313,5.42,25.0,20.0,100.0,0.0,4.9,2021,6,3,6.25,0.0
538,548,Patrick Jones,DL,Pittsburgh,261,4.85,31.5,22.0,107.0,0.0,0.0,2021,6,4,6.333333333,0.0
539,549,Robert Jones,OL,Middle Tenn. St.,319,5.36,0.0,0.0,0.0,0.0,0.0,2021,6,4,6.333333333,0.0
540,550,Brevin Jordan,TE,Miami (FL),247,4.64,31.0,17.0,116.0,0.0,0.0,2021,6,2,6.166666667,0.0
541,551,Kelvin Joseph,DB,Kentucky,197,4.34,35.0,0.0,128.0,7.21,4.22,2021,5,11,5.916666667,0.0
542,552,Terrace Marshall Jr.,WR,LSU,205,4.4,39.0,19.0,125.0,0.0,0.0,2021,6,2,6.166666667,0.0
543,553,Asante Samuel Jr.,DB,Florida St.,180,4.45,35.0,12.0,124.0,6.95,4.13,2021,5,10,5.833333333,0.0
544,554,Thomas Graham Jr.,CB,Oregon,192,4.49,34.5,13.0,121.0,7.08,4.21,2021,5,10,5.833333333,0.0
545,555,Kary Vincent Jr.,CB,LSU,185,4.36,35.5,8.0,117.0,0.0,0.0,2021,5,9,5.75,0.0
546,556,Hunter Kampmoyer,TE,Oregon,243,4.83,31.0,21.0,113.0,7.28,4.54,2021,6,4,6.333333333,0.0
547,557,Xavier Kelly,DL,Arkansas,306,5.17,27.0,27.0,99.0,0.0,0.0,2021,6,4,6.333333333,0.0
548,558,Alex Kessman,K,Pittsburgh,189,0.0,0.0,0.0,0.0,0.0,0.0,2021,6,2,6.166666667,0.0
549,559,Devon Key,DB,Western Kentucky,208,4.56,38.0,20.0,123.0,7.13,4.15,2021,5,11,5.916666667,0.0
550,560,Cameron Kinley,CB,Navy,197,4.52,33.0,10.0,116.0,7.06,4.25,2021,6,0,6.0,0.0
551,561,Logan Klusman,LS,Kansas,235,5.16,31.5,0.0,110.0,7.65,4.65,2021,6,0,6.0,0.0
552,562,Brenden Knox,RB,Marshall,215,4.67,35.0,23.0,112.0,7.19,4.39,2021,5,10,5.833333333,0.0
553,563,Ben Knutson,OL,Tulane,301,5.27,24.0,12.0,99.0,8.01,4.85,2021,6,7,6.583333333,0.0
554,564,Malcolm Koonce,DE,Buffalo,249,0.0,0.0,0.0,0.0,0.0,0.0,2021,6,2,6.166666667,0.0
555,565,Tommy Kraemer,OL,Notre Dame,309,0.0,0.0,0.0,0.0,0.0,0.0,2021,6,5,6.416666667,0.0
556,566,Adam Krumholz,WR,Wisconsin,193,4.6,35.5,11.0,118.0,7.03,4.28,2021,6,0,6.0,0.0
557,567,Bruno Labelle,TE,Cincinnati,247,4.73,36.0,19.0,123.0,7.36,4.43,2021,6,4,6.333333333,0.0
558,568,Trey Lance,QB,North Dakota St.,224,0.0,0.0,0.0,0.0,0.0,0.0,2021,6,3,6.25,0.0
559,569,Cole Van Lanen,OL,Wisconsin,305,5.11,30.0,22.0,107.0,7.34,4.64,2021,6,4,6.333333333,0.0
560,570,Nolan Laufenberg,OL,Air Force,312,5.34,29.5,0.0,105.0,7.7,4.77,2021,6,4,6.333333333,0.0
561,571,Trevor Lawrence,QB,Clemson,213,0.0,0.0,0.0,0.0,0.0,0.0,2021,6,5,6.416666667,0.0
562,572,Alex Leatherwood,OL,Alabama,312,4.96,34.5,0.0,118.0,0.0,0.0,2021,6,5,6.416666667,0.0
563,573,Richard LeCounte,DB,Georgia,196,4.79,32.5,0.0,128.0,7.44,4.49,2021,5,10,5.833333333,0.0
564,574,Riley Lees,WR,Northwestern,192,4.47,35.0,7.0,119.0,6.78,4.16,2021,5,11,5.916666667,0.0
565,575,Deommodore Lenoir,CB,Oregon,199,4.48,34.5,15.0,121.0,7.02,4.35,2021,5,10,5.833333333,0.0
566,576,Walker Little,OT,Stanford,313,5.3,29.5,24.0,111.0,7.44,4.59,2021,6,7,6.583333333,0.0
567,577,Jeremiah Littles,DL,South Alabama,278,5.15,26.0,17.0,98.0,7.9,4.87,2021,6,0,6.0,0.0
568,578,Roy Lopez,DL,Arizona,304,5.19,31.0,36.0,105.0,7.39,4.51,2021,6,1,6.083333333,0.0
569,579,Isaiahh Loudermilk,DE,Wisconsin,274,5.08,28.5,21.0,112.0,7.52,4.55,2021,6,6,6.5,0.0
570,580,Blake Lynch,K,Kansas St.,144,0.0,0.0,0.0,0.0,0.0,0.0,2021,5,4,5.333333333,0.0
571,581,Artayvious Lynn,TE,TCU,271,0.0,0.0,0.0,0.0,0.0,0.0,2021,6,4,6.333333333,0.0
572,582,Branden Mack,WR,Temple,217,4.66,31.0,11.0,115.0,7.13,4.37,2021,6,5,6.416666667,0.0
573,583,CJ Marable,RB,Coastal Carolina,195,4.59,36.0,17.0,116.0,7.25,4.39,2021,5,6,5.5,0.0
574,585,Jonathan Marshall,DL,Arkansas,310,4.88,32.0,36.0,114.0,0.0,0.0,2021,6,3,6.25,0.0
575,586,Ben Mason,TE,Michigan,246,4.73,37.5,29.0,117.0,6.96,4.42,2021,6,2,6.166666667,0.0
576,587,Mac McCain,DB,North Carolina A&T,186,4.45,35.5,13.0,123.0,6.94,4.12,2021,5,11,5.916666667,0.0
577,588,Khalil McClain,WR,Troy,214,4.7,32.0,15.0,114.0,7.72,4.5,2021,6,2,6.166666667,0.0
578,589,Jaylon McClain-Sapp,DB,Marshall,183,4.49,41.0,14.0,125.0,7.21,4.46,2021,5,9,5.75,0.0
579,590,Nick McCloud,CB,Notre Dame,193,4.45,34.0,12.0,0.0,6.88,4.16,2021,6,0,6.0,0.0
580,591,Sandon McCoy,RB,Army,215,4.78,32.0,18.0,114.0,7.47,4.56,2021,5,10,5.833333333,0.0
581,592,Greg McCrae,RB,Central Florida,182,4.57,37.5,0.0,124.0,6.89,4.34,2021,5,9,5.75,0.0
582,593,Tre' McKitty,TE,Georgia,247,0.0,0.0,0.0,0.0,0.0,0.0,2021,6,4,6.333333333,0.0
583,594,Romeo McKnight,DE,Charlotte,252,4.98,38.0,0.0,118.0,7.06,4.2,2021,6,4,6.333333333,0.0
584,595,Isaiah McKoy,WR,Kent St.,200,4.68,29.5,12.0,114.0,7.09,4.36,2021,6,2,6.166666667,0.0
585,596,Racey McMath,WR,LSU,217,4.36,34.0,0.0,124.0,7.38,4.38,2021,6,2,6.166666667,0.0
586,597,Joshua McMillon,LB,Alabama,0,0.0,0.0,0.0,0.0,0.0,0.0,2021,0,0,0.0,0.0
587,598,Zech McPhearson,DB,Texas Tech,191,4.48,40.5,14.0,130.0,6.88,4.0,2021,5,10,5.833333333,0.0
588,599,Evan McPherson,K,Florida,185,0.0,0.0,0.0,0.0,0.0,0.0,2021,5,11,5.916666667,0.0
589,600,Trae Meadows,DB,Western Kentucky,183,4.65,29.0,6.0,118.0,7.3,4.39,2021,6,0,6.0,0.0
590,601,Quinn Meinerz,OL,Wisconsin–Whitewater,320,4.99,32.0,0.0,111.0,7.54,4.58,2021,6,2,6.166666667,0.0
591,602,Ifeatu Melifonwu,DB,Syracuse,205,4.48,41.5,16.0,134.0,7.01,4.34,2021,6,2,6.166666667,0.0
592,603,Jordan Meredith,OL,Western Kentucky,302,5.11,32.0,25.0,109.0,7.41,4.62,2021,6,2,6.166666667,0.0
593,604,Forrest Merrill,DL,Arkansas St.,322,5.27,26.5,36.0,101.0,8.24,4.81,2021,6,0,6.0,0.0
594,605,Scott Meyer,LS,Vanderbilt,237,0.0,0.0,0.0,102.0,7.54,4.65,2021,6,1,6.083333333,0.0
595,606,Davis Mills,QB,Stanford,217,4.82,32.0,0.0,110.0,6.95,4.4,2021,6,3,6.25,0.0
596,607,Dedrick Mills,RB,Nebraska,217,4.65,32.5,13.0,117.0,7.06,4.35,2021,5,9,5.75,0.0
597,608,Dax Milne,WR,BYU,0,4.54,31.0,14.0,114.0,0.0,4.19,2021,0,0,0.0,0.0
598,609,Andre Mintze,LB,Vanderbilt,253,4.59,0.0,18.0,119.0,0.0,0.0,2021,6,2,6.166666667,0.0
599,610,Elijah Mitchell,RB,Louisiana,201,4.38,37.5,17.0,128.0,6.94,4.19,2021,5,10,5.833333333,0.0
600,611,Trevon Moehrig,S,TCU,0,4.5,33.0,0.0,0.0,0.0,4.19,2021,0,0,0.0,0.0
601,612,Elijah Molden,DB,Washington,192,4.62,36.5,13.0,125.0,0.0,0.0,2021,5,9,5.75,0.0
602,613,Briley Moore,TE,Kansas St.,240,4.66,37.5,26.0,123.0,7.24,4.37,2021,6,4,6.333333333,0.0
603,614,Jaylon Moore,OT,West. Michigan,311,5.25,30.0,27.0,106.0,7.77,4.67,2021,6,4,6.333333333,0.0
604,615,David Moore,QB,Central Michigan,200,4.86,29.5,0.0,112.0,7.62,4.75,2021,6,0,6.0,0.0
605,616,Elijah Moore,WR,Mississippi,0,4.35,36.0,17.0,121.0,6.63,4.07,2021,0,0,0.0,0.0
606,617,Rondale Moore,WR,Purdue,180,4.28,42.5,0.0,0.0,6.65,4.06,2021,5,7,5.583333333,0.0
607,618,Quintin Morris,TE,Bowling Green,243,4.6,34.0,22.0,119.0,7.12,4.55,2021,6,2,6.166666667,0.0
608,619,Jimmy Morrissey,OL,Pittsburgh,303,5.31,31.0,26.0,105.0,7.39,4.47,2021,6,3,6.25,0.0
609,620,E.J. Muhammad,DB,Nevada,184,4.72,31.0,0.0,116.0,7.35,4.4,2021,5,10,5.833333333,0.0
610,621,Israel Mukuamu,DB,South Carolina,0,0.0,36.0,34.0,0.0,0.0,0.0,2021,0,0,0.0,0.0
611,622,Josh Myers,C,Ohio St.,310,0.0,0.0,29.0,0.0,0.0,0.0,2021,6,5,6.416666667,0.0
612,623,Jonathan Nance,WR,Missouri,0,0.0,0.0,0.0,0.0,0.0,0.0,2021,0,0,0.0,0.0
613,624,Hamsah Nasirildeen,DB,Florida St.,215,0.0,32.0,17.0,0.0,7.05,4.31,2021,6,3,6.25,0.0
614,625,Lorenzo Neal,DT,Purdue,318,5.59,0.0,27.0,0.0,0.0,0.0,2021,0,0,0.0,0.0
615,626,Ryan Neuzil,OL,Appalachian St.,301,5.09,29.0,30.0,102.0,7.41,4.53,2021,6,2,6.166666667,0.0
616,627,Royce Newman,OL,Mississippi,310,5.14,28.0,23.0,104.0,7.91,4.75,2021,6,5,6.416666667,0.0
617,628,Jamie Newman,QB,Georgia,234,0.0,0.0,0.0,0.0,0.0,0.0,2021,6,2,6.166666667,0.0
618,629,Dazz Newsome,WR,North Carolina,190,4.59,34.0,12.0,121.0,7.38,4.38,2021,5,10,5.833333333,0.0
619,630,Greg Newsome,DB,Northwestern,192,4.39,40.0,18.0,123.0,6.9,4.26,2021,6,0,6.0,0.0
620,631,Nick Niemann,LB,Iowa,234,4.45,33.5,0.0,121.0,6.67,4.14,2021,6,3,6.25,0.0
621,632,Daviyon Nixon,DT,Iowa,313,4.9,28.5,0.0,106.0,7.68,4.7,2021,6,3,6.25,0.0
622,633,Tre Nixon,WR,Central Florida,187,4.44,35.5,18.0,125.0,6.81,4.27,2021,6,0,6.0,0.0
623,634,Tre Norwood,DB,Oklahoma,192,4.58,33.5,12.0,123.0,7.65,4.45,2021,5,11,5.916666667,0.0
624,636,Antonio Nunn,WR,Buffalo,204,4.5,33.5,15.0,120.0,7.12,4.32,2021,5,11,5.916666667,0.0
625,637,Dayo Odeyingbo,DL,Vanderbilt,276,0.0,0.0,0.0,0.0,0.0,0.0,2021,6,5,6.416666667,0.0
626,638,Nick Oelrich,DB,Florida,203,4.68,33.5,13.0,117.0,7.28,4.4,2021,6,0,6.0,0.0
627,639,Amen Ogbongbemiga,LB,Oklahoma St.,231,4.66,32.0,24.0,112.0,7.32,4.28,2021,6,0,6.0,0.0
628,640,Adetokunbo Ogundeji,DL,Notre Dame,260,4.75,32.0,22.0,120.0,7.17,4.64,2021,6,4,6.333333333,0.0
629,641,Azeez Ojulari,OLB,Georgia,249,4.63,30.0,26.0,127.0,7.27,4.34,2021,6,2,6.166666667,0.0
630,642,Levi Onwuzurike,DL,Washington,290,4.89,30.0,29.0,109.0,0.0,0.0,2021,6,2,6.166666667,0.0
631,643,Joseph Ossai,LB,Texas,256,4.63,41.5,19.0,131.0,0.0,0.0,2021,6,3,6.25,0.0
632,644,Jayson Oweh,DE,Penn St.,257,4.36,39.5,21.0,134.0,6.83,4.21,2021,6,5,6.416666667,0.0
633,645,Jeremiah Owusu-Koramoah,LB,Notre Dame,221,0.0,36.5,0.0,124.0,6.8,4.15,2021,6,1,6.083333333,0.0
634,646,JR Pace,DB,Northwestern,205,4.72,35.5,12.0,120.0,6.94,4.24,2021,6,1,6.083333333,0.0
635,647,AJ Parker,DB,Kansas St.,182,4.53,33.5,10.0,117.0,7.02,4.37,2021,5,11,5.916666667,0.0
636,648,Micah Parsons,LB,Penn St.,246,4.39,34.0,19.0,126.0,6.89,4.4,2021,6,3,6.25,0.0
637,649,Jarrett Patterson,OL,Notre Dame,195,4.52,0.0,0.0,0.0,0.0,0.0,2021,5,6,5.5,0.0
638,650,Riley Patterson,K,Memphis,181,0.0,0.0,0.0,0.0,0.0,0.0,2021,5,10,5.833333333,0.0
639,651,Jaret Patterson,RB,Buffalo,195,4.59,30.0,19.0,117.0,7.03,4.35,2021,5,6,5.5,0.0
640,652,Kwity Paye,DL,Michigan,261,4.52,35.3,36.0,118.0,0.0,0.0,2021,6,2,6.166666667,0.0
641,653,Josh Pederson,TE,La-Monroe,234,4.81,28.5,19.0,110.0,7.31,4.43,2021,6,4,6.333333333,0.0
642,654,Ronnie Perkins,DE,Oklahoma,253,4.71,32.0,25.0,115.0,0.0,4.69,2021,6,2,6.166666667,0.0
643,655,Jordyn Peters,DB,Auburn,202,4.7,39.5,7.0,124.0,7.14,4.47,2021,6,0,6.0,0.0
644,656,Jaelan Phillips,DL,Miami (FL),260,4.56,36.0,21.0,125.0,0.0,0.0,2021,6,5,6.416666667,0.0
645,657,Whop Philyor,WR,Indiana,184,4.57,31.0,14.0,120.0,7.2,4.34,2021,5,9,5.75,0.0
646,658,Nick Pickett,S,Oregon,201,4.65,35.5,18.0,119.0,7.4,4.43,2021,6,0,6.0,0.0
647,659,Jason Pinnock,DB,Pittsburgh,204,4.49,39.5,15.0,128.0,6.9,4.1,2021,6,0,6.0,0.0
648,660,Kyle Pitts,TE,Florida,245,4.44,33.5,22.0,129.0,7.12,4.3,2021,6,5,6.416666667,0.0
649,661,Kyle Poland,LS,West Virginia,237,4.97,32.5,12.0,111.0,7.47,4.5,2021,6,1,6.083333333,0.0
650,662,Elijah Ponder,DT,Cincinnati,268,5.06,30.0,27.0,101.0,7.45,4.53,2021,6,1,6.083333333,0.0
651,663,Cornell Powell,WR,Clemson,204,4.53,36.5,16.0,128.0,7.03,4.21,2021,6,0,6.0,0.0
652,664,Blake Proehl,WR,East Carolina,186,4.47,36.0,12.0,126.0,7.0,4.06,2021,6,1,6.083333333,0.0
653,665,Dillon Radunz,OT,North Dakota St.,301,5.16,32.0,24.0,112.0,7.27,4.57,2021,6,5,6.416666667,0.0
654,666,Trey Ragas,RB,Louisiana,214,4.6,33.5,23.0,117.0,7.19,4.5,2021,5,10,5.833333333,0.0
655,667,John Raine,TE,Northwestern,231,5.05,31.0,15.0,107.0,7.32,4.54,2021,6,1,6.083333333,0.0
656,668,Peyton Ramsey,QB,Northwestern,215,4.77,28.0,0.0,108.0,7.28,4.41,2021,6,1,6.083333333,0.0
657,669,Hamilcar Rashed,OLB,Oregon St.,251,4.58,35.5,25.0,128.0,7.51,4.44,2021,6,2,6.166666667,0.0
658,670,Jon Rhattigan,LB,Army,236,4.77,32.0,22.0,111.0,7.41,4.3,2021,6,0,6.0,0.0
659,671,Monty Rice,LB,Georgia,233,4.58,32.0,0.0,121.0,7.34,4.33,2021,6,0,6.0,0.0
660,672,Curtis Robinson,LB,Stanford,236,4.6,37.5,22.0,117.0,7.0,4.26,2021,6,3,6.25,0.0
661,673,Aaron Robinson,DB,Central Florida,186,4.39,37.0,15.0,123.0,6.89,4.29,2021,5,11,5.916666667,0.0
662,674,Quincy Roche,DL,Miami (FL),0,0.0,32.5,23.0,119.0,0.0,0.0,2021,0,0,0.0,0.0
663,675,Robert Rochell,DB,Central Arkansas,193,4.41,43.0,9.0,133.0,6.84,4.08,2021,5,11,5.916666667,0.0
664,676,Amari Rodgers,WR,Clemson,212,4.52,33.0,19.0,121.0,7.07,4.31,2021,5,9,5.75,0.0
665,677,Asim Rose,RB,Kentucky,215,4.51,34.0,24.0,120.0,7.25,4.62,2021,6,1,6.083333333,0.0
666,678,Zach Von Rosenberg,P,LSU,235,0.0,0.0,0.0,0.0,0.0,0.0,2021,6,4,6.333333333,0.0
667,679,Larry Rountree,RB,Missouri,0,4.62,30.0,0.0,0.0,6.96,0.0,2021,0,0,0.0,0.0
668,680,Gregory Rousseau,DL,Miami (FL),266,4.68,30.0,21.0,115.0,0.0,0.0,2021,6,6,6.5,0.0
669,681,Dionte Ruffin,DB,Western Kentucky,180,4.54,36.5,8.0,127.0,7.05,4.27,2021,5,10,5.833333333,0.0
670,682,Chris Rumph,DE,Duke,244,0.0,0.0,18.0,0.0,0.0,0.0,2021,6,2,6.166666667,0.0
671,683,K.J. Sails,DB,South Florida,177,4.67,32.5,9.0,114.0,7.08,4.44,2021,5,10,5.833333333,0.0
672,684,Teton Saltes,OL,New Mexico,300,5.04,30.5,22.0,105.0,7.76,4.64,2021,6,4,6.333333333,0.0
673,685,Cameron Sample,DE,Tulane,267,4.72,37.0,23.0,116.0,7.39,4.48,2021,6,2,6.166666667,0.0
674,687,Foster Sarell,OL,Stanford,318,5.54,27.0,26.0,97.0,7.63,4.69,2021,6,6,6.5,0.0
675,688,Mekhi Sargent,RB,Iowa,208,4.62,33.5,0.0,114.0,7.08,4.39,2021,5,8,5.666666667,0.0
676,689,Thomas Schaffer,DE,Stanford,302,0.0,0.0,23.0,0.0,0.0,0.0,2021,6,6,6.5,0.0
677,690,Ry Schneider,OL,Oklahoma St.,312,5.67,23.5,26.0,85.0,8.51,5.37,2021,6,2,6.166666667,0.0
678,691,Anthony Schwartz,WR,Auburn,186,4.27,32.0,0.0,123.0,7.13,4.25,2021,6,0,6.0,0.0
679,692,Jordon Scott,DT,Oregon,311,0.0,0.0,23.0,0.0,0.0,0.0,2021,6,0,6.0,0.0
680,693,Stevie Scott,RB,Indiana,225,4.66,31.0,18.0,119.0,7.14,4.57,2021,6,0,6.0,0.0
681,694,Trey Sermon,RB,Ohio St.,215,4.57,37.0,0.0,125.0,6.83,4.28,2021,6,0,6.0,0.0
682,695,Penei Sewell,OL,Oregon,331,5.13,28.0,30.0,109.0,7.76,4.68,2021,6,4,6.333333333,0.0
683,696,Tyler Shelvin,DT,LSU,350,5.4,28.5,0.0,97.0,8.15,5.05,2021,6,2,6.166666667,0.0
684,697,William Sherman,OL,Colorado,304,5.19,26.0,23.0,108.0,7.71,4.82,2021,6,3,6.25,0.0
685,698,Jamien Sherwood,DB,Auburn,216,4.76,36.0,15.0,123.0,7.15,4.36,2021,6,1,6.083333333,0.0
686,699,Jacob Shoemaker,OL,South Alabama,319,5.49,24.0,20.0,93.0,8.2,5.02,2021,6,3,6.25,0.0
687,700,George Silvanic,DT,Air Force,286,5.21,29.5,0.0,105.0,7.5,4.6,2021,6,5,6.416666667,0.0
688,701,Antjuan Simmons,LB,Michigan St.,218,4.8,0.0,0.0,0.0,0.0,0.0,2021,5,11,5.916666667,0.0
689,702,Ben Skowronek,WR,Notre Dame,220,0.0,0.0,13.0,0.0,0.0,0.0,2021,6,2,6.166666667,0.0
690,703,Rashawn Slater,OL,Northwestern,304,4.91,33.0,33.0,112.0,7.48,4.45,2021,6,4,6.333333333,0.0
691,704,Tedarrell Slaton,DL,Florida,330,5.09,29.0,27.0,109.0,7.91,4.81,2021,6,4,6.333333333,0.0
692,705,Trystan Slinker,LB,Baylor,234,4.84,30.5,20.0,119.0,7.59,4.63,2021,5,10,5.833333333,0.0
693,706,Shaq Smith,LB,Maryland,237,4.79,30.0,22.0,110.0,7.34,4.3,2021,6,2,6.166666667,0.0
694,707,D'Ante Smith,OL,East Carolina,305,5.29,29.0,24.0,113.0,7.96,4.81,2021,6,5,6.416666667,0.0
695,708,DAnte Smith,LB,Arizona,305,5.29,29.0,24.0,113.0,7.96,4.81,2021,6,5,6.416666667,0.0
696,709,Brandon Smith,WR,Iowa,218,4.62,39.5,0.0,130.0,0.0,0.0,2021,6,1,6.083333333,0.0
697,710,Elerson Smith,DL,Northern Iowa,0,4.71,41.5,26.0,127.0,7.0,4.39,2021,0,0,0.0,0.0
698,711,Jordan Smith,OLB,Ala-Birmingham,264,4.8,33.0,16.0,117.0,0.0,0.0,2021,6,5,6.416666667,0.0
699,712,Zach Smith,QB,Tulsa,222,5.23,29.5,0.0,111.0,7.26,4.52,2021,6,3,6.25,0.0
700,713,Ihmir Smith-Marsette,WR,Iowa,181,4.43,37.0,0.0,124.0,7.0,4.2,2021,6,0,6.0,0.0
701,714,Benjamin St-Juste,DB,Minnesota,202,4.51,34.5,11.0,119.0,6.63,3.96,2021,6,3,6.25,0.0
702,715,Caden Sterns,DB,Texas,202,4.41,42.0,14.0,128.0,6.96,4.13,2021,5,11,5.916666667,0.0
703,716,Jacoby Stevens,S,LSU,212,4.63,42.0,0.0,130.0,0.0,0.0,2021,6,1,6.083333333,0.0
704,717,Marquez Stevenson,WR,Houston,180,4.48,33.0,0.0,122.0,6.76,4.14,2021,5,10,5.833333333,0.0
705,718,Rhamondre Stevenson,RB,Oklahoma,231,4.64,31.5,15.0,112.0,7.09,4.15,2021,5,11,5.916666667,0.0
706,719,Brad Stewart,DB,Florida,195,4.59,33.5,11.0,126.0,0.0,4.44,2021,6,0,6.0,0.0
707,720,Darius Stills,DL,West Virginia,278,4.98,32.5,23.0,110.0,7.18,4.49,2021,6,0,6.0,0.0
708,721,Donovan Stiner,DB,Florida,205,4.56,34.5,15.0,127.0,7.08,4.3,2021,6,1,6.083333333,0.0
709,722,Eric Stokes,DB,Georgia,194,4.31,38.5,14.0,128.0,6.96,4.36,2021,6,0,6.0,0.0
710,723,Mason Stokke,FB,Wisconsin,242,4.96,30.5,22.0,112.0,7.2,4.34,2021,6,2,6.166666667,0.0
711,724,Jack Stoll,TE,Nebraska,247,4.6,31.5,16.0,119.0,6.86,4.32,2021,6,3,6.25,0.0
712,725,Dillon Stoner,WR,Oklahoma St.,194,4.51,37.0,16.0,123.0,6.96,4.13,2021,6,0,6.0,0.0
713,726,Eli Stove,WR,Auburn,194,4.54,30.5,14.0,119.0,7.34,4.4,2021,5,11,5.916666667,0.0
714,727,Corey Straughter,CB,La-Monroe,184,4.62,35.0,11.0,117.0,7.37,4.58,2021,5,10,5.833333333,0.0
715,728,Elijah Sullivan,LB,Kansas St.,214,4.69,0.0,13.0,115.0,7.12,4.31,2021,6,0,6.0,0.0
716,729,Chazz Surratt,LB,North Carolina,229,4.58,31.0,25.0,0.0,7.02,4.16,2021,6,2,6.166666667,0.0
717,730,Sage Surratt,WR,Wake Forest,209,4.66,0.0,18.0,0.0,0.0,4.25,2021,6,2,6.166666667,0.0
718,731,Patrick Surtain,DB,Alabama,208,4.42,39.0,18.0,131.0,0.0,0.0,2021,6,2,6.166666667,0.0
719,732,Jovan Swann,DL,Indiana,291,4.9,30.5,34.0,109.0,7.74,4.75,2021,6,2,6.166666667,0.0
720,733,Tim Tanner-Blair,OL,Bowling Green,288,5.59,21.0,32.0,93.0,8.06,4.95,2021,6,3,6.25,0.0
721,734,Keith Taylor,DB,Washington,187,4.54,33.5,12.0,127.0,6.85,4.26,2021,6,2,6.166666667,0.0
722,735,Tamorrion Terry,WR,Florida St.,207,4.44,32.5,15.0,126.0,7.0,4.53,2021,6,2,6.166666667,0.0
723,736,Kiondre Thomas,DB,Kansas St.,186,4.44,37.5,10.0,122.0,6.94,4.35,2021,5,11,5.916666667,0.0
724,738,Ambry Thomas,DB,Michigan,191,4.37,38.0,15.0,122.0,0.0,0.0,2021,5,11,5.916666667,0.0
725,739,Zac Thomas,QB,Appalachian St.,205,4.59,30.0,0.0,115.0,7.06,4.28,2021,6,0,6.0,0.0
726,740,Tyree Thompson,LB,Buffalo,229,5.0,31.0,18.0,109.0,7.87,4.96,2021,6,1,6.083333333,0.0
727,741,Kevin Thomson,QB,Washington,198,4.75,35.5,21.0,126.0,6.98,4.23,2021,6,0,6.0,0.0
728,742,Tommy Togiai,DT,Ohio St.,296,4.97,32.0,40.0,105.0,7.2,4.49,2021,6,1,6.083333333,0.0
729,743,Jet Toner,K,Stanford,204,0.0,0.0,0.0,0.0,0.0,0.0,2021,6,2,6.166666667,0.0
730,744,Kadarius Toney,WR,Florida,193,4.39,39.5,9.0,136.0,6.88,4.25,2021,5,11,5.916666667,0.0
731,745,Shaka Toney,DE,Penn St.,242,4.51,39.0,24.0,128.0,6.95,4.28,2021,6,2,6.166666667,0.0
732,746,Khyiris Tonga,DL,BYU,0,0.0,0.0,35.0,0.0,0.0,0.0,2021,0,0,0.0,0.0
733,747,Kyle Trask,QB,Florida,236,5.1,31.5,0.0,113.0,7.08,4.6,2021,6,5,6.416666667,0.0
734,748,Tommy Tremble,TE,Notre Dame,241,4.6,36.5,20.0,122.0,0.0,0.0,2021,6,3,6.25,0.0
735,749,Harry Trotter,RB,Kansas St.,207,4.63,32.5,22.0,112.0,0.0,0.0,2021,5,8,5.666666667,0.0
736,750,Joe Tryon,OLB,Washington,259,4.69,35.0,22.0,116.0,7.18,4.36,2021,6,5,6.416666667,0.0
737,751,Israel Tucker,RB,Louisiana Tech,194,4.6,38.5,20.0,123.0,7.25,4.52,2021,5,7,5.583333333,0.0
738,752,Carl Tucker,TE,Alabama,0,0.0,0.0,0.0,0.0,0.0,0.0,2021,0,0,0.0,0.0
739,753,Ethan Tucky,LB,Cincinnati,231,4.62,31.5,21.0,115.0,7.08,4.3,2021,6,1,6.083333333,0.0
740,754,Jay Tufele,DL,USC,305,5.0,30.0,30.0,105.0,7.8,4.88,2021,6,2,6.166666667,0.0
741,755,Syrus Tuitele,OL,Fresno St.,311,5.21,26.0,36.0,94.0,8.25,4.89,2021,6,5,6.416666667,0.0
742,756,Payton Turner,DL,Houston,268,0.0,35.5,23.0,0.0,6.98,4.33,2021,6,5,6.416666667,0.0
743,757,Christian Tutt,DB,Auburn,180,4.73,29.5,0.0,110.0,7.22,4.25,2021,5,10,5.833333333,0.0
744,758,Jaylen Twyman,DL,Pittsburgh,301,5.4,32.5,40.0,104.0,8.0,0.0,2021,6,1,6.083333333,0.0
745,759,Evan Tyler,S,Boise St.,199,4.58,33.0,13.0,117.0,7.14,4.32,2021,6,1,6.083333333,0.0
746,760,Tyler Vaughns,WR,USC,190,4.62,31.5,7.0,120.0,7.13,4.36,2021,6,1,6.083333333,0.0
747,761,Alijah Vera-Tucker,OL,USC,308,5.05,32.0,36.0,106.0,7.67,4.7,2021,6,4,6.333333333,0.0
748,762,Gunnar Vogel,OL,Northwestern,306,5.47,26.0,23.0,105.0,7.67,4.92,2021,6,6,6.5,0.0
749,763,Lamont Wade,S,Penn St.,190,4.47,35.5,16.0,118.0,7.14,4.34,2021,5,9,5.75,0.0
750,764,Shaun Wade,CB,Ohio St.,196,0.0,0.0,0.0,0.0,0.0,0.0,2021,6,0,6.0,0.0
751,765,Tre Walker,WR,San Jose St.,178,4.58,28.0,0.0,113.0,7.75,4.47,2021,5,10,5.833333333,0.0
752,766,Tylan Wallace,WR,Oklahoma St.,194,4.48,33.0,11.0,112.0,6.97,4.25,2021,5,11,5.916666667,0.0
753,767,Garret Wallow,LB,TCU,0,4.65,32.5,22.0,122.0,6.87,4.12,2021,0,0,0.0,0.0
754,768,Ar'Darius Washington,S,TCU,178,4.61,37.5,17.0,127.0,7.06,4.1,2021,5,7,5.583333333,0.0
755,769,Jamar Watson,OLB,Kentucky,241,4.78,30.0,19.0,0.0,7.31,4.58,2021,6,1,6.083333333,0.0
756,770,Rashad Weaver,DL,Pittsburgh,259,4.88,32.0,20.0,114.0,6.97,4.26,2021,6,4,6.333333333,0.0
757,771,Mark Webb,DB,Georgia,207,4.61,36.5,0.0,136.0,7.3,4.52,2021,6,1,6.083333333,0.0
758,772,Connor Wedington,WR,Stanford,196,4.47,38.5,13.0,117.0,6.66,4.07,2021,6,0,6.0,0.0
759,773,Coby Weiss,K,South Florida,155,0.0,0.0,0.0,0.0,0.0,0.0,2021,5,8,5.666666667,0.0
760,774,Pro Wells,TE,TCU,0,0.0,0.0,0.0,0.0,0.0,0.0,2021,0,0,0.0,0.0
761,775,Pete Werner,LB,Ohio St.,238,4.58,39.5,20.0,122.0,6.95,4.38,2021,6,2,6.166666667,0.0
762,776,Devon Wharton,DE,Western Kentucky,215,5.1,30.5,4.0,115.0,8.12,4.7,2021,6,2,6.166666667,0.0
763,777,Jarell White,LB,Cincinnati,202,4.58,35.0,22.0,125.0,7.21,4.35,2021,5,8,5.666666667,0.0
764,778,Brendon White,DB,Rutgers,215,4.66,34.5,19.0,112.0,6.82,4.33,2021,6,1,6.083333333,0.0
765,779,Brady White,QB,Memphis,210,4.84,29.0,0.0,0.0,6.97,4.33,2021,6,1,6.083333333,0.0
766,780,Haydon Whitehead,P,Indiana,202,0.0,0.0,0.0,0.0,0.0,0.0,2021,6,2,6.166666667,0.0
767,781,James Wiggins,S,Cincinnati,209,4.4,38.0,22.0,127.0,0.0,0.0,2021,5,11,5.916666667,0.0
768,782,Rachad Wildgoose,CB,Wisconsin,197,4.53,36.0,11.0,120.0,7.09,4.18,2021,5,11,5.916666667,0.0
769,783,Drew Wiley,DT,Kansas St.,294,5.24,34.0,24.0,112.0,7.34,4.45,2021,6,4,6.333333333,0.0
770,784,Adam Williams,P,Memphis,226,0.0,0.0,0.0,0.0,0.0,0.0,2021,6,4,6.333333333,0.0
771,785,Carson Williams,OL,Arkansas St.,254,4.79,38.0,18.0,115.0,0.0,0.0,2021,6,4,6.333333333,0.0
772,786,Avery Williams,CB,Boise St.,187,4.43,33.5,19.0,121.0,6.88,4.0,2021,5,8,5.666666667,0.0
773,787,Javonte Williams,RB,North Carolina,212,4.55,36.0,22.0,123.0,6.97,4.09,2021,5,9,5.75,0.0
774,789,Marlon Williams,WR,Central Florida,209,4.63,33.5,14.0,119.0,0.0,4.57,2021,5,11,5.916666667,0.0
775,790,Milton Williams,DL,Louisiana Tech,284,4.67,38.5,34.0,121.0,6.96,4.33,2021,6,3,6.25,0.0
776,791,Pooka Williams,RB,Kansas,170,4.46,31.5,4.0,118.0,7.03,4.26,2021,5,9,5.75,0.0
777,792,Rodarius Williams,CB,Oklahoma St.,189,4.5,36.5,14.0,123.0,6.98,4.15,2021,5,11,5.916666667,0.0
778,793,Seth Williams,WR,Auburn,211,4.49,37.0,12.0,124.0,7.2,4.43,2021,6,3,6.25,0.0
779,794,Trill Williams,CB,Syracuse,208,0.0,36.0,20.0,123.0,0.0,0.0,2021,6,2,6.166666667,0.0
780,795,Marco Wilson,CB,Florida,191,4.37,43.5,26.0,136.0,6.8,4.13,2021,5,11,5.916666667,0.0
781,796,Marvin Wilson,DT,Florida St.,303,5.12,25.5,23.0,107.0,7.64,4.91,2021,6,3,6.25,0.0
782,797,Zach Wilson,QB,BYU,214,0.0,0.0,0.0,0.0,0.0,0.0,2021,6,2,6.166666667,0.0
783,798,Brock Wright,TE,Notre Dame,257,4.62,31.5,26.0,118.0,7.27,4.25,2021,6,4,6.333333333,0.0
784,799,Nahshon Wright,DB,Oregon St.,183,4.46,31.0,6.0,126.0,7.24,4.57,2021,6,4,6.333333333,0.0
785,800,Kenny Yeboah,TE,Mississippi,250,0.0,34.0,0.0,116.0,0.0,0.0,2021,6,3,6.25,0.0
786,801,Devonte Young,DB,Iowa,195,4.7,32.0,0.0,118.0,7.41,4.38,2021,5,11,5.916666667,0.0
787,802,Landon Young,OT,Kentucky,310,5.0,30.5,34.0,108.0,7.7,4.89,2021,6,6,6.5,0.0
788,803,Trey Adams,OL,Washington,318,5.6,24.5,0.0,92.0,0.0,0.0,2020,6,8,6.666666667,0.0
789,804,Hakeem Adeniji,OL,Kansas,302,5.17,34.0,26.0,115.0,0.0,0.0,2020,6,4,6.333333333,0.0
790,805,McTelvin Agim,DL,Arkansas,309,4.98,0.0,27.0,0.0,0.0,0.0,2020,6,3,6.25,0.0
791,806,Salvon Ahmed,RB,Washington,197,4.62,34.5,0.0,120.0,0.0,0.0,2020,5,11,5.916666667,0.0
792,807,Brandon Aiyuk,WR,Arizona State,205,4.5,40.0,11.0,128.0,0.0,0.0,2020,6,0,6.0,0.0
793,808,Cam Akers,RB,Florida State,217,4.47,35.5,20.0,122.0,0.0,4.42,2020,5,10,5.833333333,0.0
794,809,Bradlee Anae,DL,Utah,257,4.93,31.0,25.0,115.0,7.44,4.43,2020,6,3,6.25,0.0
795,810,Tremayne Anchrum,OL,Clemson,314,5.21,24.5,26.0,104.0,0.0,0.0,2020,6,2,6.166666667,0.0
796,811,Jet Anderson,RB,TCU,208,4.61,36.0,19.0,128.0,0.0,4.19,2020,5,10,5.833333333,0.0
797,812,Damon Arnette,CB,Ohio State,195,4.56,0.0,0.0,0.0,0.0,0.0,2020,6,0,6.0,0.0
798,813,Grayland Arnold,CB,Baylor,186,4.59,33.0,12.0,120.0,7.01,4.3,2020,5,9,5.75,0.0
799,814,Devin Asiasi,TE,UCLA,257,4.73,30.5,16.0,115.0,0.0,0.0,2020,6,3,6.25,0.0
800,815,Joe Bachie,LB,Michigan State,230,4.67,33.5,26.0,119.0,6.93,4.34,2020,6,1,6.083333333,0.0
801,816,Markus Bailey,LB,Purdue,235,0.0,0.0,15.0,0.0,0.0,0.0,2020,6,0,6.0,0.0
802,817,Trajan Bandy,CB,Miami,180,4.5,0.0,10.0,0.0,0.0,0.0,2020,5,8,5.666666667,0.0
803,818,Ben Bartch,OL,Saint John's (MN),309,0.0,0.0,0.0,0.0,0.0,0.0,2020,6,6,6.5,0.0
804,819,Tyler Bass,K,Georgia Southern,185,0.0,0.0,0.0,0.0,0.0,0.0,2020,5,10,5.833333333,0.0
805,820,Essang Bassey,CB,Wake Forest,191,4.46,39.5,12.0,128.0,6.95,4.13,2020,5,9,5.75,0.0
806,821,Zack Baun,LB,Wisconsin,238,4.65,32.5,24.0,115.0,7.0,4.31,2020,6,2,6.166666667,0.0
807,822,Omar Bayless,WR,Arkansas State,212,4.62,36.0,11.0,123.0,7.35,4.5,2020,6,1,6.083333333,0.0
808,823,Mekhi Becton,OL,Louisville,364,5.1,0.0,23.0,0.0,0.0,0.0,2020,6,7,6.583333333,0.0
809,824,LeVante Bellamy,RB,Western Michigan,192,4.5,39.5,16.0,125.0,0.0,0.0,2020,5,9,5.75,0.0
810,825,Eno Benjamin,RB,Arizona State,207,4.57,39.0,12.0,122.0,6.97,4.25,2020,5,9,5.75,0.0
811,826,Francis Bernard,LB,Utah,234,4.81,32.5,19.0,120.0,0.0,0.0,2020,6,0,6.0,0.0
812,827,Tyler Biadasz,OL,Wisconsin,314,0.0,0.0,0.0,0.0,0.0,0.0,2020,6,4,6.333333333,0.0
813,828,Daniel Bituli,LB,Tennessee,246,4.84,32.0,16.0,121.0,0.0,0.0,2020,6,2,6.166666667,0.0
814,829,Ross Blacklock,DL,TCU,290,4.9,29.0,0.0,107.0,7.77,4.67,2020,6,3,6.25,0.0
815,830,Julian Blackmon,S,Utah,187,0.0,0.0,0.0,0.0,0.0,0.0,2020,6,0,6.0,0.0
816,831,Rodrigo Blankenship,K,Georgia,190,0.0,0.0,0.0,0.0,0.0,0.0,2020,6,1,6.083333333,0.0
817,832,Lynn Bowden,WR,Kentucky,204,0.0,0.0,13.0,0.0,0.0,0.0,2020,5,11,5.916666667,0.0
818,833,Shaun Bradley,LB,Temple,235,4.51,32.5,14.0,121.0,7.07,4.24,2020,6,1,6.083333333,0.0
819,834,Ben Bredeson,OL,Michigan,315,0.0,0.0,0.0,0.0,0.0,0.0,2020,6,5,6.416666667,0.0
820,835,Jacob Breeland,TE,Oregon,252,0.0,0.0,0.0,0.0,0.0,0.0,2020,6,5,6.416666667,0.0
821,836,Jordyn Brooks,LB,Texas Tech,240,4.54,0.0,0.0,0.0,0.0,0.0,2020,6,0,6.0,0.0
822,837,Cameron Brown,LB,Penn State,233,4.72,35.5,16.0,123.0,0.0,0.0,2020,6,5,6.416666667,0.0
823,838,Derrick Brown,DL,Auburn,326,5.16,27.0,28.0,108.0,8.22,4.79,2020,6,5,6.416666667,0.0
824,839,Tony Brown,WR,Colorado,198,4.65,33.5,14.0,119.0,7.21,4.27,2020,6,1,6.083333333,0.0
825,840,Harrison Bryant,TE,Florida Atlantic,243,4.73,32.5,13.0,110.0,7.41,4.37,2020,6,5,6.416666667,0.0
826,841,Hunter Bryant,TE,Washington,248,4.74,32.5,23.0,115.0,7.08,4.46,2020,6,2,6.166666667,0.0
827,842,Kelly Bryant,QB,Missouri,229,4.69,35.0,0.0,125.0,7.33,4.51,2020,6,3,6.25,0.0
828,843,Myles Bryant,CB,Washington,183,4.62,31.5,0.0,115.0,6.81,4.02,2020,5,8,5.666666667,0.0
829,844,Terrell Burgess,S,Utah,202,4.46,33.5,20.0,122.0,0.0,0.0,2020,5,11,5.916666667,0.0
830,845,Joe Burrow,QB,LSU,221,0.0,0.0,0.0,0.0,0.0,0.0,2020,6,3,6.25,0.0
831,846,Cohl Cabral,OL,Arizona State,300,0.0,0.0,20.0,0.0,0.0,0.0,2020,6,5,6.416666667,0.0
832,847,Lawrence Cager,WR,Georgia,220,0.0,0.0,0.0,0.0,0.0,0.0,2020,6,5,6.416666667,0.0
833,848,Raymond Calais,RB,Louisiana-Lafayette,188,4.42,37.5,20.0,120.0,0.0,0.0,2020,5,8,5.666666667,0.0
834,849,Marquez Callaway,WR,Tennessee,205,4.55,38.0,0.0,126.0,0.0,0.0,2020,6,1,6.083333333,0.0
835,850,Shyheim Carter,S,Alabama,194,0.0,0.0,0.0,0.0,0.0,0.0,2020,5,10,5.833333333,0.0
836,851,Quintez Cephus,WR,Wisconsin,202,4.73,38.5,23.0,124.0,7.2,4.33,2020,6,1,6.083333333,0.0
837,852,K'Lavon Chaisson,LB,LSU,254,0.0,0.0,0.0,0.0,0.0,0.0,2020,6,3,6.25,0.0
838,854,Saahdiq Charles,OL,LSU,321,5.05,0.0,0.0,0.0,0.0,0.0,2020,6,4,6.333333333,0.0
839,855,Joseph Charlton,P,South Carolina,195,0.0,0.0,0.0,0.0,0.0,0.0,2020,6,4,6.333333333,0.0
840,856,Jeremy Chinn,S,Southern Illinois,221,4.45,41.0,20.0,138.0,0.0,0.0,2020,6,3,6.25,0.0
841,857,Cameron Clark,OL,Charlotte,308,5.29,25.0,26.0,101.0,0.0,0.0,2020,6,4,6.333333333,0.0
842,858,Nevelle Clarke,CB,UCF,190,0.0,35.0,10.0,126.0,6.88,4.31,2020,6,1,6.083333333,0.0
843,859,Chase Claypool,WR,Notre Dame,238,4.42,40.5,19.0,126.0,0.0,0.0,2020,6,4,6.333333333,0.0
844,860,Rodney Clemons,S,SMU,209,4.71,33.5,21.0,118.0,0.0,0.0,2020,6,0,6.0,0.0
845,861,Ezra Cleveland,OL,Boise State,311,4.93,30.0,30.0,111.0,7.26,4.46,2020,6,6,6.5,0.0
846,862,Tyrie Cleveland,WR,Florida,209,4.46,39.5,13.0,126.0,0.0,0.0,2020,6,2,6.166666667,0.0
847,863,Josiah Coatney,DL,Mississippi,308,5.21,27.0,22.0,99.0,8.07,4.82,2020,6,3,6.25,0.0
848,864,Nick Coe,LB,Auburn,280,4.89,29.0,21.0,116.0,0.0,0.0,2020,6,5,6.416666667,0.0
849,865,Kendall Coleman,DL,Syracuse,257,4.95,32.0,0.0,114.0,7.5,4.62,2020,6,3,6.25,0.0
850,866,Trystan Colon-Castillo,OL,Missouri,313,0.0,0.0,11.0,0.0,0.0,0.0,2020,6,3,6.25,0.0
851,867,Carter Coughlin,LB,Minnesota,236,4.57,36.0,0.0,126.0,0.0,0.0,2020,6,3,6.25,0.0
852,868,Isaiah Coulter,WR,Rhode Island,198,4.45,36.0,0.0,121.0,7.28,4.62,2020,6,2,6.166666667,0.0
853,869,Kamren Curl,S,Arkansas,206,4.6,34.5,24.0,125.0,0.0,0.0,2020,6,1,6.083333333,0.0
854,870,Lloyd Cushenberry,OL,LSU,312,5.27,0.0,25.0,0.0,0.0,0.0,2020,6,3,6.25,0.0
855,871,DeeJay Dallas,RB,Miami,217,4.58,33.5,0.0,119.0,7.18,4.32,2020,5,10,5.833333333,0.0
856,872,Darrion Daniels,DL,Nebraska,311,5.18,27.0,21.0,109.0,7.75,4.93,2020,6,3,6.25,0.0
857,873,Cameron Dantzler,CB,Mississippi State,188,4.64,34.5,0.0,0.0,0.0,0.0,2020,6,2,6.166666667,0.0
858,874,Kevin Davidson,QB,Princeton,224,5.0,28.0,0.0,109.0,7.13,4.37,2020,6,4,6.333333333,0.0
859,875,Marlon Davidson,DL,Auburn,303,5.04,0.0,21.0,0.0,0.0,0.0,2020,6,3,6.25,0.0
860,876,Ashtyn Davis,S,California,202,0.0,0.0,14.0,0.0,0.0,0.0,2020,6,1,6.083333333,0.0
861,877,Carlos Davis,DL,Nebraska,313,4.82,0.0,27.0,0.0,0.0,4.52,2020,6,2,6.166666667,0.0
862,878,Gabriel Davis,WR,UCF,216,4.54,35.0,14.0,124.0,7.08,4.59,2020,6,2,6.166666667,0.0
863,879,Javaris Davis,CB,Auburn,183,4.39,35.5,11.0,124.0,0.0,0.0,2020,5,8,5.666666667,0.0
864,880,Khalil Davis,DL,Nebraska,308,4.75,0.0,32.0,0.0,0.0,0.0,2020,6,1,6.083333333,0.0
865,881,Quartney Davis,WR,Texas A&M,201,4.54,35.5,0.0,0.0,0.0,0.0,2020,6,1,6.083333333,0.0
866,882,Raekwon Davis,DL,Alabama,311,5.12,28.0,24.0,111.0,7.95,4.86,2020,6,6,6.5,0.0
867,883,Akeem Davis-Gaither,LB,Appalachian State,224,0.0,0.0,21.0,0.0,0.0,0.0,2020,6,1,6.083333333,0.0
868,884,Josiah Deguara,TE,Cincinnati,242,4.72,35.5,25.0,115.0,7.15,4.35,2020,6,2,6.166666667,0.0
869,885,Grant Delpit,S,LSU,213,0.0,0.0,0.0,0.0,0.0,0.0,2020,6,2,6.166666667,0.0
870,886,Trevon Diggs,CB,Alabama,205,0.0,0.0,0.0,0.0,0.0,0.0,2020,6,1,6.083333333,0.0
871,887,AJ Dillon,RB,Boston College,247,4.53,41.0,23.0,131.0,7.19,0.0,2020,6,0,6.0,0.0
872,888,Michael Divinity,LB,LSU,242,4.85,31.0,14.0,115.0,0.0,0.0,2020,6,2,6.166666667,0.0
873,889,J.K. Dobbins,RB,Ohio State,209,0.0,0.0,23.0,0.0,0.0,0.0,2020,5,9,5.75,0.0
874,890,Rico Dowdle,RB,South Carolina,213,4.54,38.0,0.0,127.0,0.0,0.0,2020,5,11,5.916666667,0.0
875,891,Jack Driscoll,OL,Auburn,306,5.02,29.5,23.0,114.0,0.0,0.0,2020,6,5,6.416666667,0.0
876,892,Kyle Dugger,S,Lenoir-Rhyne,217,4.49,42.0,17.0,134.0,0.0,0.0,2020,6,1,6.083333333,0.0
877,893,Yasir Durant,OL,Missouri,331,5.52,25.0,21.0,0.0,0.0,0.0,2020,6,6,6.5,0.0
878,894,Devin Duvernay,WR,Texas,200,4.39,35.5,0.0,123.0,7.13,4.2,2020,5,10,5.833333333,0.0
879,895,Troy Dye,LB,Oregon,231,0.0,0.0,0.0,0.0,0.0,0.0,2020,6,3,6.25,0.0
880,896,Jacob Eason,QB,Washington,231,4.89,27.5,0.0,110.0,7.5,4.75,2020,6,6,6.5,0.0
881,897,Bryan Edwards,WR,South Carolina,212,0.0,0.0,0.0,0.0,0.0,0.0,2020,6,3,6.25,0.0
882,898,Clyde Edwards-Helaire,RB,LSU,207,4.6,39.5,15.0,123.0,0.0,0.0,2020,5,7,5.583333333,0.0
883,899,Jalen Elliott,S,Notre Dame,205,4.8,34.0,15.0,125.0,6.87,4.3,2020,6,0,6.0,0.0
884,900,Jordan Elliott,DL,Missouri,302,5.02,27.5,24.0,0.0,0.0,4.73,2020,6,4,6.333333333,0.0
885,901,A.J. Epenesa,DL,Iowa,275,5.04,32.5,17.0,117.0,7.34,4.46,2020,6,5,6.416666667,0.0
886,902,Darrynton Evans,RB,Appalachian State,203,4.41,37.0,20.0,125.0,0.0,0.0,2020,5,10,5.833333333,0.0
887,903,Blake Ferguson,LS,LSU,229,5.07,31.0,0.0,112.0,7.43,4.52,2020,6,3,6.25,0.0
888,905,Chris Finke,WR,Notre Dame,186,4.57,40.0,7.0,0.0,0.0,0.0,2020,5,9,5.75,0.0
889,906,Leki Fotu,DL,Utah,330,5.15,0.0,21.0,0.0,0.0,0.0,2020,6,5,6.416666667,0.0
890,907,Jake Fromm,QB,Georgia,219,5.01,30.0,0.0,111.0,7.27,4.51,2020,6,2,6.166666667,0.0
891,908,Aaron Fuller,WR,Washington,188,4.59,34.0,0.0,118.0,7.14,0.0,2020,5,11,5.916666667,0.0
892,909,Jordan Fuller,S,Ohio State,203,4.67,35.5,0.0,122.0,0.0,4.27,2020,6,2,6.166666667,0.0
893,910,Kristian Fulton,CB,LSU,197,4.46,35.5,0.0,123.0,6.94,4.36,2020,6,0,6.0,0.0
894,911,Tipa Galeai,LB,Utah State,235,0.0,0.0,0.0,0.0,0.0,0.0,2020,6,5,6.416666667,0.0
895,912,Neville Gallimore,DL,Oklahoma,304,4.79,0.0,23.0,0.0,7.97,5.01,2020,6,2,6.166666667,0.0
896,913,Antonio Gandy-Golden,WR,Liberty,223,4.6,36.0,22.0,127.0,7.33,4.55,2020,6,4,6.333333333,0.0
897,914,Cale Garrett,LB,Missouri,234,4.92,32.0,0.0,124.0,6.91,4.13,2020,6,2,6.166666667,0.0
898,915,Jonathan Garvin,DL,Miami,263,4.82,36.0,23.0,125.0,0.0,0.0,2020,6,4,6.333333333,0.0
899,916,Antonio Gibson,WR,Memphis,228,4.39,35.0,16.0,118.0,0.0,0.0,2020,6,0,6.0,0.0
900,917,Alohi Gilman,S,Notre Dame,201,4.6,32.0,17.0,119.0,6.81,4.08,2020,5,10,5.833333333,0.0
901,918,Trevis Gipson,DL,Tulsa,261,0.0,0.0,25.0,0.0,0.0,0.0,2020,6,3,6.25,0.0
902,919,Jeff Gladney,CB,TCU,191,4.48,37.5,17.0,124.0,7.26,0.0,2020,5,10,5.833333333,0.0
903,920,Anthony Gordon,QB,Washington State,205,0.0,0.0,0.0,0.0,0.0,0.0,2020,6,2,6.166666667,0.0
904,921,A.J. Green,CB,Oklahoma State,202,4.62,0.0,13.0,0.0,0.0,0.0,2020,6,1,6.083333333,0.0
905,922,Jonathan Greenard,DL,Florida,263,4.87,30.5,22.0,113.0,7.13,4.34,2020,6,3,6.25,0.0
906,923,Yetur Gross-Matos,DL,Penn State,266,0.0,34.0,20.0,120.0,0.0,0.0,2020,6,5,6.416666667,0.0
907,924,Javelin Guidry,CB,Utah,191,4.29,0.0,21.0,0.0,0.0,0.0,2020,5,9,5.75,0.0
908,925,Stephen Guidry,WR,Mississippi State,201,4.47,34.0,0.0,125.0,7.31,4.46,2020,6,3,6.25,0.0
909,926,Bryce Hall,CB,Virginia,202,0.0,0.0,11.0,0.0,0.0,0.0,2020,6,1,6.083333333,0.0
910,927,DaVon Hamilton,DL,Ohio State,320,5.14,29.5,33.0,102.0,7.72,0.0,2020,6,4,6.333333333,0.0
911,928,LaDarius Hamilton,DL,North Texas,262,4.89,30.0,27.0,114.0,7.66,4.49,2020,6,2,6.166666667,0.0
912,929,KJ Hamler,WR,Penn State,178,0.0,0.0,15.0,0.0,0.0,0.0,2020,5,9,5.75,0.0
913,930,Harrison Hand,CB,Temple,197,4.52,41.0,14.0,133.0,7.15,4.27,2020,5,11,5.916666667,0.0
914,931,Jake Hanson,OL,Oregon,303,5.5,0.0,33.0,0.0,0.0,0.0,2020,6,4,6.333333333,0.0
915,932,Scoota Harris,LB,Arkansas,234,4.69,33.0,18.0,111.0,7.38,4.32,2020,6,0,6.0,0.0
916,933,Nick Harris,OL,Washington,302,5.1,29.5,20.0,103.0,0.0,0.0,2020,6,1,6.083333333,0.0
917,934,Malik Harrison,LB,Ohio State,247,4.66,36.0,0.0,122.0,6.83,4.32,2020,6,3,6.25,0.0
918,935,JaMycal Hasty,RB,Baylor,205,4.55,39.0,15.0,123.0,0.0,4.03,2020,5,8,5.666666667,0.0
919,936,Jaylinn Hawkins,S,California,208,0.0,35.5,0.0,117.0,0.0,0.0,2020,6,1,6.083333333,0.0
920,937,Charlie Heck,OL,North Carolina,311,5.16,28.0,21.0,112.0,8.02,4.86,2020,6,8,6.666666667,0.0
921,938,C.J. Henderson,CB,Florida,204,4.39,37.5,20.0,127.0,0.0,0.0,2020,6,1,6.083333333,0.0
922,939,Matt Hennessy,OL,Temple,307,5.18,30.0,23.0,110.0,7.45,4.6,2020,6,4,6.333333333,0.0
923,940,Justin Herbert,QB,Oregon,236,4.68,35.5,0.0,123.0,7.06,4.46,2020,6,6,6.5,0.0
924,941,Brian Herrien,RB,Georgia,209,4.62,38.5,18.0,126.0,7.12,4.4,2020,5,11,5.916666667,0.0
925,942,Justin Herron,OL,Wake Forest,308,5.26,33.0,27.0,105.0,8.41,4.88,2020,6,4,6.333333333,0.0
926,943,Tee Higgins,WR,Clemson,216,0.0,0.0,0.0,0.0,0.0,0.0,2020,6,4,6.333333333,0.0
927,944,Alex Highsmith,DL,Charlotte,248,4.7,33.0,0.0,125.0,7.32,4.31,2020,6,3,6.25,0.0
928,945,John Hightower,WR,Boise State,189,4.43,38.5,0.0,122.0,7.07,4.21,2020,6,1,6.083333333,0.0
929,946,K.J. Hill,WR,Ohio State,196,4.6,32.5,17.0,114.0,0.0,0.0,2020,6,0,6.0,0.0
930,947,Lavert Hill,CB,Michigan,190,0.0,0.0,21.0,0.0,0.0,0.0,2020,5,10,5.833333333,0.0
931,948,Trevon Hill,DL,Miami,248,4.89,28.0,0.0,113.0,0.0,0.0,2020,6,3,6.25,0.0
932,949,Isaiah Hodgins,WR,Oregon State,210,4.61,36.5,9.0,124.0,7.01,4.12,2020,6,4,6.333333333,0.0
933,950,Sterling Hofrichter,P,Syracuse,196,0.0,0.0,0.0,0.0,0.0,0.0,2020,5,10,5.833333333,0.0
934,951,Darnay Holmes,CB,UCLA,195,4.48,0.0,12.0,0.0,0.0,0.0,2020,5,10,5.833333333,0.0
935,952,Brycen Hopkins,TE,Purdue,245,4.66,33.5,21.0,116.0,7.25,4.28,2020,6,4,6.333333333,0.0
936,953,Khaleke Hudson,LB,Michigan,224,4.56,33.0,30.0,120.0,0.0,0.0,2020,5,11,5.916666667,0.0
937,954,Robert Hunt,OL,Louisiana-Lafayette,323,0.0,0.0,0.0,0.0,0.0,0.0,2020,6,5,6.416666667,0.0
938,956,Jalen Hurts,QB,Oklahoma,222,4.59,35.0,0.0,125.0,0.0,0.0,2020,6,1,6.083333333,0.0
939,957,Noah Igbinoghene,CB,Auburn,198,4.48,37.0,15.0,128.0,0.0,0.0,2020,5,10,5.833333333,0.0
940,958,Brian Cole II,S,Mississippi State,213,4.52,0.0,0.0,0.0,0.0,0.0,2020,6,2,6.166666667,0.0
941,959,Rashard Lawrence II,DL,LSU,308,5.07,0.0,22.0,0.0,8.03,0.0,2020,6,2,6.166666667,0.0
942,960,Reggie Robinson II,CB,Tulsa,205,4.44,36.0,22.0,132.0,7.09,4.18,2020,6,1,6.083333333,0.0
943,961,Henry Ruggs III,WR,Alabama,188,4.27,42.0,0.0,131.0,0.0,0.0,2020,5,11,5.916666667,0.0
944,962,Keith Ismael,OL,San Diego State,309,5.34,32.0,0.0,108.0,8.14,4.65,2020,6,3,6.25,0.0
945,963,Cordel Iwuagwu,OL,TCU,309,5.22,27.0,25.0,94.0,8.03,4.87,2020,6,3,6.25,0.0
946,964,Austin Jackson,OL,USC,322,5.07,31.0,27.0,115.0,7.95,0.0,2020,6,5,6.416666667,0.0
947,965,Dane Jackson,CB,Pittsburgh,187,4.57,35.0,0.0,122.0,7.07,4.27,2020,6,0,6.0,0.0
948,966,Jonah Jackson,OL,Ohio State,306,5.23,26.0,28.0,98.0,7.83,5.02,2020,6,3,6.25,0.0
949,967,Lamar Jackson,CB,Nebraska,208,4.58,36.5,10.0,122.0,0.0,0.0,2020,6,2,6.166666667,0.0
950,968,Trishton Jackson,WR,Syracuse,197,4.5,36.0,0.0,117.0,0.0,0.0,2020,6,1,6.083333333,0.0
951,969,Justin Jefferson,WR,LSU,202,4.43,37.5,0.0,126.0,0.0,0.0,2020,6,1,6.083333333,0.0
952,970,Van Jefferson,WR,Florida,200,0.0,0.0,0.0,0.0,0.0,0.0,2020,6,1,6.083333333,0.0
953,971,Anfernee Jennings,LB,Alabama,256,0.0,0.0,0.0,0.0,0.0,0.0,2020,6,2,6.166666667,0.0
954,972,Jauan Jennings,WR,Tennessee,215,4.72,29.0,0.0,119.0,0.0,0.0,2020,6,3,6.25,0.0
955,973,Jerry Jeudy,WR,Alabama,193,4.45,35.0,0.0,120.0,0.0,4.53,2020,6,1,6.083333333,0.0
956,974,Collin Johnson,WR,Texas,222,0.0,0.0,17.0,0.0,0.0,0.0,2020,6,6,6.5,0.0
957,975,Jaylon Johnson,CB,Utah,193,4.5,36.5,15.0,124.0,7.01,4.13,2020,6,0,6.0,0.0
958,976,Juwan Johnson,WR,Oregon,230,4.58,33.0,14.0,124.0,6.94,4.37,2020,6,4,6.333333333,0.0
959,977,Tyler Johnson,WR,Minnesota,206,0.0,0.0,0.0,0.0,0.0,0.0,2020,6,1,6.083333333,0.0
960,978,Clay Johnston,LB,Baylor,227,0.0,0.0,18.0,0.0,0.0,0.0,2020,6,1,6.083333333,0.0
961,979,Benito Jones,DL,Mississippi,316,5.26,26.5,0.0,0.0,8.21,5.27,2020,6,1,6.083333333,0.0
962,980,Brandon Jones,S,Texas,198,0.0,0.0,0.0,0.0,0.0,0.0,2020,5,11,5.916666667,0.0
963,981,Joshua Jones,OL,Houston,319,5.27,28.5,24.0,109.0,0.0,0.0,2020,6,5,6.416666667,0.0
964,982,Tony Jones,RB,Notre Dame,220,4.68,32.5,13.0,119.0,7.18,4.21,2020,5,10,5.833333333,0.0
965,983,Antoine Brooks Jr.,S,Maryland,220,4.64,34.5,18.0,0.0,0.0,0.0,2020,5,11,5.916666667,0.0
966,984,Willie Gay Jr.,LB,Mississippi State,243,4.46,39.5,21.0,136.0,7.08,4.3,2020,6,1,6.083333333,0.0
967,985,Laviska Shenault Jr.,WR,Colorado,227,4.58,0.0,17.0,0.0,0.0,0.0,2020,6,1,6.083333333,0.0
968,986,Antoine Winfield Jr.,S,Minnesota,203,4.45,36.0,0.0,124.0,0.0,0.0,2020,5,9,5.75,0.0
969,987,Azur Kamara,LB,Kansas,245,4.59,28.0,13.0,121.0,7.2,4.46,2020,6,3,6.25,0.0
970,988,Khalid Kareem,DL,Notre Dame,268,0.0,0.0,0.0,0.0,0.0,0.0,2020,6,4,6.333333333,0.0
971,989,Dalton Keene,TE,Virginia Tech,253,4.71,34.0,21.0,125.0,7.07,4.19,2020,6,4,6.333333333,0.0
972,990,Joshua Kelley,RB,UCLA,212,4.49,31.0,23.0,121.0,6.95,4.28,2020,5,11,5.916666667,0.0
973,991,BoPete Keyes,CB,Tulane,202,0.0,36.0,0.0,126.0,0.0,0.0,2020,6,1,6.083333333,0.0
974,992,Solomon Kindley,OL,Georgia,337,0.0,0.0,0.0,0.0,0.0,0.0,2020,6,3,6.25,0.0
975,993,Javon Kinlaw,DL,South Carolina,324,0.0,0.0,0.0,0.0,0.0,0.0,2020,6,5,6.416666667,0.0
976,994,Cole Kmet,TE,Notre Dame,262,4.7,37.0,0.0,123.0,7.44,4.41,2020,6,6,6.5,0.0
977,995,CeeDee Lamb,WR,Oklahoma,198,4.5,34.5,11.0,124.0,0.0,0.0,2020,6,2,6.166666667,0.0
978,996,Javon Leake,RB,Maryland,215,4.65,34.0,0.0,125.0,0.0,0.0,2020,6,0,6.0,0.0
979,997,Benny LeMay,RB,Charlotte,221,4.75,28.5,24.0,112.0,0.0,0.0,2020,5,8,5.666666667,0.0
980,998,Shane Lemieux,OL,Oregon,310,5.11,25.5,0.0,107.0,8.13,4.9,2020,6,4,6.333333333,0.0
981,999,Brian Lewerke,QB,Michigan State,213,4.95,31.0,0.0,113.0,7.14,4.4,2020,6,2,6.166666667,0.0
982,1000,Damien Lewis,OL,LSU,327,5.24,30.0,27.0,108.0,0.0,0.0,2020,6,2,6.166666667,0.0
983,1001,Terrell Lewis,LB,Alabama,262,0.0,37.0,0.0,124.0,0.0,0.0,2020,6,5,6.416666667,0.0
984,1002,Kalija Lipscomb,WR,Vanderbilt,207,4.57,32.0,16.0,127.0,0.0,0.0,2020,6,0,6.0,0.0
985,1003,Jordan Love,QB,Utah State,224,4.74,35.5,0.0,118.0,7.21,4.52,2020,6,4,6.333333333,0.0
986,1004,Jake Luton,QB,Oregon State,224,0.0,0.0,0.0,0.0,0.0,0.0,2020,6,6,6.5,0.0
987,1005,James Lynch,DL,Baylor,289,5.01,29.0,23.0,111.0,7.39,4.39,2020,6,4,6.333333333,0.0
988,1007,Austin Mack,WR,Ohio State,208,4.59,31.5,0.0,117.0,0.0,4.42,2020,6,1,6.083333333,0.0
989,1008,Jordan Mack,LB,Virginia,241,0.0,0.0,0.0,0.0,0.0,0.0,2020,6,3,6.25,0.0
990,1009,Justin Madubuike,DL,Texas A&M,293,4.83,0.0,31.0,0.0,7.37,0.0,2020,6,3,6.25,0.0
991,1010,Braden Mann,P,Texas A&M,198,4.83,31.0,0.0,111.0,7.03,4.13,2020,5,11,5.916666667,0.0
992,1011,Kamal Martin,LB,Minnesota,240,0.0,0.0,0.0,0.0,0.0,0.0,2020,6,3,6.25,0.0
993,1012,Cole McDonald,QB,Hawaii,215,4.58,36.0,0.0,121.0,7.13,4.52,2020,6,3,6.25,0.0
994,1013,Anthony McFarland,RB,Maryland,208,4.44,29.5,0.0,116.0,0.0,0.0,2020,5,8,5.666666667,0.0
995,1014,Sean McKeon,TE,Michigan,242,0.0,0.0,18.0,0.0,0.0,0.0,2020,6,5,6.416666667,0.0
996,1015,Xavier McKinney,S,Alabama,201,4.63,36.0,19.0,122.0,0.0,0.0,2020,6,0,6.0,0.0
997,1016,Colton McKivitz,OL,West Virginia,306,5.35,26.0,20.0,106.0,7.87,5.0,2020,6,6,6.5,0.0
998,1017,Josh Metellus,S,Michigan,209,4.55,36.5,20.0,124.0,6.94,4.4,2020,5,11,5.916666667,0.0
999,1018,Chris Miller,S,Baylor,190,4.61,35.5,12.0,133.0,7.09,4.12,2020,5,11,5.916666667,0.0
1000,1019,Denzel Mims,WR,Baylor,207,4.38,38.5,16.0,131.0,6.66,4.43,2020,6,3,6.25,0.0
1001,1020,John Molchon,OL,Boise State,309,5.13,34.0,26.0,109.0,7.85,4.73,2020,6,5,6.416666667,0.0
1002,1021,JJ Molson,K,UCLA,182,0.0,0.0,0.0,0.0,0.0,0.0,2020,5,11,5.916666667,0.0
1003,1022,Steven Montez,QB,Colorado,231,4.68,33.0,0.0,117.0,7.25,4.43,2020,6,4,6.333333333,0.0
1004,1023,Darnell Mooney,WR,Tulane,176,4.38,37.0,9.0,124.0,0.0,0.0,2020,5,10,5.833333333,0.0
1005,1024,James Morgan,QB,Florida International,229,4.89,29.0,0.0,112.0,7.51,4.64,2020,6,4,6.333333333,0.0
1006,1025,Thaddeus Moss,TE,LSU,250,0.0,0.0,0.0,0.0,0.0,0.0,2020,6,2,6.166666667,0.0
1007,1026,Zack Moss,RB,Utah,223,4.65,33.0,19.0,0.0,0.0,4.37,2020,5,9,5.75,0.0
1008,1027,Larrell Murchison,DL,North Carolina State,297,5.05,29.0,29.0,118.0,7.89,4.51,2020,6,2,6.166666667,0.0
1009,1028,Kyle Murphy,OL,Rhode Island,316,5.3,28.0,19.0,104.0,7.81,4.68,2020,6,3,6.25,0.0
1010,1029,Kenneth Murray,LB,Oklahoma,241,4.52,38.0,21.0,129.0,0.0,0.0,2020,6,2,6.166666667,0.0
1011,1030,Tanner Muse,S,Clemson,227,4.41,34.5,20.0,124.0,0.0,0.0,2020,6,2,6.166666667,0.0
1012,1031,Netane Muti,OL,Fresno State,315,0.0,0.0,44.0,0.0,0.0,0.0,2020,6,3,6.25,0.0
1013,1032,Lucas Niang,OL,TCU,315,0.0,0.0,0.0,0.0,0.0,0.0,2020,6,6,6.5,0.0
1014,1033,C.J. O'Grady,TE,Arkansas,253,4.81,34.0,16.0,119.0,7.3,4.34,2020,6,4,6.333333333,0.0
1015,1034,Michael Ojemudia,CB,Iowa,200,4.45,36.0,0.0,122.0,6.87,4.21,2020,6,1,6.083333333,0.0
1016,1035,Jeff Okudah,CB,Ohio State,205,4.48,41.0,11.0,135.0,0.0,0.0,2020,6,1,6.083333333,0.0
1017,1036,Julian Okwara,DL,Notre Dame,252,0.0,0.0,27.0,0.0,0.0,0.0,2020,6,4,6.333333333,0.0
1018,1037,Albert Okwuegbunam,TE,Missouri,258,4.49,0.0,0.0,0.0,0.0,0.0,2020,6,5,6.416666667,0.0
1019,1038,Sewo Olonilua,RB,TCU,232,4.66,36.0,25.0,123.0,0.0,4.28,2020,6,3,6.25,0.0
1020,1039,Dante Olson,LB,Montana,237,4.88,42.0,15.0,124.0,7.0,4.32,2020,6,2,6.166666667,0.0
1021,1040,Mike Onwenu,OL,Michigan,344,0.0,0.0,26.0,0.0,0.0,0.0,2020,6,3,6.25,0.0
1022,1041,K.J. Osborn,WR,Miami,203,4.48,37.5,18.0,123.0,7.0,4.35,2020,5,11,5.916666667,0.0
1023,1042,Aaron Parker,WR,Rhode Island,209,4.57,26.5,12.0,112.0,6.94,4.23,2020,6,2,6.166666667,0.0
1024,1043,Colby Parkinson,TE,Stanford,252,4.77,32.5,18.0,109.0,7.15,4.46,2020,6,7,6.583333333,0.0
1025,1044,Dezmon Patmon,WR,Washington State,225,4.48,36.0,15.0,132.0,7.28,4.38,2020,6,4,6.333333333,0.0
1026,1045,Shea Patterson,QB,Michigan,212,4.71,31.0,0.0,116.0,7.14,4.5,2020,6,1,6.083333333,0.0
1027,1046,Matt Peart,OL,Connecticut,318,5.06,30.0,26.0,113.0,8.01,4.92,2020,6,7,6.583333333,0.0
1028,1047,Alex Pechin,P,Bucknell,213,4.69,34.0,13.0,0.0,0.0,0.0,2020,6,1,6.083333333,0.0
1029,1048,John Penisini,DL,Utah,318,0.0,25.5,23.0,0.0,0.0,4.93,2020,6,1,6.083333333,0.0
1030,1049,Donovan Peoples-Jones,WR,Michigan,212,4.48,44.5,0.0,139.0,0.0,0.0,2020,6,2,6.166666667,0.0
1031,1050,La'Mical Perine,RB,Florida,216,4.62,35.0,22.0,118.0,7.13,4.31,2020,5,11,5.916666667,0.0
1032,1051,Malcolm Perry,WR,Navy,186,4.63,36.0,10.0,122.0,7.12,4.31,2020,5,9,5.75,0.0
1033,1052,Jacob Phillips,LB,LSU,229,4.66,39.0,0.0,126.0,7.38,4.33,2020,6,3,6.25,0.0
1034,1053,Scottie Phillips,RB,Mississippi,209,4.56,30.0,29.0,114.0,7.4,4.53,2020,5,8,5.666666667,0.0
1035,1054,Tyre Phillips,OL,Mississippi State,331,5.37,25.0,22.0,93.0,8.17,5.11,2020,6,5,6.416666667,0.0
1036,1055,James Pierre,CB,Florida Atlantic,183,4.59,33.5,0.0,123.0,7.02,0.0,2020,6,0,6.0,0.0
1037,1056,Michael Pinckney,LB,Miami,235,0.0,0.0,0.0,0.0,0.0,0.0,2020,5,11,5.916666667,0.0
1038,1058,Jared Pinkney,TE,Vanderbilt,257,4.96,0.0,23.0,0.0,0.0,0.0,2020,6,4,6.333333333,0.0
1039,1059,Danny Pinter,OL,Ball State,306,4.91,29.5,24.0,110.0,7.76,4.62,2020,6,4,6.333333333,0.0
1040,1060,Michael Pittman,WR,USC,223,4.52,36.5,13.0,121.0,6.96,4.14,2020,6,4,6.333333333,0.0
1041,1061,Troy Pride,CB,Notre Dame,193,4.4,35.5,13.0,119.0,6.94,4.26,2020,5,11,5.916666667,0.0
1042,1062,James Proche,WR,SMU,201,0.0,34.5,20.0,0.0,7.27,4.4,2020,5,11,5.916666667,0.0
1043,1063,Shaquille Quarterman,LB,Miami,234,4.74,31.0,23.0,120.0,0.0,0.0,2020,6,0,6.0,0.0
1044,1064,Patrick Queen,LB,LSU,229,4.5,35.0,18.0,125.0,0.0,0.0,2020,6,0,6.0,0.0
1045,1065,Jalen Reagor,WR,TCU,206,4.47,42.0,17.0,138.0,7.31,4.46,2020,5,11,5.916666667,0.0
1046,1066,Joe Reed,WR,Virginia,224,4.47,38.0,21.0,123.0,0.0,0.0,2020,6,0,6.0,0.0
1047,1067,J.R. Reed,S,Georgia,202,4.54,34.0,15.0,130.0,0.0,0.0,2020,6,1,6.083333333,0.0
1048,1068,John Reid,CB,Penn State,187,4.49,36.5,20.0,129.0,6.95,3.97,2020,5,10,5.833333333,0.0
1049,1069,Chauncey Rivers,DL,Mississippi State,262,4.97,30.5,20.0,106.0,7.33,4.7,2020,6,2,6.166666667,0.0
1050,1070,Malcolm Roach,DL,Texas,297,4.84,30.0,20.0,114.0,0.0,0.0,2020,6,2,6.166666667,0.0
1051,1071,Amik Robertson,CB,Louisiana Tech,187,0.0,0.0,0.0,0.0,0.0,0.0,2020,5,8,5.666666667,0.0
1052,1072,Alton Robinson,DL,Syracuse,264,4.69,35.5,25.0,119.0,7.32,4.32,2020,6,3,6.25,0.0
1053,1073,James Robinson,RB,Illinois State,219,4.64,40.0,24.0,125.0,7.03,4.19,2020,5,9,5.75,0.0
1054,1074,Kendrick Rogers,WR,Texas A&M,208,4.51,35.5,17.0,124.0,7.13,4.48,2020,6,4,6.333333333,0.0
1055,1075,Cesar Ruiz,OL,Michigan,307,5.08,33.0,28.0,113.0,7.91,4.64,2020,6,3,6.25,0.0
1056,1076,Jon Runyan,OL,Michigan,306,5.08,30.5,24.0,107.0,7.57,4.69,2020,6,4,6.333333333,0.0
1057,1077,Chapelle Russell,LB,Temple,236,4.69,35.0,21.0,121.0,7.38,4.41,2020,6,2,6.166666667,0.0
1058,1078,Stanford Samuels,CB,Florida State,187,4.65,0.0,0.0,0.0,0.0,0.0,2020,6,1,6.083333333,0.0
1059,1079,Josiah Scott,CB,Michigan State,185,4.42,0.0,17.0,0.0,0.0,0.0,2020,5,9,5.75,0.0
1060,1080,Qaadir Sheppard,DL,Mississippi,261,4.83,31.5,28.0,115.0,0.0,0.0,2020,6,3,6.25,0.0
1061,1081,Isaiah Simmons,LB,Clemson,238,4.39,39.0,0.0,132.0,0.0,0.0,2020,6,4,6.333333333,0.0
1062,1082,John Simpson,OL,Clemson,321,5.24,30.0,34.0,107.0,8.03,4.87,2020,6,4,6.333333333,0.0
1063,1083,Arryn Siposs,P,Auburn,213,5.09,0.0,0.0,0.0,0.0,0.0,2020,6,2,6.166666667,0.0
1064,1084,James Smith-Williams,DL,North Carolina State,265,4.6,32.0,28.0,123.0,7.35,4.52,2020,6,4,6.333333333,0.0
1065,1085,L'Jarius Sneed,S,Louisiana Tech,192,4.37,41.0,12.0,131.0,0.0,0.0,2020,6,0,6.0,0.0
1066,1086,Nate Stanley,QB,Iowa,235,4.81,28.5,0.0,108.0,7.26,4.48,2020,6,4,6.333333333,0.0
1067,1087,Terence Steele,OL,Texas Tech,312,5.03,27.5,27.0,106.0,0.0,5.08,2020,6,6,6.5,0.0
1068,1088,Logan Stenberg,OL,Kentucky,317,5.3,26.0,0.0,104.0,8.0,4.83,2020,6,6,6.5,0.0
1069,1089,Simon Stepaniak,OL,Indiana,313,0.0,0.0,37.0,0.0,0.0,0.0,2020,6,4,6.333333333,0.0
1070,1090,Darrell Stewart,WR,Michigan State,212,0.0,35.0,15.0,117.0,0.0,0.0,2020,6,0,6.0,0.0
1071,1091,Geno Stone,S,Iowa,207,4.62,33.5,12.0,116.0,0.0,0.0,2020,5,10,5.833333333,0.0
1072,1092,Justin Strnad,LB,Wake Forest,238,4.74,29.0,0.0,113.0,0.0,4.49,2020,6,3,6.25,0.0
1073,1093,Jason Strowbridge,DL,North Carolina,275,4.89,31.0,26.0,113.0,7.45,4.37,2020,6,4,6.333333333,0.0
1074,1094,Stephen Sullivan,TE,LSU,248,4.66,36.5,0.0,123.0,7.51,4.62,2020,6,5,6.416666667,0.0
1075,1095,Freddie Swain,WR,Florida,197,4.46,36.5,16.0,124.0,7.05,4.26,2020,6,0,6.0,0.0
1076,1096,D'Andre Swift,RB,Georgia,212,4.48,35.5,0.0,121.0,0.0,0.0,2020,5,8,5.666666667,0.0
1077,1097,Tua Tagovailoa,QB,Alabama,217,0.0,0.0,0.0,0.0,0.0,0.0,2020,6,0,6.0,0.0
1078,1098,Charlie Taumoepeau,TE,Portland State,240,4.75,36.5,18.0,121.0,7.0,4.27,2020,6,2,6.166666667,0.0
1079,1099,Alex Taylor,OL,South Carolina State,308,5.09,25.0,21.0,116.0,7.77,4.79,2020,6,8,6.666666667,0.0
1080,1100,Darrell Taylor,LB,Tennessee,267,0.0,0.0,0.0,0.0,0.0,0.0,2020,6,4,6.333333333,0.0
1081,1101,Davion Taylor,LB,Colorado,228,4.49,35.0,21.0,127.0,6.96,4.26,2020,6,0,6.0,0.0
1082,1102,J.J. Taylor,RB,Arizona,185,4.61,34.5,19.0,118.0,7.0,4.15,2020,5,5,5.416666667,0.0
1083,1103,Jonathan Taylor,RB,Wisconsin,226,4.39,36.0,17.0,123.0,7.01,4.24,2020,5,10,5.833333333,0.0
1084,1104,Patrick Taylor,RB,Memphis,217,4.57,34.0,15.0,123.0,0.0,4.34,2020,6,1,6.083333333,0.0
1085,1105,A.J. Terrell,CB,Clemson,195,4.42,34.5,15.0,129.0,0.0,0.0,2020,6,1,6.083333333,0.0
1086,1106,Andrew Thomas,OL,Georgia,315,5.22,30.5,21.0,109.0,7.58,4.66,2020,6,5,6.416666667,0.0
1087,1107,Daniel Thomas,S,Auburn,215,4.51,37.0,24.0,125.0,0.0,0.0,2020,5,10,5.833333333,0.0
1088,1109,Jeff Thomas,WR,Miami,170,4.45,36.5,0.0,125.0,0.0,0.0,2020,5,9,5.75,0.0
1089,1110,Stantley Thomas-Oliver,CB,Florida International,192,4.48,34.0,0.0,127.0,0.0,0.0,2020,6,0,6.0,0.0
1090,1111,Calvin Throckmorton,OL,Oregon,317,5.57,27.0,23.0,97.0,8.07,4.98,2020,6,5,6.416666667,0.0
1091,1112,Casey Toohill,LB,Stanford,250,4.62,39.0,17.0,126.0,7.08,4.21,2020,6,4,6.333333333,0.0
1092,1113,Tommy Townsend,P,Florida,191,4.75,0.0,0.0,0.0,0.0,0.0,2020,6,1,6.083333333,0.0
1093,1114,Adam Trautman,TE,Dayton,255,4.8,34.5,18.0,114.0,6.78,4.27,2020,6,5,6.416666667,0.0
1094,1115,Michael Turk,P,Arizona State,226,4.79,34.5,25.0,108.0,0.0,4.72,2020,6,0,6.0,0.0
1095,1116,Derrek Tuszka,DL,North Dakota State,251,4.79,33.5,24.0,120.0,6.87,4.34,2020,6,4,6.333333333,0.0
1096,1117,Josh Uche,LB,Michigan,245,0.0,0.0,18.0,0.0,0.0,0.0,2020,6,1,6.083333333,0.0
1097,1118,Ke'Shawn Vaughn,RB,Vanderbilt,214,4.51,32.0,0.0,117.0,0.0,0.0,2020,5,10,5.833333333,0.0
1098,1119,Ben Victor,WR,Ohio State,198,4.6,35.0,9.0,128.0,7.1,0.0,2020,6,4,6.333333333,0.0
1099,1120,Kindle Vildor,CB,Georgia Southern,191,4.44,39.5,22.0,133.0,7.14,4.28,2020,5,10,5.833333333,0.0
1100,1121,Mykal Walker,LB,Fresno State,230,4.65,33.0,20.0,122.0,7.09,4.25,2020,6,3,6.25,0.0
1101,1122,K'Von Wallace,S,Clemson,206,4.53,38.0,18.0,133.0,6.76,4.15,2020,5,11,5.916666667,0.0
1102,1123,Prince Tega Wanogho,OL,Auburn,308,0.0,0.0,0.0,0.0,0.0,0.0,2020,6,5,6.416666667,0.0
1103,1124,Mike Warren,RB,Cincinnati,226,0.0,0.0,16.0,0.0,0.0,0.0,2020,5,9,5.75,0.0
1104,1125,Broderick Washington,DL,Texas Tech,305,0.0,0.0,23.0,0.0,0.0,0.0,2020,6,2,6.166666667,0.0
1105,1126,Quez Watkins,WR,Southern Miss,185,4.35,36.5,0.0,125.0,7.28,4.36,2020,6,0,6.0,0.0
1106,1127,Curtis Weaver,LB,Boise State,265,0.0,32.5,0.0,116.0,7.0,4.27,2020,6,2,6.166666667,0.0
1107,1128,Evan Weaver,LB,California,237,4.76,32.0,15.0,117.0,7.02,4.21,2020,6,2,6.166666667,0.0
1108,1129,Cody White,WR,Michigan State,217,4.66,35.5,0.0,120.0,7.19,4.52,2020,6,3,6.25,0.0
1109,1130,Mitchell Wilcox,TE,South Florida,247,4.88,31.0,0.0,112.0,7.37,4.43,2020,6,3,6.25,0.0
1110,1131,Kenny Willekes,DL,Michigan State,264,4.87,32.5,32.0,119.0,7.39,0.0,2020,6,3,6.25,0.0
1111,1132,Darryl Williams,OL,Mississippi State,304,5.23,25.5,23.0,102.0,7.88,4.76,2020,6,2,6.166666667,0.0
1112,1133,Raequan Williams,DL,Michigan State,308,5.04,25.5,17.0,101.0,7.72,4.78,2020,6,4,6.333333333,0.0
1113,1134,Jedrick Wills,OL,Alabama,312,5.05,34.5,0.0,113.0,0.0,4.84,2020,6,4,6.333333333,0.0
1114,1135,Isaiah Wilson,OL,Georgia,350,5.32,29.0,26.0,110.0,8.26,5.07,2020,6,6,6.5,0.0
1115,1136,Logan Wilson,LB,Wyoming,241,4.63,32.0,21.0,121.0,7.07,4.27,2020,6,2,6.166666667,0.0
1116,1137,Rob Windsor,DL,Penn State,290,4.9,28.5,21.0,111.0,7.47,4.44,2020,6,4,6.333333333,0.0
1117,1138,Tristan Wirfs,OL,Iowa,320,4.85,36.5,24.0,121.0,7.65,4.68,2020,6,5,6.416666667,0.0
1118,1139,Steven Wirtel,LS,Iowa State,235,4.76,26.0,0.0,120.0,7.12,4.28,2020,6,4,6.333333333,0.0
1119,1140,Charlie Woerner,TE,Georgia,244,4.78,34.5,21.0,120.0,7.18,4.46,2020,6,5,6.416666667,0.0
1120,1141,D.J. Wonnum,DL,South Carolina,258,4.73,34.5,20.0,123.0,7.25,4.44,2020,6,5,6.416666667,0.0
1121,1142,Dom Wood-Anderson,TE,Tennessee,261,4.92,35.0,0.0,119.0,0.0,0.0,2020,6,4,6.333333333,0.0
1122,1143,David Woodward,LB,Utah State,230,4.79,33.5,16.0,114.0,7.34,4.37,2020,6,2,6.166666667,0.0
1123,1144,Chase Young,DL,Ohio State,264,0.0,0.0,0.0,0.0,0.0,0.0,2020,6,5,6.416666667,0.0
1124,1145,Jabari Zuniga,DL,Florida,264,4.64,33.0,29.0,127.0,0.0,0.0,2020,6,3,6.25,0.0
1125,1146,Johnathan Abram,S,Mississippi State,205,4.45,0.0,0.0,116.0,0.0,0.0,2019,5,11,5.916666667,0.0
1126,1147,Paul Adams,OT,Missouri,317,5.18,27.0,16.0,103.0,7.68,4.74,2019,6,6,6.5,0.0
1127,1148,Nasir Adderley,S,Delaware,206,0.0,0.0,0.0,0.0,0.0,0.0,2019,6,0,6.0,0.0
1128,1149,Azeez Al-Shaair,LB,Florida Atlantic,234,0.0,0.0,16.0,0.0,0.0,0.0,2019,6,1,6.083333333,0.0
1129,1150,Otaro Alaka,LB,Texas A&M,239,4.82,36.0,20.0,131.0,0.0,0.0,2019,6,3,6.25,0.0
1130,1151,Dakota Allen,LB,Texas Tech,232,4.77,31.5,23.0,116.0,6.88,4.04,2019,6,1,6.083333333,0.0
1131,1152,Josh Allen,EDGE,Kentucky,262,4.63,0.0,28.0,118.0,7.15,4.23,2019,6,5,6.416666667,0.0
1132,1153,Zach Allen,DL,Boston Col.,281,5.0,32.0,24.0,112.0,7.34,4.36,2019,6,4,6.333333333,0.0
1133,1154,Bryson Allen-Williams,LB,South Carolina,236,4.88,0.0,14.0,0.0,7.4,0.0,2019,6,1,6.083333333,0.0
1134,1155,Jeff Allison,LB,Fresno State,228,4.82,31.0,12.0,115.0,7.2,4.45,2019,5,11,5.916666667,0.0
1135,1156,Ugo Amadi,S,Oregon,199,4.51,32.5,18.0,115.0,7.21,4.19,2019,5,9,5.75,0.0
1136,1157,Rodney Anderson,RB,Oklahoma,224,0.0,0.0,25.0,0.0,0.0,0.0,2019,6,0,6.0,0.0
1137,1158,J.J. Arcega-Whiteside,WR,Stanford,225,0.0,0.0,0.0,0.0,0.0,0.0,2019,6,2,6.166666667,0.0
1138,1159,Ryquell Armstead,RB,Temple,220,4.45,30.0,22.0,114.0,7.02,4.29,2019,5,11,5.916666667,0.0
1139,1160,Blessuan Austin,CB,Rutgers,198,0.0,0.0,15.0,0.0,0.0,0.0,2019,6,1,6.083333333,0.0
1140,1161,Jake Bailey,P,Stanford,200,4.72,33.0,0.0,117.0,0.0,0.0,2019,6,1,6.083333333,0.0
1141,1162,Zack Bailey,OL,South Carolina,299,0.0,28.0,24.0,103.0,0.0,0.0,2019,6,5,6.416666667,0.0
1142,1163,Derrick Baity,CB,Kentucky,197,0.0,38.5,10.0,127.0,7.06,4.31,2019,6,2,6.166666667,0.0
1143,1164,Deandre Baker,CB,Georgia,193,4.52,0.0,14.0,118.0,0.0,0.0,2019,5,11,5.916666667,0.0
1144,1165,Corey Ballentine,CB,Washburn,196,4.47,39.5,15.0,135.0,6.82,4.14,2019,5,11,5.916666667,0.0
1145,1166,Ben Banogu,EDGE,TCU,250,4.62,40.0,23.0,134.0,7.02,4.27,2019,6,3,6.25,0.0
1146,1167,Alex Barnes,RB,Kansas State,226,4.59,38.5,34.0,126.0,6.95,4.1,2019,6,0,6.0,0.0
1147,1168,Alex Bars,OL,Notre Dame,312,0.0,0.0,0.0,0.0,0.0,0.0,2019,6,6,6.5,0.0
1148,1169,Cody Barton,LB,Utah,237,4.64,32.5,30.0,116.0,6.9,4.03,2019,6,2,6.166666667,0.0
1149,1170,Jackson Barton,OT,Utah,310,5.18,27.0,25.0,109.0,7.85,4.66,2019,6,7,6.583333333,0.0
1150,1171,Ryan Bates,OL,Penn State,306,5.09,27.0,28.0,102.0,7.45,4.53,2019,6,4,6.333333333,0.0
1151,1172,John Battle,S,LSU,201,4.67,29.5,0.0,120.0,7.09,4.33,2019,6,0,6.0,0.0
1152,1173,Terry Beckner,DL,Missouri,296,5.19,24.5,28.0,98.0,7.97,4.82,2019,6,4,6.333333333,0.0
1153,1174,Mike Bell,S,Fresno State,210,4.83,30.0,10.0,118.0,7.1,4.46,2019,6,3,6.25,0.0
1154,1175,Beau Benzschawel,OL,Wisconsin,309,5.24,0.0,20.0,0.0,0.0,0.0,2019,6,6,6.5,0.0
1155,1176,Marquise Blair,S,Utah,195,4.48,35.0,0.0,125.0,0.0,0.0,2019,6,1,6.083333333,0.0
1156,1177,Kendall Blanton,TE,Missouri,262,4.95,31.0,22.0,113.0,7.37,4.42,2019,6,6,6.5,0.0
1157,1178,Nick Bosa,DL,Ohio State,266,4.79,33.5,29.0,116.0,7.1,4.14,2019,6,4,6.333333333,0.0
1158,1179,Kris Boyd,CB,Texas,201,4.45,36.5,19.0,127.0,6.94,4.08,2019,5,11,5.916666667,0.0
1159,1180,Miles Boykin,WR,Notre Dame,220,4.42,43.5,12.0,140.0,6.77,4.07,2019,6,4,6.333333333,0.0
1160,1181,Garrett Bradbury,OL,North Carolina State,306,4.92,31.0,34.0,104.0,7.41,4.53,2019,6,3,6.25,0.0
1161,1182,Tyre Brady,WR,Marshall,211,0.0,32.0,12.0,117.0,0.0,4.25,2019,6,3,6.25,0.0
1162,1183,Jordan Brailford,EDGE,Oklahoma State,252,4.65,37.5,22.0,126.0,0.0,0.0,2019,6,3,6.25,0.0
1163,1184,Nick Brossette,RB,LSU,209,4.72,35.5,15.0,118.0,7.38,4.44,2019,5,11,5.916666667,0.0
1164,1185,Jordan Brown,CB,South Dakota State,201,4.51,39.5,13.0,128.0,0.0,0.0,2019,6,0,6.0,0.0
1165,1186,A.J. Brown,WR,Mississippi,226,4.49,36.5,19.0,120.0,0.0,0.0,2019,6,0,6.0,0.0
1166,1187,Blace Brown,CB,Troy,194,4.75,0.0,14.0,126.0,7.33,4.22,2019,6,0,6.0,0.0
1167,1188,Keenen Brown,TE,Texas State,250,4.75,33.0,17.0,117.0,7.27,4.51,2019,6,2,6.166666667,0.0
1168,1189,Marquise Brown,WR,Oklahoma,166,0.0,0.0,0.0,0.0,0.0,0.0,2019,5,9,5.75,0.0
1169,1190,Jake Browning,QB,Washington,211,4.74,29.0,0.0,112.0,7.19,4.44,2019,6,2,6.166666667,0.0
1170,1191,Austin Bryant,EDGE,Clemson,271,0.0,0.0,0.0,0.0,0.0,0.0,2019,6,4,6.333333333,0.0
1171,1192,Isaiah Buggs,DL,Alabama,306,5.15,24.5,20.0,96.0,8.01,4.83,2019,6,3,6.25,0.0
1172,1193,Sean Bunting,CB,Central Michigan,195,4.42,41.5,14.0,126.0,0.0,0.0,2019,6,0,6.0,0.0
1173,1194,Brian Burns,EDGE,Florida State,249,4.53,36.0,0.0,129.0,7.01,0.0,2019,6,5,6.416666667,0.0
1174,1195,Ben Burr-Kirven,LB,Washington,230,4.56,34.5,21.0,121.0,6.85,4.09,2019,6,0,6.0,0.0
1175,1197,Devin Bush,LB,Michigan,234,4.43,40.5,21.0,124.0,6.93,4.23,2019,5,11,5.916666667,0.0
1176,1198,Emmanuel Butler,WR,Northern Arizona,217,0.0,36.0,11.0,115.0,0.0,4.22,2019,6,3,6.25,0.0
1177,1199,Hakeem Butler,WR,Iowa State,227,4.48,36.0,18.0,128.0,0.0,0.0,2019,6,5,6.416666667,0.0
1178,1200,Yodny Cajuste,OT,West Virginia,312,0.0,0.0,32.0,0.0,0.0,0.0,2019,6,5,6.416666667,0.0
1179,1201,Deion Calhoun,OL,Mississippi State,310,5.07,28.5,26.0,105.0,7.46,4.62,2019,6,2,6.166666667,0.0
1180,1202,Parris Campbell,WR,Ohio State,205,4.31,40.0,11.0,135.0,0.0,4.03,2019,6,0,6.0,0.0
1181,1203,Malik Carney,EDGE,North Carolina,251,4.73,33.0,25.0,113.0,7.4,0.0,2019,6,2,6.166666667,0.0
1182,1204,Blake Cashman,LB,Minnesota,237,4.5,37.5,18.0,124.0,6.95,4.12,2019,6,1,6.083333333,0.0
1183,1205,Hamp Cheevers,CB,Boston Col.,169,4.52,39.0,8.0,122.0,6.96,4.25,2019,5,9,5.75,0.0
1184,1206,Demarcus Christmas,DL,Florida State,294,5.08,25.5,22.0,101.0,8.13,5.07,2019,6,3,6.25,0.0
1185,1207,L.J. Collier,DL,TCU,283,4.91,30.0,25.0,118.0,7.71,4.78,2019,6,2,6.166666667,0.0
1186,1208,John Cominsky,DL,Charleston,286,4.69,33.5,22.0,116.0,7.03,4.38,2019,6,5,6.416666667,0.0
1187,1209,Te'von Coney,LB,Notre Dame,234,0.0,0.0,0.0,0.0,0.0,0.0,2019,6,1,6.083333333,0.0
1188,1210,Ryan Connelly,LB,Wisconsin,242,4.66,34.5,0.0,118.0,7.09,4.31,2019,6,2,6.166666667,0.0
1189,1211,C.J. Conrad,TE,Kentucky,249,0.0,0.0,0.0,0.0,0.0,0.0,2019,6,4,6.333333333,0.0
1190,1212,Byron Cowart,DL,Maryland,298,5.16,30.0,26.0,111.0,0.0,0.0,2019,6,3,6.25,0.0
1191,1213,Jonathan Crawford,S,Indiana,205,0.0,31.5,16.0,115.0,0.0,0.0,2019,6,1,6.083333333,0.0
1192,1214,Xavier Crawford,CB,Central Michigan,187,4.48,37.5,11.0,0.0,0.0,0.0,2019,5,11,5.916666667,0.0
1193,1215,Maxx Crosby,DL,East. Michigan,255,4.66,36.0,0.0,122.0,6.89,4.13,2019,6,5,6.416666667,0.0
1194,1216,Jamal Custis,WR,Syracuse,214,4.5,34.5,0.0,124.0,0.0,0.0,2019,6,4,6.333333333,0.0
1195,1217,Dennis Daley,OT,South Carolina,317,5.23,26.5,20.0,103.0,7.95,4.92,2019,6,5,6.416666667,0.0
1196,1218,Davante Davis,CB,Texas,202,4.57,37.0,14.0,125.0,6.76,4.15,2019,6,2,6.166666667,0.0
1197,1219,Deshaun Davis,LB,Auburn,234,0.0,31.0,25.0,111.0,0.0,4.38,2019,5,11,5.916666667,0.0
1198,1220,Felton Davis,WR,Michigan State,211,0.0,0.0,21.0,0.0,0.0,0.0,2019,6,3,6.25,0.0
1199,1221,Jamal Davis,EDGE,Akron,243,4.6,39.0,19.0,122.0,7.0,4.44,2019,6,3,6.25,0.0
1200,1222,Nate Davis,OL,Charlotte,316,5.23,26.0,23.0,107.0,7.94,4.83,2019,6,3,6.25,0.0
1201,1223,Ryan Davis,WR,Auburn,189,0.0,35.0,12.0,124.0,7.09,4.23,2019,5,10,5.833333333,0.0
1202,1224,Jamel Dean,CB,Auburn,206,4.3,41.0,16.0,130.0,7.02,4.19,2019,6,1,6.083333333,0.0
1203,1225,Michael Deiter,OL,Wisconsin,309,5.23,28.0,21.0,105.0,7.88,4.81,2019,6,5,6.416666667,0.0
1204,1226,Lukas Denis,S,Boston Col.,190,4.64,33.5,16.0,116.0,6.89,4.09,2019,5,11,5.916666667,0.0
1205,1227,Andre Dillard,OT,Washington State,315,4.96,29.0,24.0,118.0,7.44,4.4,2019,6,5,6.416666667,0.0
1206,1228,D'Cota Dixon,S,Wisconsin,204,4.81,33.5,20.0,119.0,0.0,0.0,2019,5,10,5.833333333,0.0
1207,1229,Johnnie Dixon,WR,Ohio State,201,4.41,37.5,16.0,120.0,0.0,4.43,2019,5,10,5.833333333,0.0
1208,1230,Tyrel Dodson,LB,Texas A&M,237,4.6,0.0,24.0,118.0,0.0,0.0,2019,6,0,6.0,0.0
1209,1231,Greg Dortch,WR,Wake Forest,173,0.0,0.0,0.0,0.0,0.0,0.0,2019,5,7,5.583333333,0.0
1210,1232,Keelan Doss,WR,UC Davis,211,0.0,0.0,8.0,0.0,0.0,0.0,2019,6,2,6.166666667,0.0
1211,1233,Ashton Dulin,WR,Malone University (Ohio),215,4.43,38.0,13.0,121.0,7.0,4.22,2019,6,1,6.083333333,0.0
1212,1234,Jovon Durante,WR,Florida Atlantic,160,4.55,31.5,0.0,120.0,7.0,4.31,2019,5,11,5.916666667,0.0
1213,1235,Chuma Edoga,OT,USC,308,5.19,0.0,21.0,0.0,0.0,0.0,2019,6,3,6.25,0.0
1214,1236,David Edwards,OT,Wisconsin,308,5.28,25.5,0.0,99.0,7.69,4.77,2019,6,6,6.5,0.0
1215,1237,Mike Edwards,S,Kentucky,205,0.0,0.0,0.0,0.0,0.0,0.0,2019,5,10,5.833333333,0.0
1216,1238,T.J. Edwards,LB,Wisconsin,230,0.0,0.0,16.0,0.0,0.0,0.0,2019,6,0,6.0,0.0
1217,1239,Emeke Egbule,LB,Houston,245,4.65,33.0,20.0,119.0,7.38,4.38,2019,6,2,6.166666667,0.0
1218,1240,Bobby Evans,OT,Oklahoma,312,5.2,0.0,22.0,0.0,0.0,0.0,2019,6,4,6.333333333,0.0
1219,1241,Noah Fant,TE,Iowa,249,4.5,39.5,20.0,127.0,6.81,4.22,2019,6,4,6.333333333,0.0
1220,1242,Rashad Fenton,CB,South Carolina,193,4.52,34.0,12.0,117.0,0.0,4.25,2019,5,11,5.916666667,0.0
1221,1243,Jazz Ferguson,WR,Northwestern St. (LA),227,4.45,37.0,8.0,123.0,7.25,4.59,2019,6,5,6.416666667,0.0
1222,1244,Clelin Ferrell,EDGE,Clemson,264,0.0,0.0,25.0,0.0,7.26,4.4,2019,6,4,6.333333333,0.0
1223,1245,Mark Fields,CB,Clemson,192,4.37,0.0,18.0,0.0,0.0,0.0,2019,5,10,5.833333333,0.0
1224,1246,Ryan Finley,QB,North Carolina State,213,4.73,30.5,0.0,116.0,7.2,4.2,2019,6,4,6.333333333,0.0
1225,1248,Nick Fitzgerald,QB,Mississippi State,226,4.64,29.5,0.0,115.0,0.0,0.0,2019,6,5,6.416666667,0.0
1226,1249,Cody Ford,OT,Oklahoma,329,5.21,28.5,19.0,104.0,8.27,4.87,2019,6,4,6.333333333,0.0
1227,1250,Jack Fox,P,Rice,213,4.73,27.5,0.0,114.0,0.0,0.0,2019,6,2,6.166666667,0.0
1228,1251,Hjalte Froholdt,OL,Arkansas,306,5.2,27.5,31.0,105.0,7.51,4.54,2019,6,5,6.416666667,0.0
1229,1252,Travis Fulgham,WR,Old Dominion,215,4.58,36.5,15.0,126.0,0.0,0.0,2019,6,2,6.166666667,0.0
1230,1253,Lamont Gaillard,OL,Georgia,305,0.0,0.0,0.0,0.0,0.0,0.0,2019,6,3,6.25,0.0
1231,1254,Greg Gaines,DL,Washington,312,5.16,31.0,30.0,109.0,0.0,0.0,2019,6,1,6.083333333,0.0
1232,1255,Malik Gant,S,Marshall,209,4.63,34.5,17.0,114.0,7.45,4.3,2019,6,0,6.0,0.0
1233,1256,Chauncey Gardner-Johnson,S,Florida,210,4.48,36.0,17.0,117.0,7.03,4.2,2019,5,11,5.916666667,0.0
1234,1257,Rashan Gary,DL,Michigan,277,4.58,38.0,26.0,120.0,7.26,4.29,2019,6,4,6.333333333,0.0
1235,1258,Myles Gaskin,RB,Washington,205,4.58,35.5,24.0,118.0,7.19,4.27,2019,5,9,5.75,0.0
1236,1259,Matt Gay,K,Utah,232,0.0,0.0,0.0,0.0,0.0,0.0,2019,6,0,6.0,0.0
1237,1260,Zach Gentry,TE,Michigan,265,4.9,29.5,12.0,110.0,7.4,4.53,2019,6,8,6.666666667,0.0
1238,1261,Joe Giles-Harris,LB,Duke,234,4.75,29.5,17.0,111.0,0.0,0.0,2019,6,2,6.166666667,0.0
1239,1262,Andrew Van ginkel,LB,Wisconsin,241,0.0,38.0,17.0,123.0,6.89,4.14,2019,6,3,6.25,0.0
1240,1263,Kevin Givens,DL,Penn State,285,5.08,31.0,32.0,115.0,7.63,4.62,2019,6,1,6.083333333,0.0
1241,1264,Dan Godsil,LS,Indiana,241,5.0,34.5,16.0,118.0,7.56,4.55,2019,6,4,6.333333333,0.0
1242,1265,Terry Godwin,WR,Georgia,184,4.55,36.5,0.0,117.0,6.96,0.0,2019,5,11,5.916666667,0.0
1243,1266,Carl Granderson,EDGE,Wyoming,254,4.79,35.0,0.0,119.0,7.44,4.41,2019,6,5,6.416666667,0.0
1244,1267,Derwin Gray,OT,Maryland,320,5.26,0.0,26.0,90.0,0.0,0.0,2019,6,4,6.333333333,0.0
1245,1268,Gerri Green,EDGE,Mississippi State,252,4.63,35.0,24.0,114.0,7.27,4.42,2019,6,4,6.333333333,0.0
1246,1269,Donnell Greene,OT,Minnesota,335,0.0,0.0,0.0,0.0,0.0,0.0,2019,6,5,6.416666667,0.0
1247,1270,Ethan Greenidge,OL,Villanova,327,0.0,0.0,0.0,0.0,0.0,0.0,2019,6,4,6.333333333,0.0
1248,1271,Dre Greenlaw,LB,Arkansas,237,0.0,33.0,24.0,117.0,0.0,0.0,2019,5,11,5.916666667,0.0
1249,1272,Will Grier,QB,West Virginia,217,4.84,34.0,0.0,112.0,7.09,4.28,2019,6,2,6.166666667,0.0
1250,1273,Porter Gustin,EDGE,USC,255,4.69,35.5,31.0,119.0,0.0,0.0,2019,6,4,6.333333333,0.0
1251,1274,Emanuel Hall,WR,Missouri,201,4.39,43.5,15.0,141.0,0.0,0.0,2019,6,2,6.166666667,0.0
1252,1275,Nate Hall,LB,Northwestern,225,0.0,0.0,0.0,0.0,0.0,0.0,2019,6,2,6.166666667,0.0
1253,1276,Terez Hall,LB,Missouri,230,0.0,0.0,20.0,0.0,0.0,0.0,2019,6,1,6.083333333,0.0
1254,1277,Saquan Hampton,S,Rutgers,206,4.48,0.0,14.0,125.0,0.0,0.0,2019,6,1,6.083333333,0.0
1255,1278,Terrill Hanks,LB,New Mexico State,242,4.98,35.5,21.0,118.0,0.0,0.0,2019,6,2,6.166666667,0.0
1256,1279,Chase Hansen,LB,Utah,222,0.0,0.0,0.0,0.0,0.0,0.0,2019,6,3,6.25,0.0
1257,1280,Mecole Hardman,WR,Georgia,187,4.33,36.5,17.0,119.0,0.0,0.0,2019,5,10,5.833333333,0.0
1258,1281,Kelvin Harmon,WR,North Carolina State,221,4.6,32.5,18.0,117.0,7.15,4.32,2019,6,2,6.166666667,0.0
1259,1282,Damien Harris,RB,Alabama,216,4.57,37.0,16.0,121.0,0.0,0.0,2019,5,10,5.833333333,0.0
1260,1283,Will Harris,S,Boston Col.,207,4.41,36.5,20.0,123.0,6.91,4.12,2019,6,1,6.083333333,0.0
1261,1284,N'Keal Harry,WR,Arizona State,228,4.53,38.5,27.0,122.0,0.0,0.0,2019,6,2,6.166666667,0.0
1262,1285,Montre Hartage,CB,Northwestern,190,4.68,34.5,9.0,123.0,6.95,4.08,2019,5,11,5.916666667,0.0
1263,1286,Dwayne Haskins,QB,Ohio State,231,5.04,28.5,0.0,0.0,0.0,0.0,2019,6,3,6.25,0.0
1264,1287,Phil Haynes,OL,Wake Forest,322,5.2,31.0,33.0,108.0,7.76,4.95,2019,6,4,6.333333333,0.0
1265,1288,Daniel Helm,TE,Duke,249,4.89,0.0,14.0,0.0,0.0,0.0,2019,6,4,6.333333333,0.0
1266,1289,Darrell Henderson,RB,Memphis,208,4.49,33.5,22.0,121.0,0.0,0.0,2019,5,8,5.666666667,0.0
1267,1290,Nate Herbig,OL,Stanford,335,5.41,24.0,29.0,90.0,8.15,5.04,2019,6,3,6.25,0.0
1268,1291,Karan Higdon,RB,Michigan,206,4.49,34.0,21.0,123.0,0.0,0.0,2019,5,9,5.75,0.0
1269,1292,Justice Hill,RB,Oklahoma State,198,4.4,40.0,21.0,130.0,0.0,0.0,2019,5,10,5.833333333,0.0
1270,1293,Trysten Hill,DL,Central Florida,308,5.04,35.0,28.0,115.0,7.7,4.38,2019,6,3,6.25,0.0
1271,1294,T.J. Hockenson,TE,Iowa,251,4.7,37.5,17.0,123.0,7.02,4.18,2019,6,5,6.416666667,0.0
1272,1295,Alijah Holder,CB,Stanford,191,4.6,36.0,9.0,121.0,6.7,4.15,2019,6,1,6.083333333,0.0
1273,1296,Justin Hollins,EDGE,Oregon,248,4.5,36.5,25.0,119.0,7.06,4.4,2019,6,5,6.416666667,0.0
1274,1297,Elijah Holyfield,RB,Georgia,217,4.78,29.5,26.0,118.0,0.0,0.0,2019,5,10,5.833333333,0.0
1275,1299,Travis Homer,RB,Miami (FL),201,4.48,39.5,17.0,130.0,7.07,4.31,2019,5,10,5.833333333,0.0
1276,1300,Amani Hooker,S,Iowa,210,4.48,37.0,14.0,123.0,6.81,4.1,2019,5,11,5.916666667,0.0
1277,1301,Tytus Howard,OT,Alabama State,322,5.05,29.5,21.0,103.0,8.34,4.87,2019,6,5,6.416666667,0.0
1278,1302,Albert Huggins,DL,Clemson,305,5.12,25.5,35.0,101.0,7.84,4.84,2019,6,3,6.25,0.0
1279,1303,Lil'Jordan Humphrey,WR,Texas,210,4.75,33.5,13.0,119.0,7.09,4.29,2019,6,4,6.333333333,0.0
1280,1304,Jalen Hurd,WR,Baylor,226,0.0,0.0,23.0,0.0,0.0,0.0,2019,6,5,6.416666667,0.0
1281,1305,Mitch Hyatt,OT,Clemson,303,0.0,25.5,28.0,102.0,7.72,4.52,2019,6,5,6.416666667,0.0
1282,1306,Alec Ingold,FB,Wisconsin,242,4.89,34.0,16.0,116.0,7.35,4.32,2019,6,1,6.083333333,0.0
1283,1307,Andy Isabella,WR,Massachusetts,188,4.31,36.5,15.0,121.0,6.95,4.15,2019,5,9,5.75,0.0
1284,1308,Martez Ivey,OL,Florida,315,0.0,0.0,0.0,0.0,0.0,0.0,2019,6,5,6.416666667,0.0
1285,1309,Joe Jackson,DL,Miami (FL),275,0.0,27.0,22.0,109.0,0.0,0.0,2019,6,4,6.333333333,0.0
1286,1310,Mike Jackson,CB,Miami (FL),210,4.45,40.5,13.0,130.0,7.12,4.12,2019,6,1,6.083333333,0.0
1287,1311,Tyree Jackson,QB,Buffalo,249,4.59,34.5,0.0,120.0,7.09,4.28,2019,6,7,6.583333333,0.0
1288,1312,Josh Jacobs,RB,Alabama,220,0.0,0.0,0.0,0.0,0.0,0.0,2019,5,10,5.833333333,0.0
1289,1313,Andre James,OT,UCLA,299,5.32,29.0,21.0,105.0,8.0,4.84,2019,6,4,6.333333333,0.0
1290,1314,Cece Jefferson,EDGE,Florida,266,5.02,30.5,17.0,108.0,7.5,4.53,2019,6,1,6.083333333,0.0
1291,1315,Jalen Jelks,EDGE,Oregon,256,4.92,32.5,19.0,113.0,7.22,4.59,2019,6,5,6.416666667,0.0
1292,1316,Elgton Jenkins,OL,Mississippi State,310,0.0,28.0,29.0,109.0,7.77,4.62,2019,6,4,6.333333333,0.0
1293,1317,Gary Jennings,WR,West Virginia,214,4.42,37.0,20.0,127.0,7.32,4.15,2019,6,1,6.083333333,0.0
1294,1318,Devon Johnson,OT,Ferris State,338,5.16,27.5,26.0,89.0,8.34,5.28,2019,6,7,6.583333333,0.0
1295,1319,Anthony Johnson,WR,Buffalo,209,0.0,32.5,18.0,122.0,7.12,0.0,2019,6,2,6.166666667,0.0
1296,1320,Darryl Johnson,EDGE,North Carolina A&T,253,0.0,0.0,20.0,0.0,0.0,0.0,2019,6,6,6.5,0.0
1297,1321,Diontae Johnson,WR,Toledo,183,4.53,33.5,15.0,123.0,7.09,4.45,2019,5,10,5.833333333,0.0
1298,1322,Fred Johnson,OL,Florida,326,0.0,0.0,0.0,0.0,0.0,0.0,2019,6,7,6.583333333,0.0
1299,1323,Gary Johnson,LB,Texas,226,4.43,33.5,16.0,121.0,7.15,4.57,2019,6,0,6.0,0.0
1300,1324,Isaiah Johnson,CB,Houston,208,4.4,36.5,0.0,133.0,6.81,4.06,2019,6,2,6.166666667,0.0
1301,1325,Jaquan Johnson,S,Miami (FL),191,4.69,33.0,18.0,121.0,0.0,0.0,2019,5,10,5.833333333,0.0
1302,1326,Keesean Johnson,WR,Fresno State,201,4.6,30.0,14.0,117.0,7.28,4.23,2019,6,1,6.083333333,0.0
1303,1327,Lonnie Johnson,CB,Kentucky,213,4.52,38.0,15.0,129.0,7.01,4.1,2019,6,2,6.166666667,0.0
1304,1328,Bisi Johnson,WR,Colorado State,204,4.51,38.0,14.0,124.0,6.88,4.16,2019,6,0,6.0,0.0
1305,1329,Daniel Jones,QB,Duke,221,4.81,33.5,0.0,120.0,7.0,4.41,2019,6,5,6.416666667,0.0
1306,1330,Dre'Mont Jones,DL,Ohio State,281,5.12,31.5,0.0,110.0,7.71,4.53,2019,6,3,6.25,0.0
1307,1331,Jordan Jones,LB,Kentucky,234,4.62,32.5,23.0,123.0,0.0,4.37,2019,6,2,6.166666667,0.0
1308,1332,Tyler Jones,OT,North Carolina State,306,0.0,31.5,23.0,111.0,7.75,4.82,2019,6,3,6.25,0.0
1309,1333,Michael Jordan,OT,Ohio State,312,5.27,32.5,19.0,116.0,7.71,4.71,2019,6,6,6.5,0.0
1310,1334,Kendall Joseph,LB,Clemson,233,0.0,0.0,25.0,0.0,0.0,0.0,2019,6,0,6.0,0.0
1311,1335,Vosean Joseph,LB,Florida,230,0.0,0.0,0.0,0.0,0.0,0.0,2019,6,1,6.083333333,0.0
1312,1336,Kingsley Keke,DL,Texas A&M,288,4.95,31.5,0.0,111.0,7.55,4.46,2019,6,3,6.25,0.0
1313,1337,Brandon Knight,OT,Indiana,314,0.0,0.0,0.0,0.0,0.0,0.0,2019,6,4,6.333333333,0.0
1314,1338,Dawson Knox,TE,Mississippi,254,0.0,34.5,16.0,0.0,7.12,4.27,2019,6,4,6.333333333,0.0
1315,1339,Tre Lamar,LB,Clemson,253,0.0,0.0,0.0,0.0,0.0,0.0,2019,6,3,6.25,0.0
1316,1340,Dexter Lawrence,DL,Clemson,342,5.05,0.0,36.0,0.0,0.0,0.0,2019,6,4,6.333333333,0.0
1317,1341,Justin Layne,CB,Michigan State,192,4.5,37.5,0.0,134.0,6.9,4.09,2019,6,2,6.166666667,0.0
1318,1342,Jonathan Ledbetter,DL,Georgia,280,5.14,26.5,22.0,108.0,0.0,0.0,2019,6,4,6.333333333,0.0
1319,1343,Iman Lewis-Marshall,CB,USC,207,4.53,0.0,16.0,0.0,0.0,0.0,2019,6,1,6.083333333,0.0
1320,1344,Chris Lindstrom,OL,Boston Col.,308,4.91,30.5,25.0,117.0,7.61,4.54,2019,6,4,6.333333333,0.0
1321,1345,Greg Little,OT,Mississippi,310,5.33,25.0,0.0,113.0,0.0,4.74,2019,6,5,6.416666667,0.0
1322,1346,Drew Lock,QB,Missouri,228,4.69,31.0,0.0,112.0,7.03,4.12,2019,6,4,6.333333333,0.0
1323,1347,Damarkus Lodge,WR,Mississippi,202,4.55,33.5,11.0,119.0,7.06,4.53,2019,6,2,6.166666667,0.0
1324,1348,David Long,CB,Michigan,196,4.45,39.5,15.0,120.0,6.45,3.97,2019,5,11,5.916666667,0.0
1325,1350,Bryce Love,RB,Stanford,200,0.0,0.0,18.0,0.0,0.0,0.0,2019,5,9,5.75,0.0
1326,1351,Julian Love,CB,Notre Dame,195,4.54,36.0,14.0,121.0,6.72,4.1,2019,5,11,5.916666667,0.0
1327,1352,Alize Mack,TE,Notre Dame,249,4.7,36.0,22.0,120.0,7.27,4.34,2019,6,4,6.333333333,0.0
1328,1353,Daylon Mack,DL,Texas A&M,336,5.1,27.0,30.0,102.0,8.02,4.95,2019,6,1,6.083333333,0.0
1329,1354,Alexander Mattison,RB,Boise State,221,4.67,35.0,22.0,127.0,7.13,4.29,2019,5,11,5.916666667,0.0
1330,1355,Erik McCoy,OL,Texas A&M,303,4.89,31.0,29.0,107.0,8.28,4.62,2019,6,4,6.333333333,0.0
1331,1356,Kaleb McGary,OT,Washington,317,5.05,33.5,23.0,111.0,7.66,4.58,2019,6,7,6.583333333,0.0
1332,1357,Connor McGovern,OL,Penn State,308,0.0,0.0,28.0,112.0,7.66,4.57,2019,6,5,6.416666667,0.0
1333,1358,Mark McLaurin,S,Mississippi State,212,4.77,36.0,12.0,0.0,0.0,4.46,2019,6,1,6.083333333,0.0
1334,1359,Terry McLaurin,WR,Ohio State,208,4.35,37.5,18.0,125.0,7.01,4.15,2019,6,0,6.0,0.0
1335,1360,Trace McSorley,QB,Penn State,202,4.57,33.0,0.0,115.0,7.09,4.12,2019,6,0,6.0,0.0
1336,1361,D.K. Metcalf,WR,Mississippi,228,4.33,40.5,27.0,134.0,7.38,4.5,2019,6,3,6.25,0.0
1337,1362,Jakobi Meyers,WR,North Carolina State,203,4.63,37.0,13.0,118.0,7.07,4.23,2019,6,2,6.166666667,0.0
1338,1363,Joshua Miles,OT,Morgan State,314,5.32,36.0,0.0,109.0,8.07,4.75,2019,6,5,6.416666667,0.0
1339,1364,Christian Miller,EDGE,Alabama,247,0.0,38.5,0.0,118.0,0.0,0.0,2019,6,3,6.25,0.0
1340,1365,Jordan Miller,CB,Washington,186,4.49,37.0,6.0,125.0,0.0,0.0,2019,6,1,6.083333333,0.0
1341,1366,Shareef Miller,EDGE,Penn State,254,4.69,29.5,16.0,0.0,0.0,4.45,2019,6,4,6.333333333,0.0
1342,1367,Gardner Minshew,QB,Washington State,225,4.97,33.5,0.0,116.0,7.14,4.45,2019,6,1,6.083333333,0.0
1343,1368,Dillon Mitchell,WR,Oregon,197,4.46,36.5,12.0,122.0,0.0,4.29,2019,6,1,6.083333333,0.0
1344,1369,David Montgomery,RB,Iowa State,222,4.63,28.5,15.0,121.0,0.0,0.0,2019,5,10,5.833333333,0.0
1345,1370,Jalin Moore,RB,Appalachian State,212,0.0,0.0,27.0,0.0,0.0,0.0,2019,5,10,5.833333333,0.0
1346,1371,Foster Moreau,TE,LSU,253,4.66,36.5,22.0,121.0,7.16,4.11,2019,6,4,6.333333333,0.0
1347,1372,Stanley Morgan,WR,Nebraska,202,4.53,38.5,14.0,125.0,6.78,4.13,2019,6,0,6.0,0.0
1348,1373,Trayvon Mullen,CB,Clemson,199,4.46,34.5,0.0,123.0,0.0,0.0,2019,6,1,6.083333333,0.0
1349,1374,Byron Murphy,CB,Washington,190,4.55,36.5,14.0,120.0,0.0,0.0,2019,5,11,5.916666667,0.0
1350,1375,Kyler Murray,QB,Oklahoma,207,0.0,0.0,0.0,0.0,0.0,0.0,2019,5,10,5.833333333,0.0
1351,1376,Nyqwan Murray,WR,Florida State,191,4.63,34.0,8.0,113.0,7.2,4.4,2019,5,10,5.833333333,0.0
1352,1377,Isaac Nauta,TE,Georgia,244,4.91,28.0,19.0,0.0,7.45,4.43,2019,6,3,6.25,0.0
1353,1378,Anthony Nelson,DL,Iowa,271,4.82,35.5,18.0,118.0,6.95,4.23,2019,6,7,6.583333333,0.0
1354,1379,Yosh Nijman,OT,Virginia Tech,324,0.0,0.0,27.0,114.0,8.07,4.5,2019,6,7,6.583333333,0.0
1355,1380,Bobby Okereke,LB,Stanford,239,4.58,33.5,0.0,122.0,7.25,4.26,2019,6,1,6.083333333,0.0
1356,1381,Ed Oliver,DL,Houston,287,0.0,36.0,32.0,120.0,0.0,0.0,2019,6,2,6.166666667,0.0
1357,1382,Josh Oliver,TE,San Jose State,249,4.63,34.0,22.0,117.0,7.21,4.47,2019,6,5,6.416666667,0.0
1358,1383,Qadree Ollison,RB,Pittsburgh,228,4.58,29.5,19.0,114.0,7.53,4.31,2019,6,1,6.083333333,0.0
1359,1384,Charles Omenihu,DL,Texas,280,4.92,36.5,0.0,115.0,7.48,4.36,2019,6,5,6.416666667,0.0
1360,1385,Iosua Opeta,OL,Weber State,301,5.02,33.0,39.0,112.0,8.06,4.94,2019,6,4,6.333333333,0.0
1361,1386,Amani Oruwariye,CB,Penn State,205,4.47,36.5,17.0,120.0,6.82,4.16,2019,6,2,6.166666667,0.0
1362,1387,Javon Patterson,OL,Mississippi,307,5.13,27.5,27.0,98.0,7.72,4.78,2019,6,3,6.25,0.0
1363,1388,Jamal Peters,CB,Mississippi State,218,4.63,0.0,0.0,0.0,0.0,0.0,2019,6,2,6.166666667,0.0
1364,1389,Ross Pierschbacher,OT,Alabama,307,5.2,22.5,20.0,0.0,7.83,4.7,2019,6,4,6.333333333,0.0
1365,1390,Trey Pipkins,OT,Sioux Falls,309,5.12,33.5,16.0,114.0,7.61,4.7,2019,6,6,6.5,0.0
1366,1391,Jachai Polite,EDGE,Florida,258,4.84,32.0,0.0,0.0,0.0,0.0,2019,6,3,6.25,0.0
1367,1392,Tony Pollard,RB,Memphis,210,4.52,35.0,13.0,121.0,0.0,0.0,2019,6,0,6.0,0.0
1368,1393,Ryan Pope,OT,San Diego State,320,0.0,0.0,25.0,0.0,0.0,0.0,2019,6,7,6.583333333,0.0
1369,1394,Ben Powers,OL,Oklahoma,307,0.0,0.0,21.0,0.0,0.0,0.0,2019,6,4,6.333333333,0.0
1370,1395,Germaine Pratt,LB,North Carolina State,240,4.57,32.5,24.0,116.0,0.0,0.0,2019,6,2,6.166666667,0.0
1371,1396,Isaiah Prince,OT,Ohio State,305,5.09,27.0,23.0,115.0,7.9,5.02,2019,6,6,6.5,0.0
1372,1397,Ryan Pulley,CB,Arkansas,209,4.61,31.0,11.0,111.0,0.0,0.0,2019,5,11,5.916666667,0.0
1373,1398,Taylor Rapp,S,Washington,208,0.0,35.0,17.0,115.0,6.82,3.99,2019,6,0,6.0,0.0
1374,1399,Wyatt Ray,EDGE,Boston Col.,257,4.83,34.0,25.0,118.0,7.34,4.31,2019,6,3,6.25,0.0
1375,1401,Dax Raymond,TE,Utah State,255,4.73,32.0,15.0,109.0,7.15,4.39,2019,6,5,6.416666667,0.0
1376,1402,Sheldrick Redwine,S,Miami (FL),196,4.44,39.0,0.0,130.0,0.0,4.14,2019,6,0,6.0,0.0
1377,1403,Hunter Renfrow,WR,Clemson,184,4.59,35.0,7.0,116.0,6.8,4.19,2019,5,10,5.833333333,0.0
1378,1404,Riley Ridley,WR,Georgia,199,4.58,30.5,13.0,124.0,7.22,4.28,2019,6,1,6.083333333,0.0
1379,1405,Dalton Risner,OT,Kansas State,312,5.3,28.5,23.0,110.0,7.69,4.52,2019,6,5,6.416666667,0.0
1380,1406,Tyler Roemer,OT,San Diego State,312,5.21,30.5,18.0,108.0,7.75,4.76,2019,6,6,6.5,0.0
1381,1407,Dontavius Russell,DL,Auburn,319,5.15,0.0,24.0,0.0,7.81,4.77,2019,6,3,6.25,0.0
1382,1408,Brett Rypien,QB,Boise State,210,4.91,33.0,0.0,116.0,7.1,4.29,2019,6,2,6.166666667,0.0
1383,1409,Dru Samia,OT,Oklahoma,305,5.29,27.5,28.0,101.0,7.89,4.7,2019,6,5,6.416666667,0.0
1384,1410,Drew Sample,TE,Washington,255,4.71,33.5,0.0,115.0,7.15,4.31,2019,6,5,6.416666667,0.0
1385,1411,Deebo Samuel,WR,South Carolina,214,4.48,39.0,15.0,122.0,7.03,4.14,2019,5,11,5.916666667,0.0
1386,1412,Miles Sanders,RB,Penn State,211,4.49,36.0,20.0,124.0,6.89,4.19,2019,5,11,5.916666667,0.0
1387,1413,Khalen Saunders,DL,Western Illinois,324,5.01,30.5,27.0,101.0,7.57,4.62,2019,6,0,6.0,0.0
1388,1414,Darnell Savage,S,Maryland,198,4.36,39.5,11.0,126.0,7.03,4.14,2019,5,11,5.916666667,0.0
1389,1415,Jordan Scarlett,RB,Florida,208,4.47,30.0,21.0,116.0,7.37,4.63,2019,5,11,5.916666667,0.0
1390,1416,Max Scharping,OT,Northern Illinois,327,0.0,28.0,27.0,108.0,7.77,4.69,2019,6,6,6.5,0.0
1391,1417,Lj Scott,RB,Michigan State,227,0.0,33.0,21.0,120.0,7.27,4.34,2019,6,0,6.0,0.0
1392,1418,Austin Seibert,K,Oklahoma,213,0.0,0.0,0.0,0.0,0.0,0.0,2019,5,9,5.75,0.0
1393,1419,Kendall Sheffield,CB,Ohio State,193,0.0,0.0,0.0,0.0,0.0,0.0,2019,5,11,5.916666667,0.0
1394,1420,Kyle Shurmur,QB,Vanderbilt,230,4.91,29.5,0.0,106.0,7.51,4.53,2019,6,4,6.333333333,0.0
1395,1421,David Sills,WR,West Virginia,211,4.57,37.5,14.0,117.0,6.97,4.28,2019,6,3,6.25,0.0
1396,1422,Devin Singletary,RB,Florida Atlantic,203,4.66,35.0,15.0,117.0,7.32,4.4,2019,5,7,5.583333333,0.0
1397,1423,Chris Slayton,DL,Syracuse,307,5.13,29.0,28.0,101.0,0.0,4.73,2019,6,4,6.333333333,0.0
1398,1424,Darius Slayton,WR,Auburn,190,4.39,40.5,11.0,135.0,7.0,4.15,2019,6,1,6.083333333,0.0
1399,1425,Cameron Smith,LB,USC,238,4.69,39.0,15.0,123.0,0.0,4.23,2019,6,2,6.166666667,0.0
1400,1426,Irv Smith,TE,Alabama,242,4.63,32.5,19.0,110.0,7.32,4.33,2019,6,2,6.166666667,0.0
1401,1427,Jaylen Smith,WR,Louisville,219,4.47,34.5,14.0,122.0,7.55,4.48,2019,6,2,6.166666667,0.0
1402,1428,Kaden Smith,TE,Stanford,255,4.92,32.0,15.0,108.0,7.08,4.47,2019,6,5,6.416666667,0.0
1403,1429,Saivion Smith,CB,Alabama,199,0.0,33.0,11.0,121.0,7.09,4.37,2019,6,1,6.083333333,0.0
1404,1430,Sutton Smith,EDGE,Northern Illinois,233,4.69,31.5,25.0,118.0,6.75,4.32,2019,6,0,6.0,0.0
1405,1431,Benny Snell,RB,Kentucky,224,4.66,29.5,16.0,119.0,7.07,4.33,2019,5,10,5.833333333,0.0
1406,1432,Jace Sternberger,TE,Texas A&M,251,4.75,31.5,17.0,113.0,7.19,4.31,2019,6,4,6.333333333,0.0
1407,1433,Easton Stick,QB,North Dakota State,224,4.62,33.5,0.0,118.0,6.65,4.05,2019,6,1,6.083333333,0.0
1408,1434,Jarrett Stidham,QB,Auburn,218,4.81,31.0,0.0,110.0,7.28,4.33,2019,6,2,6.166666667,0.0
1409,1435,Ty Summers,LB,TCU,241,4.51,36.0,27.0,123.0,0.0,0.0,2019,6,1,6.083333333,0.0
1410,1436,Montez Sweat,EDGE,Mississippi State,260,4.41,36.0,21.0,125.0,7.0,4.29,2019,6,6,6.5,0.0
1411,1437,Tommy Sweeney,TE,Boston Col.,251,4.83,0.0,17.0,0.0,0.0,0.0,2019,6,4,6.333333333,0.0
1412,1438,William Sweet,OT,North Carolina,313,5.27,30.5,23.0,111.0,8.01,5.0,2019,6,6,6.5,0.0
1413,1439,Jordan Ta'amu,QB,Mississippi,221,4.77,27.5,0.0,109.0,7.06,4.36,2019,6,3,6.25,0.0
1414,1440,Sione Takitaki,LB,BYU,238,4.63,37.0,24.0,125.0,7.21,4.28,2019,6,1,6.083333333,0.0
1415,1441,Trevon Tate,OL,Memphis,293,0.0,0.0,22.0,0.0,0.0,0.0,2019,6,2,6.166666667,0.0
1416,1442,Jahlani Tavai,LB,Hawaii,250,0.0,0.0,0.0,0.0,0.0,0.0,2019,6,2,6.166666667,0.0
1417,1443,Jawaan Taylor,OT,Florida,312,0.0,0.0,24.0,0.0,0.0,0.0,2019,6,5,6.416666667,0.0
1418,1444,Marvell Tell,S,USC,198,0.0,42.0,0.0,136.0,6.63,4.01,2019,6,2,6.166666667,0.0
1419,1445,Derrek Thomas,CB,Baylor,189,4.44,39.5,8.0,131.0,0.0,0.0,2019,6,3,6.25,0.0
1420,1446,Cody Thompson,WR,Toledo,205,4.57,38.5,19.0,119.0,6.87,4.03,2019,6,1,6.083333333,0.0
1421,1447,Deionte Thompson,S,Alabama,195,0.0,0.0,0.0,0.0,0.0,0.0,2019,6,1,6.083333333,0.0
1422,1448,Juan Thornhill,S,Virginia,205,4.42,44.0,21.0,141.0,0.0,0.0,2019,6,0,6.0,0.0
1423,1449,Clayton Thorson,QB,Northwestern,222,0.0,0.0,0.0,0.0,0.0,0.0,2019,6,4,6.333333333,0.0
1424,1450,Jerry Tillery,DL,Notre Dame,295,4.93,32.0,23.0,115.0,7.45,4.33,2019,6,6,6.5,0.0
1425,1452,Cole Tracy,K,LSU,184,0.0,0.0,0.0,0.0,0.0,0.0,2019,5,10,5.833333333,0.0
1426,1453,Drue Tranquill,LB,Notre Dame,234,4.57,37.5,31.0,122.0,6.94,4.14,2019,6,2,6.166666667,0.0
1427,1454,Oli Udoh,OT,Elon,323,5.05,28.5,26.0,105.0,7.88,5.05,2019,6,5,6.416666667,0.0
1428,1455,D'Andre Walker,EDGE,Georgia,251,0.0,0.0,0.0,0.0,0.0,0.0,2019,6,2,6.166666667,0.0
1429,1456,Kahale Warring,TE,San Diego State,252,4.67,36.5,19.0,122.0,7.21,4.25,2019,6,5,6.416666667,0.0
1430,1457,Armon Watts,DL,Arkansas,300,5.23,0.0,0.0,0.0,0.0,0.0,2019,6,5,6.416666667,0.0
1431,1458,Jamarius Way,WR,South Alabama,215,4.63,32.5,16.0,119.0,0.0,4.66,2019,6,3,6.25,0.0
1432,1459,Mike Weber,RB,Ohio State,211,4.47,33.5,22.0,0.0,0.0,0.0,2019,5,10,5.833333333,0.0
1433,1460,Ken Webster,CB,Mississippi,203,4.43,43.0,18.0,133.0,6.85,4.14,2019,5,11,5.916666667,0.0
1434,1461,Trevon Wesco,TE,West Virginia,267,4.89,31.0,24.0,117.0,7.18,4.38,2019,6,3,6.25,0.0
1435,1462,Alex Wesley,WR,Northern Colorado,190,4.45,38.5,13.0,125.0,7.4,4.44,2019,6,0,6.0,0.0
1436,1463,Antoine Wesley,WR,Texas Tech,206,0.0,37.0,6.0,117.0,7.07,4.26,2019,6,4,6.333333333,0.0
1437,1464,Darius West,S,Kentucky,208,4.39,33.5,19.0,113.0,0.0,0.0,2019,5,11,5.916666667,0.0
1438,1465,Devin White,LB,LSU,237,4.42,39.5,22.0,118.0,7.07,4.17,2019,6,0,6.0,0.0
1439,1466,Christian Wilkins,DL,Clemson,315,5.04,29.5,28.0,107.0,0.0,4.55,2019,6,3,6.25,0.0
1440,1467,Dexter Williams,RB,Notre Dame,212,4.57,36.0,17.0,130.0,7.0,4.16,2019,5,11,5.916666667,0.0
1441,1468,Greedy Williams,CB,LSU,185,4.37,0.0,0.0,0.0,0.0,0.0,2019,6,2,6.166666667,0.0
1442,1469,James Williams,RB,Washington State,197,4.58,36.5,0.0,118.0,7.01,4.25,2019,5,9,5.75,0.0
1443,1470,Jonah Williams,OT,Alabama,302,5.12,28.0,23.0,100.0,8.01,4.79,2019,6,4,6.333333333,0.0
1444,1471,Joejuan Williams,CB,Vanderbilt,211,4.64,0.0,17.0,0.0,0.0,0.0,2019,6,4,6.333333333,0.0
1445,1472,Quinnen Williams,DL,Alabama,303,4.83,30.5,0.0,112.0,0.0,0.0,2019,6,3,6.25,0.0
1446,1473,Trayveon Williams,RB,Texas A&M,206,4.51,33.0,19.0,121.0,7.44,4.44,2019,5,8,5.666666667,0.0
1447,1474,Gerald Willis,DL,Miami (FL),302,0.0,0.0,0.0,0.0,0.0,0.0,2019,6,2,6.166666667,0.0
1448,1475,Khari Willis,S,Michigan State,213,4.52,34.5,22.0,118.0,0.0,0.0,2019,5,11,5.916666667,0.0
1449,1476,Caleb Wilson,TE,UCLA,240,4.56,29.0,0.0,113.0,7.2,4.4,2019,6,4,6.333333333,0.0
1450,1477,Donovan Wilson,S,Texas A&M,199,0.0,36.0,18.0,127.0,0.0,0.0,2019,6,0,6.0,0.0
1451,1478,Mack Wilson,LB,Alabama,240,0.0,32.0,0.0,117.0,0.0,0.0,2019,6,1,6.083333333,0.0
1452,1479,Andrew Wingard,S,Wyoming,209,4.56,36.5,9.0,121.0,7.08,4.2,2019,6,0,6.0,0.0
1453,1480,Chase Winovich,EDGE,Michigan,256,4.59,30.5,18.0,116.0,6.94,4.11,2019,6,3,6.25,0.0
1454,1481,Daniel Wise,DL,Kansas,281,5.28,27.5,22.0,112.0,7.53,4.37,2019,6,3,6.25,0.0
1455,1482,Mitch Wishnowsky,P,Utah,218,4.63,32.5,0.0,117.0,0.0,0.0,2019,6,2,6.166666667,0.0
1456,1483,Zedrick Woods,S,Mississippi,205,4.29,34.5,19.0,122.0,7.0,4.15,2019,5,11,5.916666667,0.0
1457,1484,Evan Worthington,S,Colorado,212,4.63,33.5,17.0,121.0,7.07,4.37,2019,6,2,6.166666667,0.0
1458,1485,Renell Wren,DL,Arizona State,318,5.01,32.0,30.0,118.0,7.65,4.53,2019,6,5,6.416666667,0.0
1459,1486,Oshane Ximines,EDGE,Old Dominion,253,4.78,34.0,24.0,118.0,7.13,4.57,2019,6,3,6.25,0.0
1460,1487,Rock Ya-Sin,CB,Temple,192,4.51,39.5,18.0,120.0,7.31,4.31,2019,6,0,6.0,0.0
1461,1488,Dante Pettis,WR,Washington,186,0.0,0.0,0.0,0.0,0.0,0.0,2018,6,0,6.0,0.0
1462,1489,Kemoko Turay,EDGE,Rutgers,253,4.65,0.0,0.0,0.0,0.0,0.0,2018,6,5,6.416666667,0.0
1463,1490,Josh Adams,RB,Notre Dame,213,0.0,0.0,18.0,0.0,0.0,0.0,2018,6,2,6.166666667,0.0
1464,1491,Ola Adeniyi,EDGE,Toledo,248,4.83,31.5,26.0,0.0,7.21,4.28,2018,6,2,6.166666667,0.0
1465,1492,Jordan Akins,TE,Central Florida,249,0.0,0.0,0.0,0.0,0.0,0.0,2018,6,3,6.25,0.0
1466,1493,Jaire Alexander,CB,Louisville,192,4.38,35.0,14.0,127.0,6.71,3.98,2018,5,11,5.916666667,0.0
1467,1494,Austin Allen,QB,Arkansas,210,4.81,29.5,0.0,112.0,7.18,4.48,2018,6,0,6.0,0.0
1468,1495,Brian Allen,C,Michigan State,298,5.34,26.5,27.0,99.0,7.81,4.71,2018,6,1,6.083333333,0.0
1469,1496,Josh Allen,QB,Wyoming,237,4.75,33.5,0.0,119.0,6.9,4.4,2018,6,5,6.416666667,0.0
1470,1497,Marcus Allen,S,Penn State,202,0.0,37.0,15.0,127.0,0.0,4.32,2018,6,2,6.166666667,0.0
1471,1498,Mark Andrews,TE,Oklahoma,256,4.67,31.0,17.0,113.0,7.34,4.38,2018,6,5,6.416666667,0.0
1472,1499,Troy Apke,S,Penn State,198,4.34,41.0,16.0,131.0,6.56,4.03,2018,6,2,6.166666667,0.0
1473,1500,Dorance Armstrong,EDGE,Kansas,257,4.87,30.0,20.0,118.0,7.12,4.23,2018,6,4,6.333333333,0.0
1474,1501,Ade Aruna,DE,Tulane,262,4.6,38.5,18.0,128.0,7.53,4.48,2018,6,6,6.5,0.0
1475,1502,Marcell Ateman,WR,Oklahoma State,216,4.62,34.0,13.0,121.0,7.07,4.25,2018,6,4,6.333333333,0.0
1476,1503,John Atkins,DT,Georgia,321,5.38,24.0,0.0,89.0,7.95,4.75,2018,6,4,6.333333333,0.0
1477,1504,Anthony Averett,CB,Alabama,185,4.36,31.5,13.0,119.0,6.93,4.4,2018,6,0,6.0,0.0
1478,1505,Genard Avery,ILB,Memphis,248,4.59,36.0,26.0,124.0,6.9,4.36,2018,6,1,6.083333333,0.0
1479,1506,Mike Badgley,K,Miami (FL),183,4.94,0.0,0.0,111.0,0.0,0.0,2018,5,10,5.833333333,0.0
1480,1507,Jerome Baker,OLB,Ohio State,229,4.53,36.5,22.0,126.0,0.0,0.0,2018,6,1,6.083333333,0.0
1481,1508,Kalen Ballage,RB,Arizona State,228,4.46,33.5,15.0,122.0,6.91,4.35,2018,6,1,6.083333333,0.0
1482,1509,Saquon Barkley,RB,Penn State,233,4.4,41.0,29.0,0.0,0.0,4.24,2018,6,0,6.0,0.0
1483,1510,J.T. Barrett,QB,Ohio State,224,4.7,30.0,0.0,108.0,7.38,4.44,2018,6,1,6.083333333,0.0
1484,1511,Jessie Bates,S,Wake Forest,195,4.5,35.5,0.0,117.0,6.78,4.26,2018,6,2,6.166666667,0.0
1485,1512,Marcus Baugh,TE,Ohio State,247,4.81,33.0,0.0,117.0,7.28,4.51,2018,6,3,6.25,0.0
1486,1513,Nick Bawden,FB,San Diego State,245,0.0,0.0,0.0,0.0,0.0,0.0,2018,6,2,6.166666667,0.0
1487,1514,Davin Bellamy,EDGE,Georgia,255,0.0,0.0,15.0,0.0,0.0,0.0,2018,6,5,6.416666667,0.0
1488,1515,Kurt Benkert,QB,Virginia,218,4.95,31.0,16.0,112.0,7.15,4.33,2018,6,3,6.25,0.0
1489,1516,Braxton Berrios,WR,Miami (FL),184,0.0,0.0,11.0,0.0,0.0,0.0,2018,5,9,5.75,0.0
1490,1517,Keishawn Bierria,ILB,Washington,230,4.79,30.5,21.0,117.0,7.26,0.0,2018,6,2,6.166666667,0.0
1491,1518,Quin Blanding,S,Virginia,215,4.63,31.5,0.0,122.0,0.0,0.0,2018,6,2,6.166666667,0.0
1492,1519,David Bright,OT,Stanford,307,0.0,0.0,0.0,0.0,0.0,0.0,2018,6,5,6.416666667,0.0
1493,1520,Drew Brown,K,Nebraska,208,0.0,0.0,0.0,0.0,0.0,0.0,2018,5,10,5.833333333,0.0
1494,1521,Andrew Brown,DE,Virginia,296,5.03,28.0,31.0,101.0,7.51,4.48,2018,6,4,6.333333333,0.0
1495,1522,Orlando Brown,OT,Oklahoma,345,5.85,19.5,14.0,82.0,7.87,5.38,2018,6,8,6.666666667,0.0
1496,1523,Tony Brown,CB,Alabama,198,4.35,31.5,14.0,126.0,6.78,4.11,2018,6,0,6.0,0.0
1497,1524,Equanimeous St. brown,WR,Notre Dame,214,4.48,0.0,20.0,0.0,0.0,0.0,2018,6,5,6.416666667,0.0
1498,1525,Taven Bryan,DT,Florida,291,4.98,35.0,30.0,119.0,7.12,4.48,2018,6,4,6.333333333,0.0
1499,1526,Oren Burks,OLB,Vanderbilt,233,4.59,39.5,18.0,131.0,6.82,4.15,2018,6,3,6.25,0.0
1500,1527,Deontay Burnett,WR,USC,186,0.0,0.0,0.0,0.0,0.0,0.0,2018,6,0,6.0,0.0
1501,1528,Jason Cabinda,ILB,Penn State,239,0.0,0.0,19.0,0.0,0.0,0.0,2018,6,1,6.083333333,0.0
1502,1529,Deon Cain,WR,Clemson,202,4.43,33.5,11.0,115.0,6.71,4.37,2018,6,2,6.166666667,0.0
1503,1530,Antonio Callaway,WR,Florida,200,4.41,34.0,0.0,121.0,0.0,0.0,2018,5,11,5.916666667,0.0
1504,1531,Chris Campbell,CB,Penn State,194,0.0,0.0,14.0,0.0,0.0,0.0,2018,6,1,6.083333333,0.0
1505,1532,Dylan Cantrell,WR,Texas Tech,226,4.59,38.5,18.0,130.0,6.56,4.03,2018,6,3,6.25,0.0
1506,1533,Alex Cappa,OT,Humboldt State,305,5.39,26.5,24.0,97.0,8.04,4.84,2018,6,6,6.5,0.0
1507,1534,Tanner Carew,LS,Oregon,243,5.0,30.0,18.0,111.0,7.26,4.28,2018,6,1,6.083333333,0.0
1508,1535,Daniel Carlson,K,Auburn,213,0.0,0.0,0.0,0.0,0.0,0.0,2018,6,5,6.416666667,0.0
1509,1536,Lorenzo Carter,EDGE,Georgia,250,4.5,36.0,0.0,130.0,0.0,0.0,2018,6,6,6.5,0.0
1510,1537,Andre Chachere,CB,San Jose State,200,4.49,38.0,13.0,123.0,6.78,4.07,2018,6,0,6.0,0.0
1511,1539,Sean Chandler,S,Temple,190,4.65,34.5,16.0,119.0,0.0,4.62,2018,6,0,6.0,0.0
1512,1540,D.J. Chark,WR,LSU,199,4.34,40.0,16.0,129.0,0.0,0.0,2018,6,3,6.25,0.0
1513,1541,Geron Christian,OT,Louisville,298,5.33,0.0,19.0,0.0,0.0,0.0,2018,6,5,6.416666667,0.0
1514,1542,Bradley Chubb,DE,North Carolina State,269,4.65,36.0,24.0,121.0,7.37,4.41,2018,6,4,6.333333333,0.0
1515,1543,Nick Chubb,RB,Georgia,227,4.52,38.5,29.0,128.0,7.09,4.25,2018,5,11,5.916666667,0.0
1516,1544,Jack Cichy,ILB,Wisconsin,238,0.0,0.0,18.0,0.0,0.0,0.0,2018,6,2,6.166666667,0.0
1517,1545,Will Clapp,C,LSU,311,5.39,29.0,25.0,97.0,8.04,4.92,2018,6,4,6.333333333,0.0
1518,1546,Simmie Cobbs,WR,Indiana,220,4.64,30.0,11.0,113.0,6.7,4.32,2018,6,3,6.25,0.0
1519,1547,Mason Cole,C,Michigan,307,5.23,23.5,23.0,104.0,7.77,4.78,2018,6,4,6.333333333,0.0
1520,1548,Lavon Coleman,RB,Washington,215,4.65,33.0,23.0,120.0,0.0,0.0,2018,5,11,5.916666667,0.0
1521,1549,Tyler Conklin,TE,Central Michigan,254,4.8,38.0,18.0,120.0,7.13,4.23,2018,6,3,6.25,0.0
1522,1550,Austin Corbett,OG,Nevada,306,5.15,28.0,19.0,106.0,7.87,4.5,2018,6,4,6.333333333,0.0
1523,1551,Keke Coutee,WR,Texas Tech,181,4.43,34.5,14.0,113.0,6.93,4.15,2018,5,10,5.833333333,0.0
1524,1552,Chris Covington,OLB,Indiana,245,4.78,0.0,23.0,0.0,0.0,0.0,2018,6,2,6.166666667,0.0
1525,1553,Justin Crawford,RB,West Virginia,199,4.64,33.5,11.0,122.0,0.0,0.0,2018,5,11,5.916666667,0.0
1526,1554,Tyrell Crosby,OT,Oregon,309,5.23,30.0,17.0,105.0,7.89,4.77,2018,6,5,6.416666667,0.0
1527,1555,Dane Cruikshank,S,Arizona,206,4.41,38.5,25.0,121.0,6.89,4.24,2018,6,1,6.083333333,0.0
1528,1556,Trevor Daniel,P,Tennessee,230,4.98,32.5,23.0,119.0,0.0,0.0,2018,6,1,6.083333333,0.0
1529,1557,James Daniels,C,Iowa,306,0.0,30.5,21.0,108.0,7.29,4.4,2018,6,3,6.25,0.0
1530,1558,Sam Darnold,QB,USC,221,4.85,26.5,0.0,105.0,6.96,4.4,2018,6,3,6.25,0.0
1531,1559,Marcus Davenport,DE,Texas-San Antonio,264,4.58,33.5,22.0,124.0,7.2,4.41,2018,6,6,6.5,0.0
1532,1560,Joseph Davidson,P,Bowling Green,232,0.0,0.0,0.0,0.0,0.0,0.0,2018,6,7,6.583333333,0.0
1533,1561,Carlton Davis,CB,Auburn,203,4.53,34.0,16.0,124.0,0.0,0.0,2018,6,1,6.083333333,0.0
1534,1562,Duke Dawson,CB,Florida,208,4.46,0.0,15.0,0.0,0.0,0.0,2018,5,10,5.833333333,0.0
1535,1563,Dee Delaney,CB,Miami (FL),194,4.46,32.5,13.0,120.0,6.95,4.25,2018,6,1,6.083333333,0.0
1536,1564,Nick Deluca,OLB,North Dakota State,251,4.85,29.5,18.0,112.0,7.09,4.23,2018,6,3,6.25,0.0
1537,1565,Jamil Demby,OG,Maine,319,5.58,23.5,17.0,98.0,7.86,4.95,2018,6,4,6.333333333,0.0
1538,1566,Matt Dickerson,DE,UCLA,292,5.06,31.0,26.0,0.0,0.0,0.0,2018,6,4,6.333333333,0.0
1539,1567,Michael Dickson,P,Texas,208,0.0,0.0,0.0,0.0,0.0,0.0,2018,6,2,6.166666667,0.0
1540,1568,Will Dissly,TE,Washington,262,4.87,28.0,15.0,111.0,7.07,4.4,2018,6,4,6.333333333,0.0
1541,1569,Garret Dooley,EDGE,Wisconsin,248,4.8,33.0,21.0,121.0,0.0,4.28,2018,6,3,6.25,0.0
1542,1570,Chase Edmonds,RB,Fordham,205,4.55,34.0,19.0,122.0,6.79,4.07,2018,5,9,5.75,0.0
1543,1571,Terrell Edmunds,S,Virginia Tech,220,4.47,41.5,0.0,134.0,0.0,0.0,2018,6,2,6.166666667,0.0
1544,1572,Tremaine Edmunds,LB,Virginia Tech,253,4.54,0.0,19.0,117.0,0.0,0.0,2018,6,5,6.416666667,0.0
1545,1573,Duke Ejiofor,DE,Wake Forest,264,0.0,0.0,0.0,0.0,0.0,0.0,2018,6,4,6.333333333,0.0
1546,1574,Deshon Elliott,S,Texas,205,4.58,36.0,15.0,121.0,0.0,0.0,2018,6,2,6.166666667,0.0
1547,1575,Donnie Ernsberger,RB,Western Michigan,241,4.78,31.0,15.0,114.0,7.09,4.34,2018,6,3,6.25,0.0
1548,1576,Leighton Vander esch,ILB,Boise State,256,4.65,39.5,20.0,124.0,6.88,4.15,2018,6,4,6.333333333,0.0
1549,1577,Danny Etling,QB,LSU,222,4.76,30.5,0.0,114.0,7.09,4.37,2018,6,2,6.166666667,0.0
1550,1578,Rashaan Evans,LB,Alabama,232,0.0,30.0,0.0,116.0,6.95,4.36,2018,6,3,6.25,0.0
1551,1579,Brandon Facyson,CB,Virginia Tech,197,4.53,0.0,16.0,0.0,0.0,0.0,2018,6,2,6.166666667,0.0
1552,1580,Luke Falk,QB,Washington State,215,0.0,26.5,0.0,103.0,0.0,0.0,2018,6,4,6.333333333,0.0
1553,1581,Rashard Fant,CB,Indiana,175,0.0,0.0,0.0,0.0,0.0,0.0,2018,5,10,5.833333333,0.0
1554,1582,Foley Fatukasi,DT,Connecticut,318,5.29,30.0,33.0,112.0,7.44,4.53,2018,6,4,6.333333333,0.0
1555,1583,Riley Ferguson,QB,Memphis,212,4.98,29.0,0.0,110.0,6.96,4.4,2018,6,3,6.25,0.0
1556,1584,Kylie Fitts,EDGE,Utah,263,4.69,32.5,31.0,117.0,6.88,4.19,2018,6,4,6.333333333,0.0
1557,1585,Minkah Fitzpatrick,DB,Alabama,201,4.46,33.0,14.0,121.0,0.0,0.0,2018,6,1,6.083333333,0.0
1558,1586,Quinton Flowers,QB,South Florida,214,4.63,0.0,0.0,112.0,6.81,4.57,2018,5,10,5.833333333,0.0
1559,1587,Dimitri Flowers,RB,Oklahoma,248,4.83,30.5,17.0,109.0,7.45,4.53,2018,6,2,6.166666667,0.0
1560,1588,Tre Flowers,S,Oklahoma State,200,4.45,34.5,18.0,122.0,0.0,0.0,2018,6,3,6.25,0.0
1561,1590,Robert Foster,WR,Alabama,196,4.41,31.0,0.0,116.0,6.9,4.2,2018,6,2,6.166666667,0.0
1562,1591,Jarvion Franklin,RB,West. Michigan,239,4.63,30.0,18.0,109.0,6.93,4.31,2018,5,11,5.916666667,0.0
1563,1592,John Franklin-Myers,DE,Stephen F. Austin,283,4.75,33.0,26.0,113.0,7.36,4.48,2018,6,4,6.333333333,0.0
1564,1593,Joshua Frazier,DT,Alabama,321,0.0,0.0,21.0,0.0,0.0,0.0,2018,6,4,6.333333333,0.0
1565,1594,Royce Freeman,RB,Oregon,229,4.54,34.0,17.0,118.0,6.9,4.16,2018,5,11,5.916666667,0.0
1566,1595,Troy Fumagalli,TE,Wisconsin,247,0.0,0.0,14.0,0.0,0.0,0.0,2018,6,5,6.416666667,0.0
1567,1596,Michael Gallup,WR,Colorado State,205,4.51,36.0,10.0,122.0,6.95,4.37,2018,6,1,6.083333333,0.0
1568,1597,Nick Gates,OT,Nebraska,307,5.46,24.0,20.0,94.0,7.61,4.68,2018,6,5,6.416666667,0.0
1569,1598,Rashaan Gaulden,CB,Tennessee,193,4.61,30.0,8.0,119.0,7.16,4.33,2018,6,1,6.083333333,0.0
1570,1599,Mike Gesicki,TE,Penn State,247,4.54,41.5,22.0,129.0,6.76,4.1,2018,6,5,6.416666667,0.0
1571,1600,Dallas Goedert,TE,South Dakota State,256,0.0,0.0,23.0,0.0,0.0,0.0,2018,6,5,6.416666667,0.0
1572,1601,Colby Gossett,OG,Appalachian State,311,5.2,25.0,32.0,103.0,7.6,4.83,2018,6,5,6.416666667,0.0
1573,1602,Davon Grayson,WR,East Carolina,199,4.51,34.5,19.0,124.0,0.0,0.0,2018,6,1,6.083333333,0.0
1574,1603,Rasheem Green,DE,USC,275,4.73,32.5,0.0,118.0,7.24,4.39,2018,6,5,6.416666667,0.0
1575,1604,Shaquem Griffin,OLB,Central Florida,227,4.38,0.0,20.0,117.0,0.0,0.0,2018,6,1,6.083333333,0.0
1576,1605,Derrius Guice,RB,LSU,224,4.49,31.5,15.0,0.0,0.0,0.0,2018,5,10,5.833333333,0.0
1577,1606,Grant Haley,CB,Penn State,190,4.44,34.0,15.0,119.0,6.51,3.94,2018,5,9,5.75,0.0
1578,1607,Shaun dion Hamilton,ILB,Alabama,228,0.0,0.0,20.0,0.0,0.0,0.0,2018,6,0,6.0,0.0
1579,1608,Daesean Hamilton,WR,Penn State,203,0.0,34.5,0.0,118.0,6.84,4.15,2018,6,1,6.083333333,0.0
1580,1609,Dashawn Hand,DE,Alabama,297,4.83,31.5,28.0,111.0,7.98,4.62,2018,6,4,6.333333333,0.0
1581,1610,Davontae Harris,CB,Illinois State,200,4.43,32.5,22.0,123.0,6.96,4.4,2018,6,0,6.0,0.0
1582,1611,Marcell Harris,S,Florida,208,0.0,0.0,16.0,0.0,0.0,0.0,2018,6,0,6.0,0.0
1583,1612,Desmond Harrison,OT,West Georgia,292,4.9,0.0,0.0,0.0,0.0,0.0,2018,6,6,6.5,0.0
1584,1613,Ronnie Harrison,S,Alabama,214,0.0,34.0,0.0,120.0,0.0,0.0,2018,6,3,6.25,0.0
1585,1614,Marquis Haynes,EDGE,Mississippi,235,4.67,32.0,23.0,123.0,7.14,4.45,2018,6,3,6.25,0.0
1586,1615,Taylor Hearn,OG,Clemson,320,5.45,24.0,18.0,96.0,7.84,4.8,2018,6,4,6.333333333,0.0
1587,1616,James Hearns,EDGE,Louisville,239,4.89,0.0,22.0,0.0,0.0,0.0,2018,6,3,6.25,0.0
1588,1617,Quadree Henderson,WR,Pittsburgh,192,4.5,32.5,12.0,120.0,6.89,4.28,2018,5,8,5.666666667,0.0
1589,1618,Zaycoven Henderson,DT,Texas A&M,298,5.16,29.5,20.0,105.0,7.33,4.58,2018,6,0,6.0,0.0
1590,1619,Will Hernandez,OG,Texas-El Paso,327,5.15,24.0,37.0,104.0,7.59,4.7,2018,6,2,6.166666667,0.0
1591,1620,Chris Herndon,TE,Miami (FL),253,0.0,0.0,21.0,0.0,0.0,0.0,2018,6,4,6.333333333,0.0
1592,1621,Kyle Hicks,RB,TCU,204,4.63,36.5,13.0,122.0,0.0,0.0,2018,5,10,5.833333333,0.0
1593,1622,B.J. Hill,DT,North Carolina State,311,4.99,26.5,35.0,101.0,7.28,4.53,2018,6,4,6.333333333,0.0
1594,1623,Holton Hill,CB,Texas,200,4.49,31.0,14.0,120.0,6.83,4.15,2018,6,3,6.25,0.0
1595,1624,Nyheim Hines,RB,North Carolina State,198,4.38,35.5,0.0,119.0,7.18,4.35,2018,5,8,5.666666667,0.0
1596,1625,Jeff Holland,EDGE,Auburn,249,4.79,0.0,0.0,116.0,0.0,0.0,2018,6,2,6.166666667,0.0
1597,1626,Jalyn Holmes,DE,Ohio State,283,4.82,32.0,25.0,0.0,0.0,0.0,2018,6,5,6.416666667,0.0
1598,1627,Sam Hubbard,DE,Ohio State,270,0.0,35.0,0.0,116.0,6.84,4.32,2018,6,5,6.416666667,0.0
1599,1628,Mike Hughes,CB,Central Florida,191,4.53,35.5,20.0,127.0,6.7,4.13,2018,5,11,5.916666667,0.0
1600,1629,Hayden Hurst,TE,South Carolina,250,4.67,31.5,0.0,120.0,7.19,4.37,2018,6,4,6.333333333,0.0
1601,1630,Maurice Hurst,DT,Michigan,292,0.0,0.0,0.0,0.0,0.0,0.0,2018,6,2,6.166666667,0.0
1602,1631,Godwin Igwebuike,S,Northwestern,205,4.44,35.5,19.0,128.0,6.56,4.12,2018,6,0,6.0,0.0
1603,1632,Darren Carrington II,WR,Utah,199,0.0,36.0,0.0,120.0,0.0,0.0,2018,6,2,6.166666667,0.0
1604,1633,Joel Iyiegbuniwe,LB,Western Kentucky,229,4.6,35.0,19.0,117.0,7.06,4.28,2018,6,1,6.083333333,0.0
1605,1634,Ryan Izzo,TE,Florida State,256,4.94,33.0,18.0,110.0,7.15,4.43,2018,6,5,6.416666667,0.0
1606,1635,Darius Jackson,EDGE,Jacksonville State,242,4.87,26.5,21.0,113.0,7.52,0.0,2018,6,3,6.25,0.0
1607,1636,Donte Jackson,CB,LSU,175,4.32,0.0,7.0,124.0,0.0,0.0,2018,5,11,5.916666667,0.0
1608,1637,J.C. Jackson,CB,Maryland,193,4.46,35.5,14.0,120.0,0.0,0.0,2018,5,11,5.916666667,0.0
1609,1638,Josh Jackson,CB,Iowa,192,4.56,38.0,18.0,123.0,6.86,4.03,2018,6,1,6.083333333,0.0
1610,1639,Justin Jackson,RB,Northwestern,199,4.52,38.5,13.0,122.0,6.81,4.07,2018,6,0,6.0,0.0
1611,1641,Lamar Jackson,QB,Louisville,216,0.0,0.0,0.0,0.0,0.0,0.0,2018,6,2,6.166666667,0.0
1612,1642,Leon Jacobs,EDGE,Wisconsin,246,4.48,34.5,26.0,122.0,7.14,4.44,2018,6,3,6.25,0.0
1613,1643,Natrell Jamerson,S,Wisconsin,198,4.4,35.5,25.0,120.0,0.0,0.0,2018,6,0,6.0,0.0
1614,1644,Derwin James,S,Florida State,215,4.47,40.0,21.0,132.0,0.0,0.0,2018,6,3,6.25,0.0
1615,1645,Richie James,WR,Middle Tennessee State,183,4.48,35.5,6.0,122.0,6.87,4.16,2018,5,10,5.833333333,0.0
1616,1646,Malik Jefferson,OLB,Texas,236,4.52,36.0,27.0,125.0,0.0,0.0,2018,6,3,6.25,0.0
1617,1647,Josey Jewell,ILB,Iowa,234,4.82,33.0,18.0,117.0,6.8,4.27,2018,6,1,6.083333333,0.0
1618,1648,Danny Johnson,CB,Southern,185,4.44,35.0,15.0,123.0,0.0,0.0,2018,5,10,5.833333333,0.0
1619,1649,Kerryon Johnson,RB,Auburn,213,0.0,40.0,11.0,126.0,7.07,4.29,2018,5,11,5.916666667,0.0
1620,1650,Taron Johnson,CB,Weber State,180,4.5,33.0,17.0,118.0,7.03,4.28,2018,6,0,6.0,0.0
1621,1651,Chris Jones,CB,Nebraska,195,4.57,0.0,14.0,0.0,0.0,0.0,2018,6,0,6.0,0.0
1622,1652,Jamarco Jones,OT,Ohio State,299,5.5,24.0,0.0,102.0,8.32,4.99,2018,6,4,6.333333333,0.0
1623,1653,Justin Jones,DT,North Carolina State,309,5.09,29.0,24.0,104.0,7.82,4.74,2018,6,2,6.166666667,0.0
1624,1654,Ronald Jones,RB,USC,205,4.65,36.5,0.0,0.0,0.0,0.0,2018,5,11,5.916666667,0.0
1625,1655,Sam Jones,OG,Arizona State,305,5.32,27.0,28.0,101.0,7.92,4.86,2018,6,5,6.416666667,0.0
1626,1656,Jaryd Jones-Smith,OT,Pittsburgh,317,5.22,27.0,16.0,109.0,8.1,4.94,2018,6,6,6.5,0.0
1627,1657,Michael Joseph,CB,Dubuque,181,0.0,34.0,17.0,0.0,6.89,4.2,2018,6,1,6.083333333,0.0
1628,1658,Peter Kalambayi,EDGE,Stanford,252,4.57,34.0,19.0,121.0,7.13,4.36,2018,6,3,6.25,0.0
1629,1659,Joshua Kalu,S,Nebraska,195,4.58,41.5,17.0,134.0,0.0,0.0,2018,6,1,6.083333333,0.0
1630,1660,John Kelly,RB,Tennessee,216,0.0,35.0,15.0,120.0,7.13,4.51,2018,5,10,5.833333333,0.0
1631,1661,Kameron Kelly,S,San Diego State,200,4.66,33.0,9.0,120.0,6.94,4.28,2018,6,2,6.166666667,0.0
1632,1662,Arden Key,EDGE,LSU,238,0.0,31.0,0.0,117.0,7.16,4.25,2018,6,6,6.5,0.0
1633,1663,Jamarcus King,CB,South Carolina,186,4.7,0.0,0.0,0.0,0.0,0.0,2018,6,1,6.083333333,0.0
1634,1664,Christian Kirk,WR,Texas A&M,201,4.47,35.5,20.0,115.0,7.09,4.45,2018,5,10,5.833333333,0.0
1635,1665,Micah Kiser,ILB,Virginia,238,4.66,35.5,0.0,121.0,7.05,4.24,2018,6,2,6.166666667,0.0
1636,1666,Chris Lacy,WR,Oklahoma State,205,4.51,33.5,11.0,120.0,0.0,0.0,2018,6,3,6.25,0.0
1637,1667,Harold Landry,EDGE,Boston Col.,252,4.64,36.0,24.0,119.0,6.88,4.19,2018,6,3,6.25,0.0
1638,1668,Jordan Lasley,WR,UCLA,203,4.5,34.5,8.0,112.0,0.0,4.19,2018,6,1,6.083333333,0.0
1639,1669,Kyle Lauletta,QB,Richmond,222,4.81,31.0,0.0,113.0,6.95,4.07,2018,6,3,6.25,0.0
1640,1670,Allen Lazard,WR,Iowa State,227,4.55,38.0,17.0,122.0,0.0,0.0,2018,6,5,6.416666667,0.0
1641,1671,Tanner Lee,QB,Nebraska,218,4.98,32.0,0.0,115.0,7.0,4.41,2018,6,4,6.333333333,0.0
1642,1672,Darius Leonard,OLB,South Carolina State,234,4.7,0.0,17.0,0.0,0.0,0.0,2018,6,2,6.166666667,0.0
1643,1673,Rick Leonard,OT,Florida State,311,0.0,0.0,19.0,0.0,0.0,0.0,2018,6,7,6.583333333,0.0
1644,1674,Tyquan Lewis,EDGE,Ohio State,265,0.0,35.5,0.0,122.0,0.0,0.0,2018,6,3,6.25,0.0
1645,1675,Chase Litton,QB,Marshall,230,4.9,29.5,0.0,106.0,7.49,4.53,2018,6,5,6.416666667,0.0
1646,1676,James Looney,DE,California,287,4.89,35.5,28.0,113.0,7.32,4.37,2018,6,3,6.25,0.0
1647,1677,Lowell Lotulelei,DT,Utah,315,0.0,0.0,28.0,0.0,0.0,0.0,2018,6,2,6.166666667,0.0
1648,1678,Avonte Maddox,CB,Pittsburgh,180,4.39,37.0,13.0,125.0,6.51,4.0,2018,5,9,5.75,0.0
1649,1679,Cole Madison,OL,Washington State,308,5.33,28.5,26.0,97.0,7.86,4.88,2018,6,5,6.416666667,0.0
1650,1680,K.J. Malone,OG,LSU,303,5.34,29.5,15.0,103.0,0.0,0.0,2018,6,4,6.333333333,0.0
1651,1681,Tavares Martin,WR,Washington State,177,4.8,31.5,0.0,0.0,0.0,0.0,2018,6,1,6.083333333,0.0
1652,1682,Hercules Mata'afa,EDGE,Washington State,254,4.76,31.5,26.0,108.0,7.24,4.37,2018,6,1,6.083333333,0.0
1653,1683,Baker Mayfield,QB,Oklahoma,215,4.84,29.0,0.0,111.0,7.0,4.28,2018,6,1,6.083333333,0.0
1654,1684,Ray-ray McCloud,WR,Clemson,190,4.53,34.5,13.0,113.0,0.0,0.0,2018,5,9,5.75,0.0
1655,1685,Mike McCray,ILB,Michigan,243,4.76,31.5,16.0,119.0,7.09,4.25,2018,6,4,6.333333333,0.0
1656,1686,Kc McDermott,OG,Miami (FL),311,5.35,23.5,26.0,97.0,7.72,4.82,2018,6,6,6.5,0.0
1657,1687,Tarvarus McFadden,CB,Florida State,198,4.67,38.5,0.0,121.0,0.0,0.0,2018,6,2,6.166666667,0.0
1658,1688,Mike McGlinchey,OT,Notre Dame,309,0.0,28.5,24.0,105.0,0.0,0.0,2018,6,8,6.666666667,0.0
1659,1689,R.J. McIntosh,DT,Miami (FL),286,0.0,0.0,0.0,0.0,0.0,0.0,2018,6,4,6.333333333,0.0
1660,1690,Kahlil McKenzie,DT,Tennessee,314,5.15,29.5,26.0,105.0,7.94,4.68,2018,6,5,6.416666667,0.0
1661,1692,Quenton Meeks,DB,Stanford,205,0.0,39.0,11.0,128.0,6.72,4.23,2018,6,2,6.166666667,0.0
1662,1693,Sony Michel,RB,Georgia,214,4.54,0.0,22.0,0.0,0.0,4.21,2018,5,11,5.916666667,0.0
1663,1694,Anthony Miller,WR,Memphis,201,0.0,0.0,22.0,0.0,0.0,0.0,2018,5,11,5.916666667,0.0
1664,1695,Kolton Miller,OT,UCLA,309,4.95,31.5,24.0,121.0,7.34,4.49,2018,6,9,6.75,0.0
1665,1696,Steven Mitchell,WR,USC,189,4.56,32.5,13.0,121.0,6.75,4.4,2018,5,10,5.833333333,0.0
1666,1697,Jmon Moore,WR,Missouri,207,4.6,38.0,21.0,120.0,6.56,4.04,2018,6,3,6.25,0.0
1667,1698,D.J. Moore,WR,Maryland,210,4.42,39.5,15.0,132.0,6.95,4.07,2018,6,0,6.0,0.0
1668,1699,Kamrin Moore,CB,Boston Col.,200,0.0,0.0,0.0,0.0,0.0,0.0,2018,5,11,5.916666667,0.0
1669,1700,Skai Moore,OLB,South Carolina,226,4.73,36.0,0.0,117.0,0.0,0.0,2018,6,2,6.166666667,0.0
1670,1701,Ryan Nall,RB,Oregon State,232,4.58,33.0,15.0,122.0,6.95,4.16,2018,6,2,6.166666667,0.0
1671,1702,Siran Neal,S,Jacksonville State,199,4.56,40.5,17.0,122.0,7.0,4.28,2018,6,0,6.0,0.0
1672,1703,Nick Nelson,CB,Wisconsin,208,4.52,0.0,17.0,123.0,0.0,0.0,2018,5,11,5.916666667,0.0
1673,1704,Quenton Nelson,OG,Notre Dame,325,0.0,26.5,35.0,105.0,7.65,4.62,2018,6,5,6.416666667,0.0
1674,1705,Bilal Nichols,DT,Delaware,306,4.95,0.0,29.0,0.0,0.0,0.0,2018,6,4,6.333333333,0.0
1675,1706,Parry Nickerson,CB,Tulane,180,4.32,0.0,15.0,0.0,0.0,0.0,2018,6,0,6.0,0.0
1676,1707,Derrick Nnadi,DT,Florida State,317,5.38,27.0,25.0,96.0,8.15,5.02,2018,6,1,6.083333333,0.0
1677,1708,Kendrick Norton,DT,Miami (FL),314,5.25,0.0,30.0,0.0,0.0,0.0,2018,6,3,6.25,0.0
1678,1709,Joseph Noteboom,OT,TCU,309,4.96,24.0,27.0,102.0,7.65,4.44,2018,6,5,6.416666667,0.0
1679,1710,Uchenna Nwosu,EDGE,USC,251,4.65,32.0,20.0,119.0,0.0,0.0,2018,6,3,6.25,0.0
1680,1711,Dorian O'daniel,OLB,Clemson,223,4.61,32.0,21.0,119.0,6.64,4.07,2018,6,1,6.083333333,0.0
1681,1712,Brian O'neill,OT,Pittsburgh,297,4.82,29.5,22.0,107.0,7.14,4.5,2018,6,7,6.583333333,0.0
1682,1713,Chukwuma Okorafor,OT,West. Michigan,320,5.31,23.5,19.0,102.0,7.87,4.8,2018,6,6,6.5,0.0
1683,1714,Ogbonnia Okoronkwo,EDGE,Oklahoma,253,4.77,38.0,27.0,121.0,0.0,0.0,2018,6,1,6.083333333,0.0
1684,1715,Isaiah Oliver,CB,Colorado,190,4.5,0.0,0.0,0.0,0.0,0.0,2018,6,1,6.083333333,0.0
1685,1716,Brandon Parker,OT,North Carolina A&T,305,5.4,28.5,0.0,113.0,7.82,4.68,2018,6,8,6.666666667,0.0
1686,1717,Timon Parris,OT,Stony Brook,312,0.0,0.0,27.0,0.0,0.0,0.0,2018,6,6,6.5,0.0
1687,1718,Daron Payne,DT,Alabama,311,4.95,28.5,27.0,107.0,7.58,4.71,2018,6,2,6.166666667,0.0
1688,1719,Rashaad Penny,RB,San Diego State,220,4.46,32.5,13.0,120.0,0.0,0.0,2018,5,11,5.916666667,0.0
1689,1720,Kamryn Pettway,RB,Auburn,233,4.74,33.5,22.0,116.0,0.0,0.0,2018,6,0,6.0,0.0
1690,1721,Skyler Phillips,OG,Idaho State,318,5.1,29.0,0.0,104.0,7.95,4.69,2018,6,3,6.25,0.0
1691,1722,Cam Phillips,WR,Virginia Tech,201,0.0,0.0,0.0,0.0,0.0,0.0,2018,6,0,6.0,0.0
1692,1723,Darius Phillips,CB,West. Michigan,190,4.54,0.0,0.0,0.0,0.0,0.0,2018,5,10,5.833333333,0.0
1693,1724,Harrison Phillips,DT,Stanford,307,5.21,32.0,42.0,103.0,7.28,4.5,2018,6,4,6.333333333,0.0
1694,1725,Eddy Pineiro,K,Florida,185,0.0,0.0,0.0,0.0,0.0,0.0,2018,6,0,6.0,0.0
1695,1726,Billy Price,C,Ohio State,305,0.0,0.0,0.0,0.0,0.0,0.0,2018,6,4,6.333333333,0.0
1696,1727,Byron Pringle,WR,Kansas State,203,4.46,33.5,15.0,120.0,6.87,4.4,2018,6,1,6.083333333,0.0
1697,1728,Jacob Pugh,OLB,Florida State,246,4.65,38.5,0.0,122.0,0.0,0.0,2018,6,4,6.333333333,0.0
1698,1729,Scott Quessenberry,C,UCLA,310,5.09,33.5,25.0,111.0,7.5,4.69,2018,6,4,6.333333333,0.0
1699,1730,Trey Quinn,WR,SMU,203,4.55,33.5,17.0,116.0,6.91,4.19,2018,5,11,5.916666667,0.0
1700,1731,Frank Ragnow,C,Arkansas,312,0.0,0.0,26.0,0.0,0.0,0.0,2018,6,5,6.416666667,0.0
1701,1732,Martinas Rankin,OL,Mississippi State,308,0.0,0.0,24.0,0.0,0.0,0.0,2018,6,4,6.333333333,0.0
1702,1733,Max Redfield,S,Indiana (PA),205,4.69,0.0,15.0,0.0,0.0,0.0,2018,6,1,6.083333333,0.0
1703,1734,D.J. Reed,CB,Kansas State,188,4.51,36.5,11.0,0.0,0.0,0.0,2018,5,9,5.75,0.0
1704,1735,Justin Reid,S,Stanford,204,4.4,36.5,16.0,128.0,6.65,4.15,2018,6,1,6.083333333,0.0
1705,1736,Demario Richard,RB,Arizona State,218,4.7,29.5,12.0,115.0,0.0,0.0,2018,5,9,5.75,0.0
1706,1737,Will Richardson,OT,North Carolina State,306,5.26,31.5,0.0,108.0,7.8,4.83,2018,6,6,6.5,0.0
1707,1738,Calvin Ridley,WR,Alabama,189,4.43,31.0,15.0,110.0,6.88,4.41,2018,6,0,6.0,0.0
1708,1739,Stephen Roberts,S,Auburn,189,4.53,34.0,0.0,121.0,0.0,0.0,2018,5,11,5.916666667,0.0
1709,1740,Korey Robertson,WR,Southern Miss,212,4.56,34.0,13.0,123.0,0.0,0.0,2018,6,1,6.083333333,0.0
1710,1741,Javon Rolland-Jones,EDGE,Arkansas State,253,4.88,0.0,23.0,0.0,0.0,0.0,2018,6,2,6.166666667,0.0
1711,1743,Josh Rosen,QB,UCLA,226,4.92,31.0,0.0,111.0,7.09,4.28,2018,6,4,6.333333333,0.0
1712,1744,Olubunmi Rotimi,DE,Old Dominion,273,0.0,32.0,21.0,113.0,7.46,4.7,2018,6,4,6.333333333,0.0
1713,1745,Mason Rudolph,QB,Oklahoma State,235,4.9,26.0,0.0,0.0,0.0,0.0,2018,6,5,6.416666667,0.0
1714,1746,Christian Sam,ILB,Arizona State,244,4.75,32.0,28.0,114.0,7.03,4.25,2018,6,2,6.166666667,0.0
1715,1747,Jaylen Samuels,TE,North Carolina State,225,4.54,34.5,18.0,121.0,6.93,4.28,2018,5,11,5.916666667,0.0
1716,1748,Dominick Sanders,S,Georgia,193,0.0,0.0,14.0,0.0,0.0,0.0,2018,6,0,6.0,0.0
1717,1749,Tegray Scales,ILB,Indiana,230,4.77,0.0,27.0,0.0,0.0,0.0,2018,6,0,6.0,0.0
1718,1750,Bo Scarbrough,RB,Alabama,228,4.52,40.0,14.0,129.0,0.0,4.34,2018,6,1,6.083333333,0.0
1719,1751,Dalton Schultz,TE,Stanford,244,4.75,32.0,15.0,120.0,7.0,4.4,2018,6,5,6.416666667,0.0
1720,1752,Jaleel Scott,WR,New Mexico State,218,4.56,34.5,16.0,124.0,7.2,4.4,2018,6,5,6.416666667,0.0
1721,1753,Jk Scott,P,Alabama,208,4.83,30.5,0.0,114.0,7.28,4.41,2018,6,6,6.5,0.0
1722,1754,Deadrin Senat,DT,South Florida,314,5.16,26.0,35.0,100.0,7.77,4.79,2018,6,0,6.0,0.0
1723,1755,Greg Senat,OT,Wagner,302,5.38,26.0,19.0,106.0,7.41,4.71,2018,6,6,6.5,0.0
1724,1756,Tim Settle,DT,Virginia Tech,329,5.37,23.5,0.0,96.0,7.95,4.83,2018,6,3,6.25,0.0
1725,1757,Coleman Shelton,C,Washington,292,5.24,26.5,0.0,110.0,7.62,4.59,2018,6,3,6.25,0.0
1726,1758,Nathan Shepherd,DT,Fort Hays State,315,5.09,31.0,0.0,112.0,7.5,4.53,2018,6,5,6.416666667,0.0
1727,1759,Nic Shimonek,QB,Texas Tech,220,4.88,28.5,0.0,101.0,7.28,4.32,2018,6,3,6.25,0.0
1728,1760,Trequan Smith,WR,Central Florida,203,4.49,37.5,12.0,130.0,6.97,4.5,2018,6,2,6.166666667,0.0
1729,1761,Andre Smith,ILB,North Carolina,237,4.63,0.0,19.0,0.0,0.0,0.0,2018,6,0,6.0,0.0
1730,1762,Braden Smith,OG,Auburn,315,5.22,33.5,35.0,113.0,0.0,4.77,2018,6,6,6.5,0.0
1731,1763,Roquan Smith,OLB,Georgia,236,4.51,0.0,0.0,0.0,0.0,0.0,2018,6,1,6.083333333,0.0
1732,1764,Van Smith,S,Clemson,185,4.61,29.5,0.0,0.0,0.0,0.0,2018,5,11,5.916666667,0.0
1733,1765,Durham Smythe,TE,Notre Dame,253,4.81,31.0,18.0,110.0,7.17,4.23,2018,6,5,6.416666667,0.0
1734,1766,Breeland Speaks,DT,Mississippi,283,4.87,32.5,0.0,110.0,7.63,4.65,2018,6,3,6.25,0.0
1735,1767,Taylor Stallworth,DT,South Carolina,312,5.28,23.5,18.0,101.0,7.95,4.75,2018,6,2,6.166666667,0.0
1736,1768,M.J. Stewart,CB,North Carolina,200,4.54,35.0,18.0,118.0,6.9,4.28,2018,5,11,5.916666667,0.0
1737,1769,Kentavius Street,DE,North Carolina State,280,4.87,0.0,28.0,0.0,0.0,0.0,2018,6,2,6.166666667,0.0
1738,1770,Greg Stroman,CB,Virginia Tech,180,4.48,33.5,16.0,113.0,0.0,4.45,2018,6,0,6.0,0.0
1739,1771,Chandon Sullivan,CB,Georgia State,195,4.6,40.5,15.0,134.0,0.0,4.36,2018,5,11,5.916666667,0.0
1740,1772,Courtland Sutton,WR,SMU,218,4.54,35.5,18.0,124.0,6.57,4.11,2018,6,3,6.25,0.0
1741,1773,Josh Sweat,EDGE,Florida State,251,4.53,39.5,0.0,124.0,0.0,4.28,2018,6,4,6.333333333,0.0
1742,1774,Auden Tate,WR,Florida State,228,4.68,31.0,0.0,112.0,0.0,0.0,2018,6,5,6.416666667,0.0
1743,1775,Rod Taylor,OT,Mississippi,320,5.24,30.5,0.0,99.0,0.0,0.0,2018,6,3,6.25,0.0
1744,1776,Wyatt Teller,OG,Virginia Tech,314,5.24,29.0,30.0,114.0,7.45,4.84,2018,6,4,6.333333333,0.0
1745,1777,Jordan Thomas,CB,Oklahoma,186,4.64,38.0,4.0,124.0,6.28,3.94,2018,6,0,6.0,0.0
1746,1778,Chad Thomas,DE,Miami (FL),281,4.92,29.0,0.0,116.0,0.0,0.0,2018,6,6,6.5,0.0
1747,1779,Ian Thomas,TE,Indiana,259,4.74,36.0,0.0,123.0,7.15,4.2,2018,6,4,6.333333333,0.0
1748,1780,Jordan Thomas,TE,Mississippi State,265,4.74,27.0,16.0,111.0,7.5,4.75,2018,6,5,6.416666667,0.0
1749,1781,Matthew Thomas,OLB,Florida State,232,4.58,41.5,0.0,131.0,6.85,4.28,2018,6,3,6.25,0.0
1750,1782,Roc Thomas,RB,Jacksonville State,198,4.56,35.5,16.0,125.0,0.0,0.0,2018,5,10,5.833333333,0.0
1751,1783,Trenton Thompson,DT,Georgia,288,5.06,32.5,0.0,111.0,7.68,4.56,2018,6,4,6.333333333,0.0
1752,1784,Henre Toliver,CB,Arkansas,185,4.63,32.5,6.0,117.0,7.01,4.15,2018,6,1,6.083333333,0.0
1753,1785,Kevin Toliver,CB,LSU,204,0.0,33.0,10.0,120.0,0.0,0.0,2018,6,3,6.25,0.0
1754,1786,Brett Toth,OT,Army,291,0.0,0.0,0.0,0.0,0.0,0.0,2018,6,6,6.5,0.0
1755,1787,Johnny Townsend,P,Florida,210,0.0,0.0,0.0,0.0,0.0,0.0,2018,6,1,6.083333333,0.0
1756,1788,Shane Tripucka,P,Texas A&M,211,0.0,0.0,0.0,0.0,0.0,0.0,2018,6,3,6.25,0.0
1757,1789,Salesi Uhatafe,OG,Utah,310,5.4,28.0,0.0,109.0,7.7,4.9,2018,6,5,6.416666667,0.0
1758,1790,Marquez Valdes-Scantling,WR,South Florida,206,4.37,30.5,15.0,124.0,0.0,0.0,2018,6,4,6.333333333,0.0
1759,1791,Vita Vea,DT,Washington,347,5.1,0.0,41.0,0.0,0.0,0.0,2018,6,4,6.333333333,0.0
1760,1792,Azeem Victor,ILB,Washington,240,4.72,32.5,19.0,115.0,7.2,4.4,2018,6,1,6.083333333,0.0
1761,1794,Dmontre Wade,CB,Murray State,200,4.57,35.5,15.0,120.0,0.0,4.4,2018,6,0,6.0,0.0
1762,1795,Akrum Wadley,RB,Iowa,194,4.54,32.0,12.0,0.0,0.0,0.0,2018,5,10,5.833333333,0.0
1763,1796,Trey Walker,S,Louisiana-Lafayette,200,4.51,33.0,14.0,119.0,7.0,4.28,2018,6,2,6.166666667,0.0
1764,1797,Levi Wallace,CB,Alabama,183,4.63,33.0,0.0,0.0,0.0,0.0,2018,6,0,6.0,0.0
1765,1798,Mark Walton,RB,Miami (FL),202,4.6,31.5,18.0,118.0,0.0,0.0,2018,5,10,5.833333333,0.0
1766,1799,Denzel Ward,CB,Ohio State,191,4.32,39.0,16.0,136.0,0.0,0.0,2018,5,10,5.833333333,0.0
1767,1800,Fred Warner,OLB,BYU,236,4.64,38.5,21.0,119.0,6.9,4.28,2018,6,3,6.25,0.0
1768,1801,Chris Warren,RB,Texas,247,4.69,33.0,25.0,121.0,6.98,4.18,2018,6,2,6.166666667,0.0
1769,1802,James Washington,WR,Oklahoma State,213,4.54,34.5,14.0,120.0,7.11,4.32,2018,5,11,5.916666667,0.0
1770,1803,Armani Watts,S,Texas A&M,205,0.0,35.0,13.0,120.0,7.25,4.37,2018,5,11,5.916666667,0.0
1771,1804,Jester Weah,WR,Pittsburgh,211,4.43,38.0,15.0,129.0,7.24,4.41,2018,6,2,6.166666667,0.0
1772,1805,Toby Weathersby,OT,LSU,317,5.34,24.5,28.0,106.0,8.55,5.38,2018,6,4,6.333333333,0.0
1773,1806,Damon Webb,S,Ohio State,195,4.62,0.0,17.0,0.0,0.0,0.0,2018,5,11,5.916666667,0.0
1774,1807,David Wells,TE,San Diego State,256,4.75,33.0,20.0,116.0,7.5,4.59,2018,6,6,6.5,0.0
1775,1808,Sean Welsh,C,Iowa,306,5.43,25.0,20.0,103.0,7.9,4.81,2018,6,3,6.25,0.0
1776,1809,Karaun White,WR,West Virginia,206,4.52,33.5,24.0,118.0,7.16,4.57,2018,6,1,6.083333333,0.0
1777,1810,Kyzir White,S,West Virginia,216,0.0,35.5,21.0,113.0,0.0,0.0,2018,6,2,6.166666667,0.0
1778,1811,Mike White,QB,Western Kentucky,224,5.09,27.0,0.0,96.0,7.4,4.4,2018,6,5,6.416666667,0.0
1779,1812,Jordan Whitehead,S,Pittsburgh,195,0.0,0.0,21.0,0.0,0.0,0.0,2018,5,11,5.916666667,0.0
1780,1813,Jojo Wicker,DE,Arizona State,296,5.16,30.0,25.0,105.0,0.0,0.0,2018,6,3,6.25,0.0
1781,1814,Jake Wieneke,WR,South Dakota State,221,4.67,34.0,9.0,114.0,7.24,4.37,2018,6,4,6.333333333,0.0
1782,1815,Jordan Wilkins,RB,Mississippi,216,0.0,36.0,16.0,117.0,0.0,4.27,2018,6,1,6.083333333,0.0
1783,1816,Connor Williams,OT,Texas,296,5.05,34.0,26.0,112.0,7.83,4.63,2018,6,5,6.416666667,0.0
1784,1817,Darrel Williams,RB,LSU,225,4.72,32.0,22.0,109.0,0.0,4.21,2018,6,0,6.0,0.0
1785,1818,Eddy Wilson,DT,Purdue,301,5.37,0.0,26.0,96.0,0.0,0.0,2018,6,4,6.333333333,0.0
1786,1819,Cedrick Wilson,WR,Boise State,197,4.55,37.0,9.0,121.0,6.89,4.23,2018,6,2,6.166666667,0.0
1787,1820,Jeff Wilson,RB,North Texas,210,0.0,0.0,15.0,0.0,0.0,0.0,2018,5,11,5.916666667,0.0
1788,1821,Javon Wims,WR,Georgia,215,4.53,33.5,0.0,113.0,7.0,0.0,2018,6,3,6.25,0.0
1789,1822,Anthony Winbush,EDGE,Ball State,249,0.0,0.0,25.0,110.0,0.0,0.0,2018,6,1,6.083333333,0.0
1790,1823,Ryan Winslow,P,Pittsburgh,217,0.0,0.0,0.0,0.0,0.0,0.0,2018,6,5,6.416666667,0.0
1791,1824,Logan Woodside,QB,Toledo,213,4.79,31.5,0.0,103.0,6.94,4.15,2018,6,1,6.083333333,0.0
1792,1825,Chris Worley,ILB,Ohio State,238,4.86,29.5,15.0,0.0,0.0,0.0,2018,6,2,6.166666667,0.0
1793,1826,Isaiah Wynn,OG,Georgia,313,0.0,0.0,0.0,0.0,0.0,0.0,2018,6,3,6.25,0.0
1794,1827,Isaac Yiadom,CB,Boston Col.,190,4.52,0.0,8.0,120.0,0.0,4.18,2018,6,1,6.083333333,0.0
1795,1828,Kenny Young,ILB,UCLA,236,4.6,36.0,23.0,117.0,7.38,4.48,2018,6,1,6.083333333,0.0
1796,1829,Trevon Young,EDGE,Louisville,258,4.78,33.0,25.0,114.0,6.99,4.4,2018,6,4,6.333333333,0.0
1797,1830,Jamal Adams,S,LSU,214,4.56,31.5,18.0,120.0,6.96,4.13,2017,6,0,6.0,0.0
1798,1831,Montravius Adams,DT,Auburn,304,4.87,29.0,22.0,108.0,7.62,4.89,2017,6,4,6.333333333,0.0
1799,1832,Rodney Adams,WR,South Florida,189,4.44,29.5,8.0,125.0,6.98,4.28,2017,6,1,6.083333333,0.0
1800,1833,Quincy Adeboyejo,WR,Mississippi,197,4.42,34.5,8.0,123.0,6.73,4.14,2017,6,3,6.25,0.0
1801,1834,Brian Allen,CB,Utah,215,4.48,34.5,15.0,117.0,6.64,4.34,2017,6,3,6.25,0.0
1802,1835,Jonathan Allen,DT,Alabama,286,5.0,30.0,21.0,108.0,7.49,4.5,2017,6,3,6.25,0.0
1803,1836,Ryan Anderson,OLB,Alabama,253,4.78,0.0,0.0,0.0,0.0,0.0,2017,6,2,6.166666667,0.0
1804,1837,Alex Anzalone,OLB,Florida,241,4.63,30.5,16.0,116.0,6.88,4.25,2017,6,3,6.25,0.0
1805,1838,Isaac Asiata,OG,Utah,323,5.34,25.5,35.0,102.0,7.83,4.93,2017,6,3,6.25,0.0
1806,1839,Erik Austell,OG,Charleston Southern,301,5.23,27.5,24.0,107.0,8.13,4.9,2017,6,3,6.25,0.0
1807,1840,Chidobe Awuzie,CB,Colorado,202,4.43,34.5,16.0,132.0,6.81,4.14,2017,6,0,6.0,0.0
1808,1841,Budda Baker,S,Washington,195,4.45,32.5,15.0,115.0,6.76,4.08,2017,5,10,5.833333333,0.0
1809,1842,Toby Baker,P,Arkansas,210,0.0,0.0,0.0,0.0,0.0,0.0,2017,6,3,6.25,0.0
1810,1843,Zach Banner,OG,USC,353,5.58,23.5,22.0,92.0,8.31,5.21,2017,6,8,6.666666667,0.0
1811,1844,Derek Barnett,DE,Tennessee,259,4.88,31.0,0.0,117.0,6.96,4.44,2017,6,3,6.25,0.0
1812,1845,Tarell Basham,DE,Ohio,269,4.7,31.5,15.0,119.0,7.27,4.35,2017,6,4,6.333333333,0.0
1813,1846,C.J. Beathard,QB,Iowa,219,0.0,31.0,0.0,113.0,0.0,0.0,2017,6,2,6.166666667,0.0
1814,1847,Kendell Beckwith,ILB,LSU,243,0.0,0.0,20.0,0.0,0.0,0.0,2017,6,2,6.166666667,0.0
1815,1848,Vince Biegel,OLB,Wisconsin,246,4.67,33.5,21.0,118.0,6.92,4.3,2017,6,3,6.25,0.0
1816,1849,Adam Bisnowaty,OT,Pittsburgh,304,5.23,29.5,23.0,96.0,8.02,4.94,2017,6,6,6.5,0.0
1817,1850,Garrett Bolles,OT,Utah,297,4.95,28.0,0.0,115.0,7.29,4.55,2017,6,5,6.416666667,0.0
1818,1851,Ben Boulware,ILB,Clemson,238,0.0,29.5,20.0,111.0,7.02,4.43,2017,6,0,6.0,0.0
1819,1852,Kendrick Bourne,WR,East. Washington,203,4.68,34.0,9.0,125.0,6.73,4.21,2017,6,1,6.083333333,0.0
1820,1853,Tashawn Bower,OLB,LSU,250,4.82,31.5,20.0,121.0,7.2,4.37,2017,6,5,6.416666667,0.0
1821,1854,Tyus Bowser,OLB,Houston,247,4.65,37.5,21.0,127.0,6.75,0.0,2017,6,3,6.25,0.0
1822,1855,Ben Braden,OG,Michigan,329,5.04,28.0,25.0,102.0,7.85,4.9,2017,6,6,6.5,0.0
1823,1856,Caleb Brantley,DT,Florida,307,5.14,27.0,21.0,105.0,7.66,4.62,2017,6,3,6.25,0.0
1824,1857,Billy Brown,TE,Shepherd,254,4.7,29.0,23.0,118.0,0.0,0.0,2017,6,3,6.25,0.0
1825,1858,Blair Brown,ILB,Ohio,238,4.65,37.0,0.0,124.0,6.92,4.18,2017,5,11,5.916666667,0.0
1826,1859,Fadol Brown,DE,Mississippi,273,4.94,34.0,19.0,115.0,7.24,4.44,2017,6,4,6.333333333,0.0
1827,1860,Jayon Brown,ILB,UCLA,231,4.7,31.5,17.0,120.0,0.0,0.0,2017,6,0,6.0,0.0
1828,1861,Noah Brown,WR,Ohio State,222,0.0,0.0,19.0,0.0,7.07,4.33,2017,6,2,6.166666667,0.0
1829,1862,Pharaoh Brown,TE,Oregon,255,0.0,34.0,24.0,0.0,0.0,0.0,2017,6,6,6.5,0.0
1830,1863,Daniel Brunskill,OT,San Diego State,273,0.0,28.0,17.0,106.0,7.9,4.84,2017,6,5,6.416666667,0.0
1831,1864,Collin Buchanan,OT,Miami (OH),316,0.0,25.0,23.0,97.0,0.0,0.0,2017,6,5,6.416666667,0.0
1832,1865,Riley Bullough,ILB,Michigan State,226,0.0,31.5,20.0,116.0,0.0,0.0,2017,6,2,6.166666667,0.0
1833,1866,Harrison Butker,K,Georgia Tech,199,0.0,0.0,0.0,0.0,0.0,0.0,2017,6,4,6.333333333,0.0
1834,1867,Jake Butt,TE,Michigan,246,0.0,0.0,0.0,0.0,0.0,0.0,2017,6,5,6.416666667,0.0
1835,1868,K.D. Cannon,WR,Baylor,182,4.41,37.0,13.0,119.0,0.0,0.0,2017,5,11,5.916666667,0.0
1836,1869,Josh Carraway,DE,TCU,242,4.74,29.5,25.0,120.0,7.2,4.44,2017,6,3,6.25,0.0
1837,1870,Chris Carson,RB,Oklahoma State,218,4.58,37.0,23.0,130.0,0.0,0.0,2017,6,0,6.0,0.0
1838,1871,Cethan Carter,TE,Nebraska,241,4.68,0.0,19.0,0.0,0.0,0.0,2017,6,3,6.25,0.0
1839,1872,Jamal Carter,S,Miami (FL),218,4.64,35.0,19.0,122.0,0.0,0.0,2017,6,1,6.083333333,0.0
1840,1873,Taco Charlton,DE,Michigan,277,4.92,33.0,25.0,116.0,7.17,4.39,2017,6,6,6.5,0.0
1841,1874,Jehu Chesson,WR,Michigan,204,4.47,35.5,10.0,132.0,6.7,4.09,2017,6,3,6.25,0.0
1842,1875,Chuck Clark,S,Virginia Tech,208,4.54,34.0,16.0,122.0,6.85,4.07,2017,6,0,6.0,0.0
1843,1876,Jeremy Clark,CB,Michigan,220,0.0,0.0,20.0,0.0,0.0,0.0,2017,6,3,6.25,0.0
1844,1877,Corey Clement,RB,Wisconsin,220,4.68,28.5,19.0,115.0,0.0,0.0,2017,5,10,5.833333333,0.0
1845,1878,Chunky Clements,DT,Illinois,301,0.0,0.0,23.0,0.0,0.0,0.0,2017,6,2,6.166666667,0.0
1846,1879,Tarik Cohen,RB,North Carolina A&T,179,4.42,31.5,11.0,118.0,0.0,0.0,2017,5,6,5.5,0.0
1847,1881,Stacy Coley,WR,Miami (FL),195,4.45,34.0,10.0,122.0,0.0,0.0,2017,6,1,6.083333333,0.0
1848,1882,Aviante Collins,OG,TCU,295,4.81,0.0,34.0,0.0,0.0,0.0,2017,6,4,6.333333333,0.0
1849,1883,Gareon Conley,CB,Ohio State,195,4.44,37.0,11.0,129.0,6.68,4.18,2017,6,0,6.0,0.0
1850,1884,James Conner,RB,Pittsburgh,233,4.65,29.0,20.0,113.0,0.0,0.0,2017,6,1,6.083333333,0.0
1851,1885,Dalvin Cook,RB,Florida State,210,4.49,30.5,22.0,116.0,7.27,4.53,2017,5,10,5.833333333,0.0
1852,1886,Ethan Cooper,OG,Indiana (PA),322,5.36,24.5,26.0,99.0,8.02,4.88,2017,6,2,6.166666667,0.0
1853,1887,Zach Cunningham,OLB,Vanderbilt,234,4.67,35.0,15.0,125.0,7.03,4.29,2017,6,3,6.25,0.0
1854,1888,Darrell Daniels,TE,Washington,247,4.55,32.0,17.0,116.0,7.09,4.47,2017,6,3,6.25,0.0
1855,1889,Amara Darboh,WR,Michigan,214,4.45,36.0,17.0,124.0,0.0,0.0,2017,6,2,6.166666667,0.0
1856,1890,Julien Davenport,OT,Bucknell,318,5.45,27.0,18.0,106.0,7.57,4.69,2017,6,7,6.583333333,0.0
1857,1891,Corey Davis,WR,West. Michigan,209,0.0,0.0,0.0,0.0,0.0,0.0,2017,6,3,6.25,0.0
1858,1892,Jarrad Davis,ILB,Florida,238,0.0,0.0,0.0,0.0,0.0,0.0,2017,6,1,6.083333333,0.0
1859,1893,Justin Davis,RB,USC,208,0.0,0.0,21.0,0.0,0.0,0.0,2017,6,1,6.083333333,0.0
1860,1894,Kevin Davis,ILB,Colorado State,235,4.91,30.5,11.0,110.0,7.18,4.38,2017,6,2,6.166666667,0.0
1861,1895,Keionta Davis,DE,Tenn-Chattanooga,271,0.0,0.0,0.0,0.0,0.0,0.0,2017,6,3,6.25,0.0
1862,1896,Robert Davis,WR,Georgia State,219,4.44,41.0,19.0,136.0,6.82,4.28,2017,6,3,6.25,0.0
1863,1897,Dion Dawkins,OG,Temple,314,5.11,26.0,26.0,106.0,7.3,4.78,2017,6,4,6.333333333,0.0
1864,1898,Matthew Dayes,RB,North Carolina State,205,4.47,28.0,18.0,109.0,0.0,0.0,2017,5,9,5.75,0.0
1865,1899,Treston DeCoud,CB,Oregon State,206,4.62,31.0,11.0,116.0,0.0,0.0,2017,6,2,6.166666667,0.0
1866,1900,J.J. Dielman,OT,Utah,309,0.0,0.0,27.0,0.0,0.0,0.0,2017,6,5,6.416666667,0.0
1867,1901,Joshua Dobbs,QB,Tennessee,216,4.64,33.0,0.0,122.0,6.75,4.31,2017,6,3,6.25,0.0
1868,1902,Dylan Donahue,OLB,West Georgia,248,4.75,29.5,26.0,116.0,7.02,4.46,2017,6,3,6.25,0.0
1869,1903,Rasul Douglas,CB,West Virginia,209,4.59,33.5,16.0,120.0,6.97,4.26,2017,6,2,6.166666667,0.0
1870,1904,Jessamen Dunker,OG,Tennessee State,318,4.98,28.5,23.0,108.0,0.0,0.0,2017,6,4,6.333333333,0.0
1871,1905,Malachi Dupre,WR,LSU,196,4.52,39.5,11.0,135.0,7.19,4.26,2017,6,2,6.166666667,0.0
1872,1906,Travin Dural,WR,LSU,202,4.57,30.5,0.0,116.0,7.29,4.55,2017,6,1,6.083333333,0.0
1873,1907,Ken Ekanem,DE,Virginia Tech,257,4.88,30.5,0.0,115.0,7.38,4.58,2017,6,3,6.25,0.0
1874,1908,Corn Elder,CB,Miami (FL),183,4.55,0.0,0.0,0.0,0.0,0.0,2017,5,10,5.833333333,0.0
1875,1909,Pat Elflein,C,Ohio State,303,5.32,23.5,22.0,99.0,7.94,4.71,2017,6,3,6.25,0.0
1876,1910,Jake Elliott,K,Memphis,167,4.79,0.0,0.0,0.0,0.0,0.0,2017,5,9,5.75,0.0
1877,1911,Brooks Ellis,ILB,Arkansas,240,4.79,29.5,18.0,115.0,6.8,4.25,2017,6,2,6.166666667,0.0
1878,1912,Jermaine Eluemunor,OG,Texas A&M,332,5.22,0.0,34.0,0.0,0.0,0.0,2017,6,4,6.333333333,0.0
1879,1913,Evan Engram,TE,Mississippi,234,4.42,36.0,19.0,125.0,6.92,4.23,2017,6,3,6.25,0.0
1880,1914,Amba Etta-Tawo,WR,Syracuse,208,4.49,31.0,14.0,126.0,6.95,4.32,2017,6,1,6.083333333,0.0
1881,1915,Jerod Evans,QB,Virginia Tech,232,4.8,26.5,0.0,112.0,0.0,4.41,2017,6,3,6.25,0.0
1882,1916,Justin Evans,S,Texas A&M,199,0.0,0.0,14.0,0.0,0.0,0.0,2017,6,0,6.0,0.0
1883,1917,Gerald Everett,TE,South Alabama,239,4.62,37.5,22.0,126.0,6.99,4.33,2017,6,3,6.25,0.0
1884,1918,Dan Feeney,OG,Indiana,305,5.24,28.0,26.0,101.0,7.52,4.68,2017,6,4,6.333333333,0.0
1885,1919,Devonte Fields,OLB,Louisville,236,4.72,34.0,0.0,124.0,7.4,4.5,2017,6,2,6.166666667,0.0
1886,1920,Isaiah Ford,WR,Virginia Tech,194,4.61,35.5,14.0,127.0,6.94,4.34,2017,6,1,6.083333333,0.0
1887,1921,Johnathan Ford,S,Auburn,205,0.0,0.0,20.0,0.0,0.0,0.0,2017,5,11,5.916666667,0.0
1888,1922,D'Onta Foreman,RB,Texas,233,0.0,0.0,18.0,0.0,0.0,0.0,2017,6,0,6.0,0.0
1889,1923,Reuben Foster,ILB,Alabama,229,0.0,0.0,0.0,0.0,0.0,0.0,2017,6,0,6.0,0.0
1890,1924,Leonard Fournette,RB,LSU,240,4.51,28.5,0.0,0.0,0.0,0.0,2017,6,0,6.0,0.0
1891,1925,Kyle Fuller,C,Baylor,307,5.24,26.0,23.0,96.0,7.71,4.84,2017,6,5,6.416666667,0.0
1892,1926,Wayne Gallman,RB,Clemson,215,4.6,29.5,21.0,120.0,7.17,4.28,2017,6,0,6.0,0.0
1893,1927,Antonio Garcia,OT,Troy,302,5.15,31.0,24.0,108.0,7.98,4.94,2017,6,6,6.5,0.0
1894,1928,Myles Garrett,DE,Texas A&M,272,4.64,41.0,33.0,128.0,0.0,0.0,2017,6,4,6.333333333,0.0
1895,1929,Davon Gaudchaux,DT,LSU,310,5.27,0.0,18.0,0.0,0.0,0.0,2017,6,3,6.25,0.0
1896,1930,Ben Gedeon,ILB,Michigan,244,4.75,34.5,27.0,119.0,6.98,4.13,2017,6,2,6.166666667,0.0
1897,1932,Avery Gennesy,OG,Texas A&M,318,5.35,20.0,24.0,91.0,8.08,5.0,2017,6,3,6.25,0.0
1898,1933,Nate Gerry,S,Nebraska,218,4.58,30.5,17.0,122.0,0.0,0.0,2017,6,2,6.166666667,0.0
1899,1934,Shelton Gibson,WR,West Virginia,191,4.5,32.0,8.0,118.0,6.83,4.2,2017,5,11,5.916666667,0.0
1900,1935,Ryan Glasgow,DT,Michigan,302,5.13,27.5,20.0,105.0,7.55,4.5,2017,6,3,6.25,0.0
1901,1936,Chris Godwin,WR,Penn State,209,4.42,36.0,19.0,126.0,7.01,4.0,2017,6,1,6.083333333,0.0
1902,1937,Kenny Golladay,WR,Northern Illinois,218,4.5,35.5,18.0,120.0,7.0,4.15,2017,6,4,6.333333333,0.0
1903,1938,Zane Gonzalez,K,Arizona State,202,0.0,0.0,0.0,0.0,0.0,0.0,2017,6,0,6.0,0.0
1904,1939,Shaquill Griffin,CB,Central Florida,194,4.38,38.5,17.0,132.0,6.87,4.14,2017,6,0,6.0,0.0
1905,1940,Nate Hairston,CB,Temple,196,4.52,35.5,14.0,118.0,0.0,0.0,2017,6,0,6.0,0.0
1906,1941,Daeshon Hall,DE,Texas A&M,266,4.76,36.0,18.0,123.0,7.03,4.38,2017,6,5,6.416666667,0.0
1907,1942,Chad Hansen,WR,California,202,4.53,35.0,11.0,119.0,6.74,4.13,2017,6,2,6.166666667,0.0
1908,1943,Sean Harlow,OG,Oregon State,303,5.15,30.5,26.0,105.0,8.16,4.81,2017,6,4,6.333333333,0.0
1909,1944,Connor Harris,ILB,Lindenwood,242,4.73,33.0,18.0,114.0,7.13,4.31,2017,5,11,5.916666667,0.0
1910,1945,Charles Harris,DE,Missouri,253,4.82,32.0,21.0,109.0,7.47,4.42,2017,6,3,6.25,0.0
1911,1946,Josh Harvey-Clemons,S,Louisville,217,0.0,31.5,12.0,121.0,0.0,0.0,2017,6,4,6.333333333,0.0
1912,1947,Keon Hatcher,WR,Arkansas,212,4.64,0.0,16.0,0.0,0.0,0.0,2017,6,1,6.083333333,0.0
1913,1948,DeAngelo Henderson,RB,Coastal Carolina,208,4.48,34.0,20.0,120.0,0.0,0.0,2017,5,7,5.583333333,0.0
1914,1949,Carlos Henderson,WR,Louisiana Tech,199,4.46,36.0,13.0,131.0,7.18,4.35,2017,5,11,5.916666667,0.0
1915,1950,Trey Hendrickson,DE,Florida Atlantic,266,4.65,33.5,0.0,122.0,7.03,4.2,2017,6,4,6.333333333,0.0
1916,1951,Treyvon Hester,DT,Toledo,300,0.0,0.0,0.0,0.0,0.0,0.0,2017,6,2,6.166666667,0.0
1917,1952,Cole Hikutini,TE,Louisville,247,0.0,0.0,20.0,0.0,0.0,0.0,2017,6,4,6.333333333,0.0
1918,1953,Brian Hill,RB,Wyoming,219,4.54,34.0,15.0,125.0,7.03,4.32,2017,6,1,6.083333333,0.0
1919,1954,Delano Hill,S,Michigan,216,4.47,33.5,17.0,115.0,6.96,4.27,2017,6,1,6.083333333,0.0
1920,1955,Bucky Hodges,TE,Virginia Tech,257,4.57,39.0,18.0,134.0,0.0,4.45,2017,6,6,6.5,0.0
1921,1956,Colin Holba,LS,Louisville,248,5.19,28.0,0.0,115.0,0.0,0.0,2017,6,4,6.333333333,0.0
1922,1957,Will Holden,OT,Vanderbilt,311,5.47,28.0,23.0,111.0,7.71,4.72,2017,6,7,6.583333333,0.0
1923,1958,Mack Hollins,WR,North Carolina,221,4.53,0.0,0.0,0.0,0.0,0.0,2017,6,4,6.333333333,0.0
1924,1959,Elijah Hood,RB,North Carolina,232,0.0,0.0,18.0,0.0,0.0,0.0,2017,6,0,6.0,0.0
1925,1960,Malik Hooker,S,Ohio State,206,0.0,0.0,0.0,0.0,0.0,0.0,2017,6,1,6.083333333,0.0
1926,1961,Bug Howard,WR,North Carolina,221,4.58,37.5,0.0,119.0,6.95,4.14,2017,6,4,6.333333333,0.0
1927,1962,O.J. Howard,TE,Alabama,251,4.51,30.0,22.0,121.0,6.85,4.16,2017,6,6,6.5,0.0
1928,1963,Marlon Humphrey,CB,Alabama,197,4.41,0.0,10.0,125.0,6.75,0.0,2017,6,0,6.0,0.0
1929,1964,Hayden Hunt,P,Colorado State,212,0.0,0.0,0.0,0.0,0.0,0.0,2017,6,0,6.0,0.0
1930,1965,Kareem Hunt,RB,Toledo,216,4.62,36.5,18.0,119.0,0.0,0.0,2017,5,10,5.833333333,0.0
1931,1966,Rushel Shell III,RB,West Virginia,227,4.74,32.5,21.0,0.0,0.0,0.0,2017,5,10,5.833333333,0.0
1932,1967,Danny Isidora,OG,Miami (FL),306,5.03,29.0,26.0,94.0,8.13,4.9,2017,6,3,6.25,0.0
1933,1968,Adoree Jackson,CB,USC,186,4.42,36.0,0.0,122.0,0.0,0.0,2017,5,10,5.833333333,0.0
1934,1969,Eddie Jackson,S,Alabama,201,0.0,0.0,10.0,0.0,0.0,0.0,2017,6,0,6.0,0.0
1935,1970,Rayshawn Jenkins,S,Miami (FL),214,4.51,37.0,19.0,128.0,0.0,0.0,2017,6,1,6.083333333,0.0
1936,1971,Dorian Johnson,OG,Pittsburgh,300,5.27,30.0,21.0,114.0,8.39,5.09,2017,6,5,6.416666667,0.0
1937,1972,Jadar Johnson,S,Clemson,206,4.6,33.0,19.0,119.0,6.9,4.2,2017,6,0,6.0,0.0
1938,1973,Jaleel Johnson,DT,Iowa,316,5.38,28.0,19.0,100.0,7.64,4.62,2017,6,3,6.25,0.0
1939,1974,John Johnson,S,Troy,205,4.61,37.0,14.0,119.0,6.72,4.18,2017,6,1,6.083333333,0.0
1940,1975,Roderick Johnson,OT,Florida State,298,0.0,0.0,0.0,0.0,0.0,0.0,2017,6,7,6.583333333,0.0
1941,1976,Cameron Johnston,P,Ohio State,194,4.92,0.0,0.0,0.0,0.0,0.0,2017,5,11,5.916666667,0.0
1942,1977,Aaron Jones,RB,Texas-El Paso,208,4.56,37.5,16.0,127.0,6.82,4.2,2017,5,9,5.75,0.0
1943,1978,D.J. Jones,DT,Akron,319,5.04,28.5,25.0,108.0,7.73,4.65,2017,6,1,6.083333333,0.0
1944,1979,Jarron Jones,DT,Notre Dame,316,5.33,20.5,22.0,0.0,0.0,0.0,2017,6,6,6.5,0.0
1945,1980,Josh Jones,S,North Carolina State,220,4.41,37.5,20.0,132.0,0.0,0.0,2017,6,1,6.083333333,0.0
1946,1981,Nazair Jones,DT,North Carolina,304,5.11,24.5,0.0,101.0,7.93,4.63,2017,6,5,6.416666667,0.0
1947,1983,Sidney Jones,CB,Washington,186,4.47,33.5,0.0,123.0,7.02,4.28,2017,6,0,6.0,0.0
1948,1984,Zay Jones,WR,East Carolina,201,4.45,36.5,15.0,133.0,6.79,4.01,2017,6,2,6.166666667,0.0
1949,1985,Victor Bolden Jr.,WR,Oregon State,178,4.54,32.0,9.0,117.0,6.83,4.22,2017,5,8,5.666666667,0.0
1950,1986,Bryan Cox Jr.,DE,Florida,265,4.89,26.5,16.0,109.0,7.36,4.46,2017,6,3,6.25,0.0
1951,1987,Anthony Walker Jr.,ILB,Northwestern,238,4.65,30.5,23.0,116.0,7.23,4.34,2017,6,1,6.083333333,0.0
1952,1988,Greg Ward Jr.,WR,Houston,186,0.0,0.0,10.0,0.0,0.0,0.0,2017,5,11,5.916666667,0.0
1953,1989,Deatrich Wise Jr.,DE,Arkansas,274,4.92,33.0,22.0,124.0,0.0,0.0,2017,6,5,6.416666667,0.0
1954,1990,Brad Kaaya,QB,Miami (FL),214,0.0,0.0,0.0,0.0,0.0,0.0,2017,6,4,6.333333333,0.0
1955,1991,Alvin Kamara,RB,Tennessee,214,4.56,39.5,15.0,131.0,0.0,0.0,2017,5,10,5.833333333,0.0
1956,1992,Damontae Kazee,CB,San Diego State,184,4.54,34.0,11.0,124.0,0.0,0.0,2017,5,10,5.833333333,0.0
1957,1993,Keith Kelsey,ILB,Louisville,233,4.92,29.5,23.0,112.0,7.28,4.56,2017,6,0,6.0,0.0
1958,1994,Desmond King,S,Iowa,201,0.0,34.0,14.0,117.0,6.67,4.18,2017,5,10,5.833333333,0.0
1959,1995,Kevin King,CB,Washington,200,4.43,39.5,11.0,0.0,6.56,3.89,2017,6,3,6.25,0.0
1960,1996,George Kittle,TE,Iowa,247,4.52,35.0,18.0,132.0,0.0,0.0,2017,6,4,6.333333333,0.0
1961,1997,DeShone Kizer,QB,Notre Dame,233,4.83,30.5,0.0,107.0,7.4,4.53,2017,6,4,6.333333333,0.0
1962,1998,Trevor Knight,QB,Texas A&M,219,4.54,35.5,0.0,125.0,7.04,4.14,2017,6,1,6.083333333,0.0
1963,1999,Tanoh Kpassagnon,DE,Villanova,289,4.83,30.0,23.0,128.0,7.46,4.62,2017,6,7,6.583333333,0.0
1964,2000,Cooper Kupp,WR,East. Washington,204,4.62,31.0,0.0,116.0,6.75,4.08,2017,6,2,6.166666667,0.0
1965,2001,Forrest Lamp,OG,Western Kentucky,309,5.0,27.5,34.0,111.0,7.55,4.62,2017,6,4,6.333333333,0.0
1966,2002,Ashton Lampkin,CB,Oklahoma State,189,4.52,34.5,19.0,120.0,0.0,0.0,2017,6,0,6.0,0.0
1967,2003,Jerome Lane,WR,Akron,226,4.6,35.0,16.0,125.0,6.87,4.12,2017,6,2,6.166666667,0.0
1968,2004,Harvey Langi,ILB,BYU,251,0.0,33.0,23.0,118.0,7.0,4.32,2017,6,2,6.166666667,0.0
1969,2005,Marshon Lattimore,CB,Ohio State,193,4.36,38.5,0.0,132.0,0.0,0.0,2017,6,0,6.0,0.0
1970,2006,Carl Lawson,DE,Auburn,261,4.67,33.0,35.0,114.0,7.46,4.19,2017,6,2,6.166666667,0.0
1971,2007,Javarius Leamon,OT,South Carolina State,332,0.0,23.5,22.0,0.0,0.0,0.0,2017,6,7,6.583333333,0.0
1972,2008,Jeremiah Ledbetter,DT,Arkansas,280,4.84,32.5,29.0,113.0,7.55,4.56,2017,6,3,6.25,0.0
1973,2009,Cameron Lee,OG,Illinois State,312,5.44,25.5,18.0,100.0,8.02,4.75,2017,6,5,6.416666667,0.0
1974,2010,Marquel Lee,ILB,Wake Forest,240,0.0,31.0,25.0,118.0,0.0,0.0,2017,6,3,6.25,0.0
1975,2011,Jordan Leggett,TE,Clemson,258,0.0,33.0,18.0,114.0,7.12,4.33,2017,6,5,6.416666667,0.0
1976,2012,Mitch Leidner,QB,Minnesota,226,4.93,34.5,0.0,123.0,6.96,4.25,2017,6,3,6.25,0.0
1977,2013,Corey Levin,OG,Tenn-Chattanooga,307,5.16,26.5,26.0,106.0,7.55,4.73,2017,6,4,6.333333333,0.0
1978,2014,Jourdan Lewis,CB,Michigan,188,4.54,34.5,15.0,121.0,0.0,0.0,2017,5,10,5.833333333,0.0
1979,2015,William Likely,CB,Maryland,180,0.0,0.0,15.0,0.0,0.0,0.0,2017,5,7,5.583333333,0.0
1980,2016,Sefo Liufau,QB,Colorado,232,5.08,27.0,0.0,105.0,7.32,4.45,2017,6,3,6.25,0.0
1981,2017,T.J. Logan,RB,North Carolina,196,4.37,33.5,17.0,121.0,0.0,0.0,2017,5,9,5.75,0.0
1982,2018,Shalom Luani,S,Washington State,202,4.55,31.0,12.0,116.0,6.87,4.21,2017,5,11,5.916666667,0.0
1983,2019,Keevan Lucas,WR,Tulsa,192,4.55,32.5,11.0,119.0,7.23,4.43,2017,5,9,5.75,0.0
1984,2020,Marlon Mack,RB,South Florida,213,4.5,35.5,15.0,125.0,0.0,0.0,2017,5,11,5.916666667,0.0
1985,2021,Patrick Mahomes,QB,Texas Tech,225,4.8,30.0,0.0,114.0,6.88,4.08,2017,6,2,6.166666667,0.0
1986,2022,Josh Malone,WR,Tennessee,208,4.4,30.5,10.0,121.0,7.05,4.19,2017,6,3,6.25,0.0
1987,2023,Damien Mama,OG,USC,334,5.84,24.5,0.0,96.0,8.51,5.38,2017,6,3,6.25,0.0
1988,2024,Gabe Marks,WR,Washington State,189,4.56,29.5,11.0,117.0,7.01,4.2,2017,5,11,5.916666667,0.0
1989,2025,Joe Mathis,DE,Washington,266,0.0,0.0,24.0,0.0,0.0,0.0,2017,6,2,6.166666667,0.0
1990,2026,Arthur Maulet,CB,Memphis,189,4.62,34.5,18.0,120.0,0.0,0.0,2017,5,10,5.833333333,0.0
1991,2027,Marcus Maye,S,Florida,210,0.0,0.0,0.0,0.0,0.0,0.0,2017,6,0,6.0,0.0
1992,2028,Christian McCaffrey,RB,Stanford,202,4.48,37.5,10.0,121.0,6.57,4.22,2017,5,11,5.916666667,0.0
1993,2029,Conor McDermott,OT,UCLA,307,5.18,28.5,0.0,105.0,7.52,4.58,2017,6,8,6.666666667,0.0
1994,2030,Malik McDowell,DT,Michigan State,295,4.85,28.5,23.0,112.0,7.69,4.53,2017,6,6,6.5,0.0
1995,2031,Elijah McGuire,RB,Louisiana,214,4.53,36.0,15.0,120.0,7.26,4.56,2017,5,10,5.833333333,0.0
1996,2032,Isaiah McKenzie,WR,Georgia,173,4.42,36.0,11.0,123.0,6.64,4.15,2017,5,7,5.583333333,0.0
1997,2034,Takkarist McKinley,OLB,UCLA,250,4.59,33.0,24.0,122.0,7.48,4.62,2017,6,2,6.166666667,0.0
1998,2035,Raekwon McMillan,ILB,Ohio State,240,4.61,33.0,23.0,121.0,7.15,4.39,2017,6,2,6.166666667,0.0
1999,2036,Jeremy McNichols,RB,Boise State,214,4.49,35.5,0.0,121.0,6.93,4.28,2017,5,9,5.75,0.0
2000,2037,Obi Melifonwu,S,Connecticut,224,4.4,44.0,17.0,141.0,0.0,0.0,2017,6,4,6.333333333,0.0
2001,2038,Matt Milano,OLB,Boston Col.,223,4.67,35.0,24.0,126.0,0.0,0.0,2017,6,0,6.0,0.0
2002,2039,Fabian Moreau,CB,UCLA,206,4.35,38.0,0.0,136.0,6.94,4.12,2017,6,0,6.0,0.0
2003,2040,Drew Morgan,WR,Arkansas,190,4.74,30.0,10.0,112.0,6.85,4.12,2017,6,0,6.0,0.0
2004,2041,Jordan Morgan,OG,Kutztown Pennsylvania,309,5.36,27.0,21.0,102.0,8.13,4.73,2017,6,3,6.25,0.0
2005,2042,Avery Moss,DE,Youngstown State,264,4.79,32.5,14.0,114.0,7.25,4.43,2017,6,3,6.25,0.0
2006,2043,Taylor Moton,OT,West. Michigan,319,5.18,30.5,23.0,109.0,7.73,4.58,2017,6,5,6.416666667,0.0
2007,2044,Al-Quadin Muhammad,DE,Miami (FL),253,4.88,30.5,22.0,117.0,7.25,4.47,2017,6,3,6.25,0.0
2008,2045,Jalen Myrick,CB,Minnesota,200,4.28,37.5,13.0,124.0,7.06,4.22,2017,5,10,5.833333333,0.0
2009,2046,Montae Nicholson,S,Michigan State,212,4.42,35.0,0.0,125.0,0.0,0.0,2017,6,2,6.166666667,0.0
2010,2047,Hardy Nickerson,ILB,Illinois,232,4.78,33.0,18.0,116.0,0.0,4.38,2017,6,0,6.0,0.0
2011,2048,David Njoku,TE,Miami (FL),246,4.64,37.5,21.0,133.0,6.97,4.34,2017,6,4,6.333333333,0.0
2012,2049,Speedy Noil,WR,Texas A&M,199,0.0,43.5,18.0,133.0,0.0,0.0,2017,5,11,5.916666667,0.0
2013,2050,Bradley Northnagel,LS,California,243,5.3,25.5,0.0,99.0,0.0,0.0,2017,6,2,6.166666667,0.0
2014,2051,Noble Nwachukwu,DE,West Virginia,268,4.83,30.5,27.0,110.0,0.0,0.0,2017,6,1,6.083333333,0.0
2015,2052,Ifeadi Odenigbo,DE,Northwestern,258,4.72,31.5,25.0,128.0,7.26,4.4,2017,6,3,6.25,0.0
2016,2053,Dare Ogunbowale,RB,Wisconsin,213,4.65,35.0,14.0,120.0,6.99,4.34,2017,5,11,5.916666667,0.0
2017,2054,Larry Ogunjobi,DE,Charlotte,305,4.97,32.0,26.0,116.0,7.55,4.75,2017,6,3,6.25,0.0
2018,2055,Tyler Orlosky,C,West Virginia,298,0.0,0.0,24.0,0.0,0.0,0.0,2017,6,3,6.25,0.0
2019,2056,Scott Orndoff,TE,Pittsburgh,253,4.84,27.0,17.0,112.0,7.37,4.45,2017,6,5,6.416666667,0.0
2020,2057,Zach Pascal,WR,Old Dominion,219,4.55,36.0,14.0,126.0,7.11,4.29,2017,6,2,6.166666667,0.0
2021,2058,Jabrill Peppers,S,Michigan,213,4.46,35.5,19.0,128.0,0.0,0.0,2017,5,11,5.916666667,0.0
2022,2059,Samaje Perine,RB,Oklahoma,233,4.65,33.0,30.0,116.0,7.26,4.37,2017,5,11,5.916666667,0.0
2023,2060,Nathan Peterman,QB,Pittsburgh,226,4.82,31.0,0.0,110.0,7.14,4.31,2017,6,2,6.166666667,0.0
2024,2061,Carroll Phillips,OLB,Illinois,242,4.64,30.0,23.0,123.0,7.06,4.37,2017,6,3,6.25,0.0
2025,2062,Hayden Plinke,TE,Texas-El Paso,264,4.97,28.0,18.0,109.0,7.55,4.59,2017,6,4,6.333333333,0.0
2026,2063,Ethan Pocic,C,LSU,310,5.15,27.0,26.0,107.0,7.89,4.81,2017,6,6,6.5,0.0
2027,2064,Ejuan Price,OLB,Pittsburgh,241,4.84,31.5,20.0,117.0,0.0,4.34,2017,5,11,5.916666667,0.0
2028,2065,Donnel Pumphrey,RB,San Diego State,176,4.48,33.5,5.0,117.0,0.0,0.0,2017,5,8,5.666666667,0.0
2029,2066,Elijah Qualls,DT,Washington,313,5.13,31.5,33.0,105.0,7.65,4.66,2017,6,1,6.083333333,0.0
2030,2067,James Quick,WR,Louisville,186,4.6,31.0,11.0,115.0,7.0,4.39,2017,6,0,6.0,0.0
2031,2068,Ryan Ramczyk,OT,Wisconsin,310,0.0,0.0,25.0,0.0,0.0,0.0,2017,6,6,6.5,0.0
2032,2069,Michael Rector,WR,Stanford,193,4.42,36.5,0.0,129.0,6.77,4.19,2017,6,0,6.0,0.0
2033,2070,Haason Reddick,OLB,Temple,237,4.52,36.5,24.0,133.0,7.01,4.37,2017,6,1,6.083333333,0.0
2034,2071,Devine Redding,RB,Indiana,205,4.76,30.5,16.0,116.0,7.18,4.46,2017,5,8,5.666666667,0.0
2035,2072,Jalen Reeves-Maybin,OLB,Tennessee,230,0.0,0.0,0.0,0.0,0.0,0.0,2017,6,0,6.0,0.0
2036,2073,Austin Rehkow,P,Idaho,214,0.0,0.0,0.0,0.0,0.0,0.0,2017,6,3,6.25,0.0
2037,2074,Josh Reynolds,WR,Texas A&M,194,4.52,37.0,0.0,124.0,6.83,4.13,2017,6,3,6.25,0.0
2038,2075,Duke Riley,OLB,LSU,232,4.58,34.5,18.0,122.0,6.89,4.21,2017,6,0,6.0,0.0
2039,2076,Derek Rivers,DE,Youngstown State,248,4.61,35.0,30.0,123.0,6.94,4.4,2017,6,4,6.333333333,0.0
2040,2077,Michael Roberts,TE,Toledo,270,4.86,30.0,0.0,110.0,7.05,4.51,2017,6,4,6.333333333,0.0
2041,2078,Jalen Robinette,WR,Air Force,220,4.62,31.5,13.0,120.0,6.77,4.46,2017,6,3,6.25,0.0
2042,2079,Ezra Robinson,CB,Tennessee State,189,4.47,34.0,13.0,130.0,0.0,0.0,2017,5,11,5.916666667,0.0
2043,2080,Cam Robinson,OT,Alabama,322,5.15,26.0,0.0,106.0,7.81,4.82,2017,6,6,6.5,0.0
2044,2081,Isaac Rochell,DE,Notre Dame,280,4.89,31.5,25.0,114.0,0.0,0.0,2017,6,4,6.333333333,0.0
2045,2082,Darreus Rogers,WR,USC,216,0.0,26.5,8.0,112.0,7.22,4.54,2017,6,1,6.083333333,0.0
2046,2083,Sam Rogers,FB,Virginia Tech,231,4.93,32.0,19.0,114.0,7.27,4.34,2017,5,10,5.833333333,0.0
2047,2085,Fred Ross,WR,Mississippi State,213,4.51,35.0,10.0,113.0,6.99,4.28,2017,6,1,6.083333333,0.0
2048,2086,John Ross,WR,Washington,188,4.22,37.0,0.0,133.0,0.0,0.0,2017,5,11,5.916666667,0.0
2049,2087,Chase Roullier,C,Wyoming,312,5.54,26.5,19.0,97.0,7.6,4.47,2017,6,4,6.333333333,0.0
2050,2088,Travis Rudolph,WR,Florida State,189,4.65,31.5,12.0,114.0,6.93,4.46,2017,6,0,6.0,0.0
2051,2089,Cooper Rush,QB,Central Michigan,228,4.93,27.0,0.0,105.0,7.23,4.47,2017,6,3,6.25,0.0
2052,2090,Seth Russell,QB,Baylor,213,0.0,0.0,0.0,0.0,0.0,0.0,2017,6,3,6.25,0.0
2053,2091,Curtis Samuel,WR,Ohio State,196,4.31,37.0,18.0,119.0,7.09,4.33,2017,5,11,5.916666667,0.0
2054,2092,Eric Saubert,TE,Drake,253,0.0,33.0,22.0,121.0,0.0,0.0,2017,6,5,6.416666667,0.0
2055,2093,Artavis Scott,WR,Clemson,193,4.61,31.0,13.0,116.0,7.19,4.49,2017,5,10,5.833333333,0.0
2056,2094,Ricky Seals-Jones,WR,Texas A&M,243,4.69,28.0,17.0,121.0,7.46,4.33,2017,6,5,6.416666667,0.0
2057,2095,Justin Senior,OT,Mississippi State,331,5.55,23.0,0.0,98.0,8.19,5.06,2017,6,5,6.416666667,0.0
2058,2096,Adam Shaheen,TE,Ashland,278,4.79,32.5,24.0,121.0,7.09,4.38,2017,6,6,6.5,0.0
2059,2097,David Sharpe,OT,Florida,343,5.44,20.5,19.0,97.0,7.87,4.78,2017,6,6,6.5,0.0
2060,2098,Sojourn Shelton,CB,Wisconsin,177,4.51,35.0,10.0,120.0,6.92,4.02,2017,5,9,5.75,0.0
2061,2099,Garrett Sickels,DE,Penn State,261,4.9,28.0,20.0,105.0,7.21,4.41,2017,6,3,6.25,0.0
2062,2100,Nico Siragusa,OG,San Diego State,319,5.35,32.0,28.0,110.0,7.71,4.56,2017,6,4,6.333333333,0.0
2063,2101,Dan Skipper,OT,Arkansas,309,5.42,26.0,0.0,97.0,7.61,5.01,2017,6,10,6.833333333,0.0
2064,2102,Tanzel Smart,DT,Tulane,296,5.24,27.0,22.0,105.0,7.53,4.57,2017,6,1,6.083333333,0.0
2065,2103,De'Veon Smith,RB,Michigan,223,0.0,29.0,22.0,108.0,7.3,4.56,2017,5,11,5.916666667,0.0
2066,2104,Jonnu Smith,TE,Florida International,248,4.62,38.0,22.0,127.0,0.0,4.18,2017,6,3,6.25,0.0
2067,2105,JuJu Smith-Schuster,WR,USC,215,4.54,32.5,15.0,120.0,0.0,0.0,2017,6,1,6.083333333,0.0
2068,2106,Dawuane Smoot,DE,Illinois,264,4.77,29.5,0.0,117.0,7.18,4.39,2017,6,3,6.25,0.0
2069,2107,Jeremy Sprinkle,TE,Arkansas,252,4.69,29.0,0.0,116.0,0.0,0.0,2017,6,5,6.416666667,0.0
2070,2108,Jamari Staples,WR,Louisville,195,4.51,36.0,0.0,130.0,0.0,0.0,2017,6,3,6.25,0.0
2071,2109,Freddie Stevenson,FB,Florida State,234,4.75,28.0,24.0,111.0,7.65,4.45,2017,6,0,6.0,0.0
2072,2110,ArDarius Stewart,WR,Alabama,204,4.49,34.0,0.0,124.0,0.0,0.0,2017,5,11,5.916666667,0.0
2073,2111,Channing Stribling,CB,Michigan,188,4.6,31.5,5.0,114.0,6.94,4.56,2017,6,1,6.083333333,0.0
2074,2112,Cameron Sutton,CB,Tennessee,188,4.52,34.0,11.0,120.0,6.81,0.0,2017,5,11,5.916666667,0.0
2075,2113,Ryan Switzer,WR,North Carolina,181,4.51,32.0,11.0,116.0,6.77,4.0,2017,5,8,5.666666667,0.0
2076,2114,Teez Tabor,CB,Florida,199,4.62,31.0,9.0,120.0,0.0,0.0,2017,6,0,6.0,0.0
2077,2115,Cordrea Tankersley,CB,Clemson,199,4.4,29.5,13.0,121.0,7.0,4.32,2017,6,1,6.083333333,0.0
2078,2116,Pita Taumoepenu,OLB,Utah,243,4.67,28.5,24.0,112.0,6.91,4.33,2017,6,1,6.083333333,0.0
2079,2117,Taywan Taylor,WR,Western Kentucky,203,4.5,33.5,13.0,132.0,6.57,4.21,2017,5,11,5.916666667,0.0
2080,2118,Trent Taylor,WR,Louisiana Tech,181,4.63,33.0,13.0,117.0,6.74,4.01,2017,5,8,5.666666667,0.0
2081,2119,Vincent Taylor,DT,Oklahoma State,304,5.07,28.5,26.0,108.0,7.58,4.72,2017,6,3,6.25,0.0
2082,2120,Sam Tevi,OT,Utah,311,5.27,26.0,15.0,107.0,7.84,4.6,2017,6,5,6.416666667,0.0
2083,2121,Nate Theaker,OG,Wayne State (MI),315,5.41,27.0,23.0,105.0,7.97,4.89,2017,6,5,6.416666667,0.0
2084,2122,Jahad Thomas,RB,Temple,190,4.62,32.0,11.0,116.0,0.0,0.0,2017,5,10,5.833333333,0.0
2085,2123,Noel Thomas,WR,Connecticut,205,4.63,32.5,9.0,118.0,0.0,0.0,2017,6,0,6.0,0.0
2086,2124,Solomon Thomas,DE,Stanford,273,4.69,35.0,30.0,126.0,6.95,4.28,2017,6,3,6.25,0.0
2087,2125,Tedric Thompson,S,Colorado,204,4.6,32.5,17.0,117.0,7.11,4.36,2017,6,0,6.0,0.0
2088,2126,Jack Tocho,CB,North Carolina State,202,4.54,35.0,21.0,125.0,0.0,0.0,2017,6,0,6.0,0.0
2089,2127,Dalvin Tomlinson,DT,Alabama,310,5.19,27.0,0.0,110.0,7.68,4.59,2017,6,3,6.25,0.0
2090,2128,Jon Toth,C,Kentucky,307,5.51,25.5,21.0,100.0,8.09,4.84,2017,6,5,6.416666667,0.0
2091,2129,Damarius Travis,S,Minnesota,206,0.0,32.5,13.0,115.0,7.08,4.28,2017,6,1,6.083333333,0.0
2092,2130,Mitchell Trubisky,QB,North Carolina,222,4.67,27.5,0.0,116.0,6.87,4.25,2017,6,2,6.166666667,0.0
2093,2131,Stevie Tu'Ikolovatu,DT,USC,331,5.45,24.5,28.0,91.0,7.83,5.0,2017,6,1,6.083333333,0.0
2094,2132,Michael Tyson,S,Cincinnati,204,4.56,33.0,17.0,118.0,0.0,0.0,2017,6,1,6.083333333,0.0
2095,2133,Jerry Ugokwe,OT,William & Mary,321,5.61,26.0,18.0,103.0,8.35,5.17,2017,6,7,6.583333333,0.0
2096,2134,Conrad Ukropina,K,Stanford,190,0.0,0.0,0.0,0.0,0.0,0.0,2017,6,0,6.0,0.0
2097,2136,Tanner Vallejo,ILB,Boise State,228,4.67,33.5,0.0,121.0,0.0,4.39,2017,6,1,6.083333333,0.0
2098,2137,Eddie Vanderdoes,DT,UCLA,305,4.99,28.5,28.0,111.0,7.69,4.39,2017,6,3,6.25,0.0
2099,2138,Justin Vogel,P,Miami (FL),219,4.7,34.0,0.0,0.0,0.0,0.0,2017,6,4,6.333333333,0.0
2100,2139,Charles Walker,DT,Oklahoma,310,4.96,28.0,25.0,107.0,7.89,4.96,2017,6,2,6.166666667,0.0
2101,2140,DeMarcus Walker,DE,Florida State,280,0.0,0.0,18.0,0.0,0.0,0.0,2017,6,4,6.333333333,0.0
2102,2141,Carlos Watkins,DT,Clemson,309,0.0,0.0,25.0,0.0,0.0,0.0,2017,6,3,6.25,0.0
2103,2142,Deshaun Watson,QB,Clemson,221,4.66,32.5,0.0,119.0,6.95,4.31,2017,6,2,6.166666667,0.0
2104,2143,T.J. Watt,OLB,Wisconsin,252,4.69,37.0,21.0,128.0,6.79,4.13,2017,6,4,6.333333333,0.0
2105,2144,Davis Webb,QB,California,229,4.79,33.0,0.0,118.0,6.92,4.21,2017,6,5,6.416666667,0.0
2106,2145,Dede Westbrook,WR,Oklahoma,178,0.0,0.0,0.0,0.0,0.0,0.0,2017,6,0,6.0,0.0
2107,2146,Chad Wheeler,OT,USC,306,5.48,20.5,15.0,105.0,0.0,5.01,2017,6,7,6.583333333,0.0
2108,2147,Marquez White,CB,Florida State,194,4.59,36.0,0.0,123.0,0.0,0.0,2017,6,0,6.0,0.0
2109,2148,TreDavious White,CB,LSU,192,4.47,32.0,16.0,119.0,6.9,4.32,2017,5,11,5.916666667,0.0
2110,2149,Kermit Whitfield,WR,Florida State,185,4.44,32.5,8.0,120.0,7.17,4.37,2017,5,8,5.666666667,0.0
2111,2150,Jamaal Williams,RB,BYU,212,4.59,30.0,0.0,123.0,7.25,4.53,2017,6,0,6.0,0.0
2112,2151,Joe Williams,RB,Utah,210,4.41,35.0,14.0,125.0,7.19,4.19,2017,5,11,5.916666667,0.0
2113,2152,Marcus Williams,S,Utah,202,4.56,43.5,14.0,129.0,6.85,4.2,2017,6,1,6.083333333,0.0
2114,2153,Mike Williams,WR,Clemson,218,0.0,32.5,15.0,121.0,0.0,0.0,2017,6,4,6.333333333,0.0
2115,2154,Stanley Williams,RB,Kentucky,190,4.51,36.0,18.0,121.0,6.86,4.18,2017,5,7,5.583333333,0.0
2116,2155,Tim Williams,OLB,Alabama,244,4.68,33.5,0.0,124.0,7.36,4.57,2017,6,3,6.25,0.0
2117,2156,Jordan Willis,DE,Kansas State,255,4.53,39.0,24.0,125.0,6.85,4.28,2017,6,4,6.333333333,0.0
2118,2157,Howard Wilson,CB,Houston,184,4.57,33.5,0.0,119.0,6.68,3.94,2017,6,1,6.083333333,0.0
2119,2158,Jesus Wilson,WR,Florida State,189,4.57,0.0,10.0,119.0,0.0,4.57,2017,5,9,5.75,0.0
2120,2159,Quincy Wilson,CB,Florida,211,4.54,32.0,14.0,118.0,6.86,4.02,2017,6,1,6.083333333,0.0
2121,2160,Ahkello Witherspoon,CB,Colorado,198,4.45,40.5,0.0,127.0,6.93,4.13,2017,6,3,6.25,0.0
2122,2161,Xavier Woods,S,Louisiana Tech,197,4.54,33.5,19.0,122.0,6.72,4.13,2017,5,11,5.916666667,0.0
2123,2162,Chris Wormley,DT,Michigan,298,0.0,0.0,23.0,0.0,0.0,0.0,2017,6,5,6.416666667,0.0
2124,2163,Mehdi Abdesmad,DE,Boston Col.,284,5.1,29.5,25.0,108.0,7.55,4.62,2016,6,6,6.5,0.0
2125,2164,Vernon Adams,QB,Oregon,200,4.83,29.5,0.0,114.0,6.82,4.2,2016,5,11,5.916666667,0.0
2126,2165,Jerell Adams,TE,South Carolina,247,4.64,32.5,0.0,117.0,7.05,4.31,2016,6,5,6.416666667,0.0
2127,2166,Bralon Addison,WR,Oregon,197,4.66,34.5,13.0,116.0,6.95,4.14,2016,5,9,5.75,0.0
2128,2167,Roberto Aguayo,K,Florida State,207,4.96,0.0,0.0,0.0,0.0,0.0,2016,6,0,6.0,0.0
2129,2168,Dominique Alexander,ILB,Oklahoma,232,4.64,28.5,17.0,104.0,0.0,0.0,2016,6,0,6.0,0.0
2130,2169,Mackensie Alexander,CB,Clemson,190,4.43,0.0,11.0,0.0,0.0,0.0,2016,5,10,5.833333333,0.0
2131,2170,Vadal Alexander,OT,LSU,326,5.57,24.0,25.0,95.0,8.04,4.9,2016,6,5,6.416666667,0.0
2132,2171,Brandon Allen,QB,Arkansas,217,4.84,28.0,0.0,110.0,7.06,4.33,2016,6,1,6.083333333,0.0
2133,2172,Jack Allen,C,Michigan State,294,5.29,26.5,23.0,101.0,7.9,4.73,2016,6,1,6.083333333,0.0
2134,2173,Geronimo Allison,WR,Illinois,196,4.67,33.0,0.0,127.0,7.4,4.28,2016,6,3,6.25,0.0
2135,2174,Stephen Anderson,TE,California,230,4.59,38.0,16.0,119.0,0.0,0.0,2016,6,2,6.166666667,0.0
2136,2175,Eli Apple,CB,Ohio State,199,4.4,0.0,13.0,0.0,0.0,0.0,2016,6,1,6.083333333,0.0
2137,2176,Demarcus Ayers,WR,Houston,182,4.72,33.0,0.0,123.0,0.0,0.0,2016,5,9,5.75,0.0
2138,2177,Sterling Bailey,DE,Georgia,285,5.23,30.0,20.0,111.0,7.46,4.73,2016,6,4,6.333333333,0.0
2139,2178,Peyton Barber,RB,Auburn,228,4.64,32.5,20.0,111.0,7.0,4.21,2016,5,10,5.833333333,0.0
2140,2179,Jimmy Bean,DE,Oklahoma State,264,4.87,0.0,20.0,0.0,0.0,0.0,2016,6,5,6.416666667,0.0
2141,2180,Willie Beavers,OT,West. Michigan,321,5.28,25.5,20.0,103.0,7.96,4.71,2016,6,5,6.416666667,0.0
2142,2181,Vonn Bell,S,Ohio State,199,4.52,0.0,16.0,0.0,0.0,0.0,2016,5,11,5.916666667,0.0
2143,2182,Caleb Benenoch,OT,UCLA,311,4.98,28.0,0.0,104.0,8.15,5.11,2016,6,5,6.416666667,0.0
2144,2183,Andrew Billings,DT,Baylor,311,5.05,27.5,31.0,113.0,8.05,4.82,2016,6,1,6.083333333,0.0
2145,2184,Ronald Blair,DE,Appalachian State,284,5.15,30.0,32.0,113.0,7.95,4.53,2016,6,2,6.166666667,0.0
2146,2185,Austin Blythe,C,Iowa,298,5.36,27.5,29.0,99.0,7.52,4.53,2016,6,2,6.166666667,0.0
2147,2186,Briean Boddy-Calhoun,CB,Minnesota,193,4.47,35.0,10.0,123.0,7.16,4.22,2016,5,9,5.75,0.0
2148,2187,Evan Boehm,C,Missouri,302,5.33,28.5,24.0,96.0,7.52,4.69,2016,6,2,6.166666667,0.0
2149,2188,Devante Bond,OLB,Oklahoma,235,4.7,37.5,21.0,121.0,7.07,4.36,2016,6,1,6.083333333,0.0
2150,2189,Devontae Booker,RB,Utah,219,4.56,0.0,22.0,0.0,0.0,0.0,2016,5,11,5.916666667,0.0
2151,2190,Joey Bosa,DE,Ohio State,269,4.86,32.0,24.0,120.0,6.89,4.21,2016,6,5,6.416666667,0.0
2152,2191,Tyler Boyd,WR,Pittsburgh,197,4.58,34.0,11.0,119.0,6.9,4.35,2016,6,1,6.083333333,0.0
2153,2192,Trevone Boykin,QB,TCU,212,4.77,32.0,0.0,110.0,0.0,4.4,2016,6,0,6.0,0.0
2154,2193,James Bradberry,CB,Samford,211,4.5,36.0,16.0,124.0,6.91,4.21,2016,6,1,6.083333333,0.0
2155,2194,Ben Braunecker,TE,Harvard,250,4.73,35.5,20.0,121.0,6.9,4.2,2016,6,3,6.25,0.0
2156,2195,Jake Brendel,C,UCLA,303,5.01,28.0,25.0,108.0,7.31,4.27,2016,6,3,6.25,0.0
2157,2196,Jacoby Brissett,QB,North Carolina State,231,4.94,31.0,0.0,113.0,7.17,4.53,2016,6,4,6.333333333,0.0
2158,2197,Kentrell Brothers,OLB,Missouri,245,4.89,28.5,19.0,110.0,6.99,4.11,2016,6,0,6.0,0.0
2159,2198,Anthony Brown,CB,Purdue,192,4.33,35.0,19.0,115.0,7.03,4.19,2016,5,11,5.916666667,0.0
2160,2199,Beniquez Brown,OLB,Mississippi State,229,4.77,31.0,18.0,110.0,7.07,4.28,2016,6,1,6.083333333,0.0
2161,2200,Chris Brown,WR,Notre Dame,194,4.48,0.0,0.0,0.0,0.0,0.0,2016,6,2,6.166666667,0.0
2162,2201,Lamarcus Brutus,S,Florida State,206,4.76,33.0,14.0,114.0,7.08,4.33,2016,6,0,6.0,0.0
2163,2202,Deforest Buckner,DE,Oregon,291,5.05,32.0,0.0,116.0,7.51,4.47,2016,6,7,6.583333333,0.0
2164,2203,Jonathan Bullard,DE,Florida,285,4.93,32.0,23.0,116.0,7.31,4.56,2016,6,3,6.25,0.0
2165,2204,Aaron Burbridge,WR,Michigan State,206,4.56,30.5,20.0,115.0,7.22,4.31,2016,6,0,6.0,0.0
2166,2205,Artie Burns,CB,Miami (FL),193,4.46,31.5,0.0,0.0,0.0,0.0,2016,6,0,6.0,0.0
2167,2206,Juston Burris,CB,North Carolina State,212,4.53,36.5,19.0,122.0,7.1,4.4,2016,6,0,6.0,0.0
2168,2207,Deon Bush,S,Miami (FL),199,4.64,36.0,17.0,123.0,0.0,0.0,2016,6,0,6.0,0.0
2169,2208,Vernon Butler,DT,Louisiana Tech,323,5.33,29.5,26.0,104.0,7.82,4.76,2016,6,4,6.333333333,0.0
2170,2209,Devon Cajuste,WR,Stanford,234,4.62,36.0,12.0,123.0,6.49,4.2,2016,6,4,6.333333333,0.0
2171,2210,Shilique Calhoun,DE,Michigan State,251,4.82,35.0,23.0,115.0,6.97,4.25,2016,6,4,6.333333333,0.0
2172,2211,Taveze Calhoun,CB,Mississippi State,192,4.58,33.5,14.0,0.0,0.0,0.0,2016,6,0,6.0,0.0
2173,2212,De'Vondre Campbell,OLB,Minnesota,232,4.58,34.0,16.0,116.0,0.0,0.0,2016,6,4,6.333333333,0.0
2174,2214,Maurice Canady,CB,Virginia,193,4.49,38.0,16.0,124.0,7.03,4.09,2016,6,1,6.083333333,0.0
2175,2215,Leonte Carroo,WR,Rutgers,211,4.5,35.5,14.0,120.0,0.0,0.0,2016,6,0,6.0,0.0
2176,2216,Tra Carson,RB,Texas A&M,227,4.63,0.0,19.0,0.0,0.0,0.0,2016,5,11,5.916666667,0.0
2177,2217,Tevin Carter,S,Utah,218,4.48,0.0,19.0,0.0,0.0,0.0,2016,6,1,6.083333333,0.0
2178,2218,Jeremy Cash,S,Duke,212,4.56,0.0,0.0,0.0,0.0,0.0,2016,6,0,6.0,0.0
2179,2219,Joseph Cheek,OG,Texas A&M,295,5.27,0.0,20.0,0.0,0.0,0.0,2016,6,6,6.5,0.0
2180,2220,Kenny Clark,DT,UCLA,314,5.06,28.5,29.0,102.0,0.0,4.62,2016,6,3,6.25,0.0
2181,2221,Le'Raven Clark,OT,Texas Tech,316,5.16,0.0,18.0,0.0,0.0,0.0,2016,6,5,6.416666667,0.0
2182,2222,Corey Coleman,WR,Baylor,194,4.42,40.5,17.0,129.0,0.0,0.0,2016,5,11,5.916666667,0.0
2183,2223,Shon Coleman,OT,Auburn,307,5.18,0.0,22.0,0.0,0.0,0.0,2016,6,5,6.416666667,0.0
2184,2224,Alex Collins,RB,Arkansas,217,4.59,28.5,18.0,113.0,0.0,0.0,2016,5,10,5.833333333,0.0
2185,2225,Maliek Collins,DT,Nebraska,311,5.03,29.5,25.0,109.0,7.53,4.52,2016,6,2,6.166666667,0.0
2186,2226,Jack Conklin,OT,Michigan State,308,5.0,30.0,25.0,103.0,7.63,4.57,2016,6,6,6.5,0.0
2187,2227,Connor Cook,QB,Michigan State,217,4.79,33.0,0.0,113.0,7.21,4.28,2016,6,4,6.333333333,0.0
2188,2228,Fahn Cooper,OT,Mississippi,303,5.17,25.0,19.0,102.0,7.85,4.89,2016,6,4,6.333333333,0.0
2189,2229,Pharoh Cooper,WR,South Carolina,203,4.52,31.0,15.0,115.0,0.0,0.0,2016,5,11,5.916666667,0.0
2190,2230,Marshaun Coprich,RB,Illinois State,207,4.47,34.0,17.0,112.0,7.26,4.58,2016,5,8,5.666666667,0.0
2191,2231,Cody Core,WR,Mississippi,205,4.47,31.5,14.0,119.0,0.0,0.0,2016,6,3,6.25,0.0
2192,2232,Kamalei Correa,DE,Boise State,243,4.69,33.0,21.0,108.0,0.0,0.0,2016,6,3,6.25,0.0
2193,2233,James Cowser,DE,Southern Utah,248,4.82,31.5,21.0,111.0,6.8,4.31,2016,6,3,6.25,0.0
2194,2234,Brad Craddock,K,Maryland,186,4.88,0.0,0.0,0.0,0.0,0.0,2016,6,0,6.0,0.0
2195,2235,Su'A Cravens,OLB,USC,226,4.58,27.0,16.0,114.0,0.0,0.0,2016,6,1,6.083333333,0.0
2196,2236,Ken Crawley,CB,Colorado,187,4.43,36.5,0.0,119.0,0.0,0.0,2016,6,0,6.0,0.0
2197,2237,Joe Dahl,OT,Washington State,304,5.18,31.0,28.0,109.0,7.64,4.77,2016,6,4,6.333333333,0.0
2198,2238,Steven Daniels,ILB,Boston Col.,243,4.86,32.0,16.0,112.0,7.33,4.54,2016,5,11,5.916666667,0.0
2199,2239,Sean Davis,CB,Maryland,201,4.46,37.5,21.0,126.0,6.64,3.97,2016,6,1,6.083333333,0.0
2200,2240,Trevor Davis,WR,California,188,4.42,38.5,11.0,124.0,6.6,4.22,2016,6,1,6.083333333,0.0
2201,2241,Sheldon Day,DT,Notre Dame,293,5.07,30.0,21.0,102.0,7.44,4.5,2016,6,1,6.083333333,0.0
2202,2242,Taylor Decker,OT,Ohio State,310,5.23,29.0,20.0,101.0,7.7,4.76,2016,6,7,6.583333333,0.0
2203,2243,KJ Dillon,S,West Virginia,210,4.53,0.0,11.0,121.0,0.0,0.0,2016,6,0,6.0,0.0
2204,2244,Kenneth Dixon,RB,Louisiana Tech,215,4.56,37.5,18.0,121.0,6.97,4.28,2016,5,10,5.833333333,0.0
2205,2245,Riley Dixon,P,Syracuse,221,5.04,0.0,0.0,0.0,0.0,0.0,2016,6,4,6.333333333,0.0
2206,2246,Josh Doctson,WR,TCU,202,4.5,41.0,14.0,131.0,6.84,4.08,2016,6,2,6.166666667,0.0
2207,2247,Kevin Dodd,DE,Clemson,277,4.86,0.0,0.0,0.0,0.0,0.0,2016,6,5,6.416666667,0.0
2208,2248,Brandon Doughty,QB,Western Kentucky,213,5.22,27.0,0.0,103.0,7.49,4.52,2016,6,3,6.25,0.0
2209,2249,Kenyan Drake,RB,Alabama,210,4.45,34.5,10.0,123.0,7.04,4.21,2016,6,1,6.083333333,0.0
2210,2250,Spencer Drango,OT,Baylor,315,5.27,27.0,30.0,100.0,7.88,4.66,2016,6,6,6.5,0.0
2211,2251,Jeff Driskel,QB,Louisiana Tech,234,4.56,32.0,0.0,122.0,7.19,4.25,2016,6,4,6.333333333,0.0
2212,2252,Thomas Duarte,TE,UCLA,231,4.72,33.5,12.0,118.0,6.97,4.24,2016,6,2,6.166666667,0.0
2213,2253,Lachlan Edwards,P,Sam Houston State,209,4.98,0.0,0.0,0.0,0.0,0.0,2016,6,4,6.333333333,0.0
2214,2254,Parker Ehinger,OT,Cincinnati,310,5.26,27.5,0.0,97.0,0.0,0.0,2016,6,6,6.5,0.0
2215,2255,Deandre Elliott,CB,Colorado State,188,4.55,41.0,0.0,125.0,6.93,3.94,2016,6,1,6.083333333,0.0
2216,2256,Ezekiel Elliott,RB,Ohio State,225,4.47,32.5,0.0,118.0,0.0,0.0,2016,6,0,6.0,0.0
2217,2257,Tyler Ervin,RB,San Jose State,192,4.41,39.0,17.0,130.0,0.0,0.0,2016,5,10,5.833333333,0.0
2218,2258,Kyler Fackrell,OLB,Utah State,245,4.72,34.5,15.0,121.0,0.0,0.0,2016,6,5,6.416666667,0.0
2219,2259,Ka'Imi Fairbairn,K,UCLA,183,4.96,0.0,0.0,0.0,0.0,0.0,2016,5,11,5.916666667,0.0
2220,2260,Jason Fanaika,DE,Utah,271,4.92,35.5,23.0,113.0,7.06,4.39,2016,6,2,6.166666667,0.0
2221,2261,Travis Feeney,OLB,Washington,230,4.5,40.0,0.0,130.0,7.2,4.42,2016,6,4,6.333333333,0.0
2222,2262,Josh Ferguson,RB,Illinois,198,4.48,34.5,21.0,120.0,0.0,0.0,2016,5,9,5.75,0.0
2223,2263,Leonard Floyd,OLB,Georgia,244,4.6,39.5,0.0,127.0,0.0,0.0,2016,6,6,6.5,0.0
2224,2265,Josh Forrest,ILB,Kentucky,249,4.91,30.5,11.0,118.0,0.0,0.0,2016,6,3,6.25,0.0
2225,2266,D.J. Foster,WR,Arizona State,193,4.57,35.5,14.0,117.0,6.75,4.07,2016,5,10,5.833333333,0.0
2226,2267,Kavon Frazier,S,Central Michigan,217,4.53,0.0,18.0,0.0,0.0,0.0,2016,6,0,6.0,0.0
2227,2268,Kris Frost,OLB,Auburn,240,4.97,29.0,0.0,113.0,0.0,0.0,2016,6,2,6.166666667,0.0
2228,2269,Kendall Fuller,CB,Virginia Tech,187,4.48,0.0,15.0,0.0,0.0,0.0,2016,5,11,5.916666667,0.0
2229,2270,Will Fuller,WR,Notre Dame,186,4.32,33.5,10.0,126.0,6.93,4.27,2016,6,0,6.0,0.0
2230,2271,Joshua Garnett,OG,Stanford,312,5.32,29.0,30.0,99.0,7.62,4.64,2016,6,4,6.333333333,0.0
2231,2272,Keyarris Garrett,WR,Tulsa,220,4.53,36.5,14.0,128.0,7.3,4.33,2016,6,3,6.25,0.0
2232,2273,Graham Glasgow,C,Michigan,307,5.13,25.0,23.0,106.0,7.63,4.63,2016,6,6,6.5,0.0
2233,2274,Jared Goff,QB,California,215,4.82,27.0,0.0,110.0,7.17,4.47,2016,6,4,6.333333333,0.0
2234,2275,B.J. Goodson,OLB,Clemson,242,4.69,34.5,30.0,118.0,7.05,4.51,2016,6,1,6.083333333,0.0
2235,2276,Adam Gotsis,DT,Georgia Tech,287,4.88,0.0,0.0,0.0,0.0,0.0,2016,6,4,6.333333333,0.0
2236,2277,T.J. Green,S,Clemson,209,4.34,35.5,13.0,129.0,0.0,0.0,2016,6,2,6.166666667,0.0
2237,2278,Darrell Greene,OG,San Diego State,321,5.2,21.5,28.0,98.0,8.07,4.98,2016,6,3,6.25,0.0
2238,2279,David Grinnage,TE,North Carolina State,248,4.9,29.5,0.0,106.0,0.0,0.0,2016,6,5,6.416666667,0.0
2239,2280,Glenn Gronkowski,FB,Kansas State,239,4.71,33.0,17.0,120.0,7.1,4.45,2016,6,2,6.166666667,0.0
2240,2281,Christian Hackenberg,QB,Penn State,223,4.78,31.0,0.0,114.0,7.04,4.33,2016,6,4,6.333333333,0.0
2241,2282,Tom Hackett,P,Utah,198,4.86,0.0,0.0,0.0,0.0,0.0,2016,5,10,5.833333333,0.0
2242,2283,Joe Haeg,OT,North Dakota State,304,5.16,27.5,0.0,111.0,7.47,4.47,2016,6,6,6.5,0.0
2243,2284,Deiondre Hall,CB,Northern Iowa,199,4.68,37.0,0.0,127.0,7.07,4.06,2016,6,2,6.166666667,0.0
2244,2285,Javon Hargrave,DT,South Carolina State,309,4.93,34.5,29.0,109.0,7.9,4.7,2016,6,1,6.083333333,0.0
2245,2286,De'Vante Harris,CB,Texas A&M,176,4.56,38.5,0.0,124.0,6.82,4.06,2016,5,11,5.916666667,0.0
2246,2287,Jerald Hawkins,OT,LSU,305,5.23,23.5,23.0,100.0,8.19,4.89,2016,6,6,6.5,0.0
2247,2288,Joel Heath,DT,Michigan State,293,5.02,33.0,26.0,113.0,7.44,4.52,2016,6,5,6.416666667,0.0
2248,2289,Temarrick Hemingway,TE,South Carolina State,244,4.71,30.5,18.0,115.0,6.88,4.31,2016,6,5,6.416666667,0.0
2249,2290,Derrick Henry,RB,Alabama,247,4.54,37.0,22.0,130.0,7.2,4.38,2016,6,3,6.25,0.0
2250,2291,Hunter Henry,TE,Arkansas,250,4.79,0.0,13.0,0.0,0.0,0.0,2016,6,5,6.416666667,0.0
2251,2292,Willie Henry,DT,Michigan,303,5.0,30.5,28.0,110.0,7.57,4.53,2016,6,3,6.25,0.0
2252,2293,Quayvon Hicks,FB,Georgia,259,4.82,0.0,0.0,0.0,0.0,0.0,2016,6,1,6.083333333,0.0
2253,2294,Tyler Higbee,TE,Western Kentucky,249,4.77,0.0,0.0,0.0,0.0,0.0,2016,6,6,6.5,0.0
2254,2295,Rashard Higgins,WR,Colorado State,196,4.64,32.0,13.0,116.0,0.0,0.0,2016,6,1,6.083333333,0.0
2255,2296,Kevin Hogan,QB,Stanford,218,4.78,32.5,0.0,113.0,6.9,4.31,2016,6,3,6.25,0.0
2256,2297,Johnny Holton,WR,Cincinnati,190,4.54,31.5,8.0,123.0,0.0,0.0,2016,6,1,6.083333333,0.0
2257,2298,Austin Hooper,TE,Stanford,254,4.72,33.0,19.0,117.0,7.0,4.32,2016,6,4,6.333333333,0.0
2258,2299,Deandre Houston-Carson,S,William & Mary,201,4.54,32.5,13.0,115.0,7.15,4.28,2016,6,1,6.083333333,0.0
2259,2300,Jordan Howard,RB,Indiana,230,4.57,34.0,16.0,122.0,0.0,0.0,2016,6,0,6.0,0.0
2260,2301,Xavien Howard,CB,Baylor,201,4.58,33.0,11.0,122.0,7.18,4.15,2016,6,0,6.0,0.0
2261,2302,Germain Ifedi,OT,Texas A&M,324,5.27,32.5,24.0,109.0,0.0,4.75,2016,6,6,6.5,0.0
2262,2303,Cleveland Wallace III,CB,San Jose State,188,4.68,35.5,0.0,123.0,0.0,0.0,2016,5,11,5.916666667,0.0
2263,2304,Vernon Hargreaves III,CB,Florida,204,4.5,39.0,15.0,130.0,0.0,3.98,2016,5,10,5.833333333,0.0
2264,2305,William Jackson III,CB,Houston,189,4.37,0.0,10.0,116.0,0.0,0.0,2016,6,0,6.0,0.0
2265,2306,Scooby Wright III,ILB,Arizona,239,4.9,31.0,22.0,113.0,0.0,4.47,2016,6,0,6.0,0.0
2266,2307,Matt Ioannidis,DT,Temple,299,5.03,28.0,32.0,108.0,7.78,4.71,2016,6,3,6.25,0.0
2267,2308,Myles Jack,OLB,UCLA,245,4.56,0.0,19.0,0.0,0.0,0.0,2016,6,1,6.083333333,0.0
2268,2309,Branden Jackson,DE,Texas Tech,273,5.06,31.5,20.0,113.0,7.4,4.77,2016,6,4,6.333333333,0.0
2269,2310,Dominick Jackson,OT,Alabama,313,5.38,26.0,20.0,97.0,0.0,0.0,2016,6,5,6.416666667,0.0
2270,2311,Andy Janovich,FB,Nebraska,238,4.81,34.0,30.0,119.0,7.28,4.32,2016,6,1,6.083333333,0.0
2271,2312,Quinton Jefferson,DT,Maryland,291,4.95,29.0,24.0,0.0,7.95,4.37,2016,6,4,6.333333333,0.0
2272,2313,Jordan Jenkins,OLB,Georgia,259,4.8,36.5,16.0,121.0,0.0,0.0,2016,6,3,6.25,0.0
2273,2314,Austin Johnson,DT,Penn State,314,5.32,26.0,25.0,96.0,7.84,4.75,2016,6,4,6.333333333,0.0
2274,2316,C.J. Johnson,ILB,Mississippi,234,4.81,0.0,0.0,0.0,0.0,4.52,2016,6,1,6.083333333,0.0
2275,2317,Devon Johnson,RB,Marshall,238,4.64,0.0,0.0,0.0,0.0,0.0,2016,6,0,6.0,0.0
2276,2318,Tyler Johnstone,OT,Oregon,301,5.21,30.5,24.0,104.0,7.31,4.6,2016,6,5,6.416666667,0.0
2277,2319,Cardale Jones,QB,Ohio State,253,4.81,36.0,0.0,0.0,0.0,0.0,2016,6,5,6.416666667,0.0
2278,2320,Cayleb Jones,WR,Arizona,209,4.65,33.5,9.0,0.0,6.99,4.14,2016,6,3,6.25,0.0
2279,2321,Chris Jones,DT,Mississippi State,310,5.03,24.5,26.0,106.0,7.44,4.62,2016,6,6,6.5,0.0
2280,2322,Cyrus Jones,CB,Alabama,197,4.49,33.0,10.0,116.0,6.71,4.21,2016,5,10,5.833333333,0.0
2281,2323,Deion Jones,OLB,LSU,222,4.59,33.0,0.0,120.0,0.0,0.0,2016,6,1,6.083333333,0.0
2282,2324,Jonathan Jones,CB,Auburn,186,4.33,36.0,19.0,123.0,7.25,4.25,2016,5,9,5.75,0.0
2283,2325,Karl Joseph,S,West Virginia,205,4.57,0.0,0.0,0.0,0.0,0.0,2016,5,10,5.833333333,0.0
2284,2326,Matt Judon,DE,Grand Valley State,275,4.73,35.0,30.0,109.0,7.67,4.52,2016,6,3,6.25,0.0
2285,2327,Ufomba Kamalu,DE,Miami (FL),295,5.01,25.0,26.0,106.0,7.32,4.58,2016,6,5,6.416666667,0.0
2286,2328,Drew Kaser,P,Texas A&M,212,4.95,0.0,0.0,0.0,0.0,0.0,2016,6,2,6.166666667,0.0
2287,2329,Nila Kasitati,OG,Oklahoma,317,5.32,27.5,12.0,107.0,8.3,4.83,2016,6,3,6.25,0.0
2288,2330,Bronson Kaufusi,DE,BYU,285,4.87,30.0,25.0,111.0,7.03,4.25,2016,6,6,6.5,0.0
2289,2331,Jayron Kearse,S,Clemson,216,4.62,31.5,16.0,124.0,7.06,0.0,2016,6,4,6.333333333,0.0
2290,2332,Ryan Kelly,C,Alabama,311,5.03,30.0,26.0,103.0,7.58,4.59,2016,6,4,6.333333333,0.0
2291,2333,Cody Kessler,QB,USC,220,4.89,29.5,0.0,104.0,7.32,4.0,2016,6,1,6.083333333,0.0
2292,2334,Miles Killebrew,S,Southern Utah,217,4.65,38.0,22.0,127.0,6.93,4.18,2016,6,2,6.166666667,0.0
2293,2335,Derrick Kindred,S,TCU,207,4.5,37.5,0.0,123.0,7.05,4.29,2016,5,10,5.833333333,0.0
2294,2336,Raphael Kirby,ILB,Miami (FL),236,4.72,0.0,27.0,0.0,0.0,0.0,2016,6,0,6.0,0.0
2295,2337,Denver Kirkland,OT,Arkansas,335,5.55,22.5,19.0,94.0,8.72,5.06,2016,6,4,6.333333333,0.0
2296,2338,Marshall Koehn,K,Iowa,197,4.61,0.0,0.0,0.0,0.0,0.0,2016,6,1,6.083333333,0.0
2297,2339,Nick Kwiatkoski,ILB,West Virginia,243,4.73,32.0,19.0,120.0,7.16,4.22,2016,6,2,6.166666667,0.0
2298,2340,Jimmy Landes,LS,Baylor,240,4.95,27.5,0.0,110.0,7.05,4.38,2016,6,1,6.083333333,0.0
2299,2341,Daniel Lasco,RB,California,209,4.46,41.5,23.0,135.0,7.22,4.26,2016,6,0,6.0,0.0
2300,2342,Darius Latham,DT,Indiana,311,5.32,29.0,0.0,100.0,7.76,4.63,2016,6,4,6.333333333,0.0
2301,2343,Kenny Lawler,WR,California,203,4.64,31.0,0.0,111.0,7.13,4.2,2016,6,2,6.166666667,0.0
2302,2344,Nile Lawrence-Stample,DL,Florida State,320,5.24,0.0,0.0,0.0,0.0,0.0,2016,6,1,6.083333333,0.0
2303,2345,Shaq Lawson,DE,Clemson,269,4.7,33.0,0.0,120.0,7.16,4.21,2016,6,3,6.25,0.0
2304,2346,Darron Lee,OLB,Ohio State,232,4.47,35.5,17.0,133.0,7.12,4.2,2016,6,1,6.083333333,0.0
2305,2347,Alex Lewis,OT,Nebraska,312,5.22,29.5,27.0,100.0,7.94,4.72,2016,6,6,6.5,0.0
2306,2348,Roger Lewis,WR,Bowling Green,201,4.57,33.5,8.0,116.0,0.0,0.0,2016,6,0,6.0,0.0
2307,2349,Kolby Listenbee,WR,TCU,197,4.39,35.5,15.0,129.0,0.0,0.0,2016,6,0,6.0,0.0
2308,2350,Cory Littleton,OLB,Washington,238,4.73,29.5,0.0,114.0,7.11,4.32,2016,6,3,6.25,0.0
2309,2351,Jordan Lomax,S,Iowa,202,4.75,36.0,8.0,120.0,7.18,4.15,2016,5,10,5.833333333,0.0
2310,2352,Steve Longa,ILB,Rutgers,241,4.78,32.0,19.0,116.0,7.5,4.56,2016,6,1,6.083333333,0.0
2311,2353,Ricardo Louis,WR,Auburn,215,4.43,38.0,18.0,132.0,0.0,0.0,2016,6,2,6.166666667,0.0
2312,2354,Dean Lowry,DE,Northwestern,296,4.87,32.5,30.0,114.0,7.26,4.38,2016,6,6,6.5,0.0
2313,2355,Jordan Lucas,S,Penn State,201,4.54,0.0,0.0,0.0,0.0,0.0,2016,6,0,6.0,0.0
2314,2356,John Lunsford,K,Liberty,214,4.74,0.0,0.0,0.0,0.0,0.0,2016,6,1,6.083333333,0.0
2315,2357,Paxton Lynch,QB,Memphis,244,4.86,36.0,0.0,118.0,7.14,4.26,2016,6,7,6.583333333,0.0
2316,2358,Tre Madden,RB,USC,223,4.53,0.0,24.0,0.0,0.0,0.0,2016,6,0,6.0,0.0
2317,2359,Luther Maddy,DT,Virginia Tech,287,4.96,0.0,29.0,0.0,0.0,0.0,2016,6,0,6.0,0.0
2318,2360,Curt Maggitt,OLB,Tennessee,247,4.73,0.0,0.0,0.0,0.0,0.0,2016,6,3,6.25,0.0
2319,2361,Ryan Malleck,TE,Virginia Tech,247,4.77,34.5,18.0,121.0,7.0,4.33,2016,6,4,6.333333333,0.0
2320,2362,Byron Marshall,WR,Oregon,201,4.42,0.0,17.0,0.0,0.0,0.0,2016,5,9,5.75,0.0
2321,2363,Jalin Marshall,WR,Ohio State,200,4.6,37.5,16.0,125.0,6.8,4.13,2016,5,10,5.833333333,0.0
2322,2364,Keith Marshall,RB,Georgia,219,4.31,30.5,25.0,0.0,0.0,0.0,2016,5,11,5.916666667,0.0
2323,2365,Nick Martin,C,Notre Dame,299,5.22,28.0,28.0,97.0,7.57,4.72,2016,6,4,6.333333333,0.0
2324,2367,Blake Martinez,ILB,Stanford,237,4.71,28.5,22.0,113.0,6.98,4.2,2016,6,2,6.166666667,0.0
2325,2368,Tyler Marz,OT,Wisconsin,316,5.54,27.5,19.0,99.0,8.38,4.97,2016,6,7,6.583333333,0.0
2326,2369,Tyler Matakevich,OLB,Temple,238,4.81,31.0,22.0,112.0,7.19,4.5,2016,6,0,6.0,0.0
2327,2370,Chris Mayes,DL,Georgia,338,5.34,23.5,33.0,104.0,0.0,5.13,2016,6,3,6.25,0.0
2328,2371,Alex McCalister,DE,Florida,239,4.8,34.5,0.0,128.0,7.01,4.0,2016,6,6,6.5,0.0
2329,2372,Jake McGee,TE,Florida,250,4.83,0.0,17.0,0.0,0.0,0.0,2016,6,5,6.416666667,0.0
2330,2373,Connor McGovern,OG,Missouri,306,5.11,33.0,33.0,109.0,7.5,4.65,2016,6,4,6.333333333,0.0
2331,2374,Mekale McKay,WR,Cincinnati,207,4.55,35.0,12.0,123.0,7.08,4.63,2016,6,4,6.333333333,0.0
2332,2375,Cassanova McKinzy,ILB,Auburn,248,4.83,0.0,21.0,0.0,0.0,0.0,2016,6,1,6.083333333,0.0
2333,2376,Braxton Miller,WR,Ohio State,201,4.5,35.0,17.0,123.0,6.65,4.07,2016,6,1,6.083333333,0.0
2334,2377,Harlan Miller,CB,SE Louisiana,182,4.65,35.5,6.0,118.0,7.44,4.43,2016,6,0,6.0,0.0
2335,2378,Jalen Mills,S,LSU,191,4.61,37.0,16.0,123.0,6.86,4.0,2016,6,0,6.0,0.0
2336,2379,Malcolm Mitchell,WR,Georgia,198,4.45,36.0,15.0,129.0,6.94,4.34,2016,6,0,6.0,0.0
2337,2380,Will Monday,P,Duke,212,5.1,0.0,0.0,0.0,0.0,0.0,2016,6,4,6.333333333,0.0
2338,2381,Chris Moore,WR,Cincinnati,206,4.53,37.0,10.0,130.0,6.76,4.2,2016,6,1,6.083333333,0.0
2339,2382,David Morgan,TE,Texas-San Antonio,262,0.0,0.0,0.0,0.0,0.0,0.0,2016,6,4,6.333333333,0.0
2340,2383,Antonio Morrison,ILB,Florida,232,4.76,0.0,0.0,0.0,0.0,0.0,2016,6,1,6.083333333,0.0
2341,2384,Kyle Murphy,OT,Stanford,305,5.19,0.0,23.0,0.0,0.0,0.0,2016,6,6,6.5,0.0
2342,2385,Eric Murray,CB,Minnesota,199,4.49,39.5,15.0,124.0,7.08,4.05,2016,5,11,5.916666667,0.0
2343,2386,Carl Nassib,DE,Penn State,277,4.84,28.5,21.0,114.0,7.27,4.37,2016,6,7,6.583333333,0.0
2344,2387,Keanu Neal,S,Florida,211,4.62,38.0,17.0,132.0,7.09,4.38,2016,6,0,6.0,0.0
2345,2388,Stephane Nembot,OT,Colorado,322,5.39,26.5,32.0,103.0,8.55,5.15,2016,6,7,6.583333333,0.0
2346,2389,Giorgio Newberry,DE,Florida State,285,4.94,30.0,20.0,114.0,7.53,4.78,2016,6,5,6.416666667,0.0
2347,2390,Yannick Ngakoue,DE,Maryland,252,4.75,34.5,26.0,118.0,7.35,4.5,2016,6,2,6.166666667,0.0
2348,2391,Dadi Nicolas,DE,Virginia Tech,235,4.74,41.0,14.0,116.0,7.04,4.38,2016,6,3,6.25,0.0
2349,2392,Robert Nkemdiche,DT,Mississippi,294,4.87,35.0,28.0,116.0,0.0,0.0,2016,6,3,6.25,0.0
2350,2393,Jared Norris,ILB,Utah,241,4.8,29.5,19.0,114.0,0.0,4.52,2016,6,1,6.083333333,0.0
2351,2394,Marquez North,WR,Tennessee,223,4.48,35.0,17.0,123.0,6.9,4.13,2016,6,2,6.166666667,0.0
2352,2395,Nick O'Toole,P,West Virginia,219,5.05,0.0,0.0,0.0,0.0,0.0,2016,6,3,6.25,0.0
2353,2396,Shawn Oakman,DE,Baylor,287,4.96,32.0,23.0,123.0,7.53,4.56,2016,6,8,6.666666667,0.0
2354,2397,Jaden Oberkrom,K,TCU,186,4.96,0.0,0.0,0.0,0.0,0.0,2016,6,2,6.166666667,0.0
2355,2398,Victor Ochi,DE,Stony Brook,246,4.86,32.0,0.0,119.0,7.24,4.4,2016,6,1,6.083333333,0.0
2356,2399,Rees Odhiambo,OT,Boise State,314,5.17,0.0,23.0,0.0,0.0,0.0,2016,6,4,6.333333333,0.0
2357,2400,Emmanuel Ogbah,DE,Oklahoma State,273,4.63,35.5,20.0,121.0,7.26,4.5,2016,6,4,6.333333333,0.0
2358,2401,Romeo Okwara,DE,Notre Dame,265,4.9,33.0,23.0,120.0,7.38,4.53,2016,6,5,6.416666667,0.0
2359,2402,Drew Ott,DE,Iowa,273,4.88,0.0,0.0,0.0,0.0,0.0,2016,6,4,6.333333333,0.0
2360,2403,Montese Overton,OLB,East Carolina,223,4.61,34.0,18.0,123.0,7.15,4.47,2016,6,2,6.166666667,0.0
2361,2404,Gionni Paul,ILB,Utah,231,5.05,31.0,22.0,113.0,0.0,0.0,2016,5,10,5.833333333,0.0
2362,2405,Jordan Payton,WR,UCLA,207,4.47,34.5,0.0,121.0,7.08,4.33,2016,6,1,6.083333333,0.0
2363,2406,Charone Peake,WR,Clemson,209,4.45,35.5,12.0,122.0,6.96,4.46,2016,6,2,6.166666667,0.0
2364,2407,Paul Perkins,RB,UCLA,208,4.54,32.0,19.0,124.0,0.0,0.0,2016,5,10,5.833333333,0.0
2365,2408,Joshua Perry,ILB,Ohio State,254,4.68,33.5,20.0,124.0,0.0,0.0,2016,6,4,6.333333333,0.0
2366,2409,Kevin Peterson,CB,Oklahoma State,181,4.58,35.5,14.0,121.0,6.94,4.31,2016,5,10,5.833333333,0.0
2367,2410,D.J. Pettway,DE,Alabama,265,4.99,28.0,17.0,108.0,7.74,4.69,2016,6,2,6.166666667,0.0
2368,2411,Tyvis Powell,S,Ohio State,211,4.46,34.5,15.0,120.0,7.03,4.25,2016,6,3,6.25,0.0
2369,2412,Dak Prescott,QB,Mississippi State,226,4.79,32.5,0.0,116.0,7.11,4.32,2016,6,2,6.166666667,0.0
2370,2413,C.J. Prosise,RB,Notre Dame,220,4.48,35.5,0.0,121.0,0.0,0.0,2016,6,0,6.0,0.0
2371,2414,Jimmy Pruitt,CB,San Jose State,198,4.73,32.0,19.0,117.0,0.0,0.0,2016,6,0,6.0,0.0
2372,2415,Reggie Ragland,ILB,Alabama,247,4.72,31.5,0.0,116.0,0.0,4.28,2016,6,1,6.083333333,0.0
2373,2416,Jalen Ramsey,CB,Florida State,209,4.41,41.5,14.0,135.0,6.94,4.18,2016,6,1,6.083333333,0.0
2374,2418,Sheldon Rankins,DT,Louisville,299,5.03,34.5,28.0,118.0,7.44,4.59,2016,6,1,6.083333333,0.0
2375,2419,D.J. Reader,DT,Clemson,327,5.33,29.5,30.0,99.0,7.9,4.71,2016,6,3,6.25,0.0
2376,2420,Alex Redmond,OG,UCLA,294,5.3,28.0,30.0,111.0,7.75,4.9,2016,6,5,6.416666667,0.0
2377,2421,Will Redmond,CB,Mississippi State,182,4.45,0.0,0.0,0.0,0.0,0.0,2016,5,11,5.916666667,0.0
2378,2422,Jarran Reed,DT,Alabama,307,5.21,31.0,0.0,104.0,7.77,4.75,2016,6,3,6.25,0.0
2379,2423,Hassan Ridgeway,DT,Texas,303,5.02,32.0,24.0,113.0,8.28,4.82,2016,6,3,6.25,0.0
2380,2424,Dominique Robertson,OT,West Georgia,324,5.36,28.5,30.0,100.0,8.42,4.83,2016,6,5,6.416666667,0.0
2381,2425,A'Shawn Robinson,DT,Alabama,307,5.2,26.0,22.0,106.0,7.8,4.74,2016,6,4,6.333333333,0.0
2382,2426,Demarcus Robinson,WR,Florida,203,4.59,34.5,0.0,123.0,6.77,4.19,2016,6,1,6.083333333,0.0
2383,2427,Rashard Robinson,CB,Louisiana St,171,4.49,35.5,0.0,121.0,0.0,0.0,2016,6,1,6.083333333,0.0
2384,2428,Alonzo Russell,WR,Toledo,206,4.54,29.5,12.0,112.0,7.18,4.33,2016,6,4,6.333333333,0.0
2385,2429,Keivarae Russell,CB,Notre Dame,192,4.49,0.0,17.0,0.0,0.0,0.0,2016,5,11,5.916666667,0.0
2386,2430,Zack Sanchez,CB,Oklahoma,185,4.5,35.5,19.0,116.0,0.0,0.0,2016,5,11,5.916666667,0.0
2387,2431,Beau Sandland,TE,Montana State,253,4.74,35.0,23.0,124.0,7.1,4.33,2016,6,4,6.333333333,0.0
2388,2432,Joe Schobert,OLB,Wisconsin,244,4.76,33.5,22.0,111.0,7.11,4.3,2016,6,1,6.083333333,0.0
2389,2433,Rashawn Scott,WR,Miami (FL),199,4.54,32.5,17.0,116.0,0.0,0.0,2016,6,1,6.083333333,0.0
2390,2434,Isaac Seumalo,OG,Oregon State,303,5.19,26.0,0.0,105.0,7.4,4.52,2016,6,4,6.333333333,0.0
2391,2435,Kevon Seymour,CB,USC,186,4.39,35.0,12.0,124.0,0.0,4.18,2016,5,11,5.916666667,0.0
2392,2436,Hunter Sharp,WR,Utah State,198,4.58,32.5,12.0,116.0,7.12,4.19,2016,5,11,5.916666667,0.0
2393,2437,Tajae Sharpe,WR,Massachusetts,194,4.55,33.5,11.0,114.0,0.0,0.0,2016,6,2,6.166666667,0.0
2394,2438,Brandon Shell,OT,South Carolina,324,5.22,30.5,22.0,112.0,0.0,0.0,2016,6,5,6.416666667,0.0
2395,2439,Sterling Shepard,WR,Oklahoma,194,4.48,41.0,20.0,123.0,7.0,4.35,2016,5,10,5.833333333,0.0
2396,2440,Elijah Shumate,S,Notre Dame,216,4.58,33.0,18.0,119.0,0.0,4.51,2016,6,0,6.0,0.0
2397,2441,Devaunte Sigler,DT,Jacksonville State,298,5.15,25.0,23.0,0.0,7.9,4.97,2016,6,3,6.25,0.0
2398,2442,Justin Simmons,S,Boston Col.,202,4.61,40.0,16.0,126.0,6.58,3.85,2016,6,2,6.166666667,0.0
2399,2443,Leshaun Sims,CB,Southern Utah,203,4.53,37.0,11.0,120.0,7.08,4.19,2016,6,0,6.0,0.0
2400,2444,Matt Skura,C,Duke,305,5.39,24.0,27.0,103.0,7.89,4.76,2016,6,3,6.25,0.0
2401,2445,Pearce Slater,OT,San Diego State,329,5.42,23.0,17.0,92.0,8.36,5.12,2016,6,7,6.583333333,0.0
2402,2446,Wendell Smallwood,RB,West Virginia,208,4.47,33.5,14.0,120.0,6.83,4.28,2016,5,10,5.833333333,0.0
2403,2447,Jaylon Smith,OLB,Notre Dame,223,4.67,0.0,0.0,0.0,0.0,0.0,2016,6,2,6.166666667,0.0
2404,2448,Ryan Smith,CB,North Carolina Central,189,4.47,36.0,18.0,122.0,6.88,4.09,2016,5,11,5.916666667,0.0
2405,2449,Terrance Smith,ILB,Florida State,235,4.77,34.5,19.0,120.0,0.0,0.0,2016,6,3,6.25,0.0
2406,2450,Noah Spence,DE,East. Kentucky,251,4.8,35.0,25.0,121.0,7.21,4.35,2016,6,2,6.166666667,0.0
2407,2451,Jason Spriggs,OT,Indiana,301,4.94,31.5,31.0,115.0,7.7,4.44,2016,6,6,6.5,0.0
2408,2452,Nelson Spruce,WR,Colorado,206,4.69,35.0,12.0,114.0,7.09,4.2,2016,6,1,6.083333333,0.0
2409,2453,A.J. Stamps,S,Kentucky,193,4.79,33.0,15.0,115.0,7.17,4.25,2016,5,11,5.916666667,0.0
2410,2454,Ronnie Stanley,OT,Notre Dame,312,5.2,28.5,0.0,0.0,8.03,4.9,2016,6,6,6.5,0.0
2411,2455,Joel Stave,QB,Wisconsin,236,4.8,33.5,0.0,115.0,7.29,4.33,2016,6,5,6.416666667,0.0
2412,2456,Eric Striker,OLB,Oklahoma,227,4.8,30.0,23.0,116.0,7.3,4.46,2016,5,11,5.916666667,0.0
2413,2457,Nate Sudfeld,QB,Indiana,234,5.02,29.0,0.0,105.0,0.0,0.0,2016,6,6,6.5,0.0
2414,2458,Charles Tapper,DE,Oklahoma,271,4.59,34.0,23.0,119.0,0.0,0.0,2016,6,3,6.25,0.0
2415,2459,Kelvin Taylor,RB,Florida,207,4.6,32.0,15.0,113.0,0.0,0.0,2016,5,10,5.833333333,0.0
2416,2460,John Theus,OT,Georgia,313,5.22,28.0,0.0,103.0,7.9,4.78,2016,6,6,6.5,0.0
2417,2461,Lawrence Thomas,DT,Michigan State,286,4.98,35.0,0.0,113.0,0.0,0.0,2016,6,3,6.25,0.0
2418,2462,Michael Thomas,WR,Ohio State,212,4.57,35.0,18.0,126.0,6.8,4.13,2016,6,3,6.25,0.0
2419,2463,Darian Thompson,S,Boise State,208,4.69,32.5,12.0,118.0,7.26,4.33,2016,6,2,6.166666667,0.0
2420,2464,Ron Thompson,DE,Syracuse,253,4.92,0.0,18.0,0.0,7.46,4.5,2016,6,3,6.25,0.0
2421,2465,Shadrach Thornton,RB,North Carolina State,217,4.75,31.0,12.0,116.0,6.85,4.21,2016,6,0,6.0,0.0
2422,2466,Joe Thuney,OT,North Carolina State,304,4.95,28.5,28.0,110.0,7.47,4.54,2016,6,5,6.416666667,0.0
2423,2467,Cole Toner,OT,Harvard,306,5.32,26.0,22.0,103.0,7.88,4.59,2016,6,5,6.416666667,0.0
2424,2469,Laquon Treadwell,WR,Mississippi,221,4.52,33.0,12.0,117.0,0.0,0.0,2016,6,2,6.166666667,0.0
2425,2470,Sebastian Tretola,OG,Arkansas,314,5.45,23.5,22.0,90.0,7.94,5.02,2016,6,4,6.333333333,0.0
2426,2471,Max Tuerk,C,USC,298,5.12,0.0,22.0,0.0,0.0,0.0,2016,6,5,6.416666667,0.0
2427,2472,Laremy Tunsil,OT,Mississippi,310,5.23,0.0,0.0,0.0,0.0,0.0,2016,6,5,6.416666667,0.0
2428,2473,Landon Turner,OG,North Carolina,330,5.58,19.0,30.0,88.0,0.0,0.0,2016,6,4,6.333333333,0.0
2429,2474,Soma Vainuku,FB,USC,246,4.68,32.0,26.0,108.0,0.0,0.0,2016,5,11,5.916666667,0.0
2430,2475,Halapoulivaati Vaitai,OT,TCU,320,5.26,29.0,23.0,113.0,8.26,5.0,2016,6,6,6.5,0.0
2431,2476,Vincent Valentine,DT,Nebraska,329,5.19,29.0,17.0,110.0,8.03,4.59,2016,6,4,6.333333333,0.0
2432,2477,Nick Vannett,TE,Ohio State,257,4.76,30.5,17.0,111.0,7.05,4.2,2016,6,6,6.5,0.0
2433,2478,Nick Vigil,ILB,Utah State,239,4.72,31.5,0.0,115.0,6.73,4.0,2016,6,2,6.166666667,0.0
2434,2479,Dan Vitale,FB,Northwestern,239,4.6,38.5,30.0,123.0,7.12,4.12,2016,6,1,6.083333333,0.0
2435,2480,Jihad Ward,DT,Illinois,297,5.11,25.0,20.0,111.0,7.38,4.63,2016,6,5,6.416666667,0.0
2436,2481,Adolphus Washington,DT,Ohio State,301,5.17,27.0,21.0,99.0,8.06,4.79,2016,6,3,6.25,0.0
2437,2482,Deandre Washington,RB,Texas Tech,204,4.49,34.5,24.0,116.0,7.03,4.2,2016,5,8,5.666666667,0.0
2438,2483,Stephen Weatherly,OLB,Vanderbilt,267,4.61,31.0,23.0,117.0,0.0,0.0,2016,6,4,6.333333333,0.0
2439,2484,Carson Wentz,QB,North Dakota State,237,4.77,30.5,0.0,118.0,6.86,4.15,2016,6,5,6.416666667,0.0
2440,2485,Christian Westerman,OG,Arizona State,298,5.12,0.0,34.0,98.0,7.69,4.71,2016,6,3,6.25,0.0
2441,2486,D.J. White,CB,Georgia Tech,193,4.49,33.0,17.0,132.0,7.18,4.33,2016,5,11,5.916666667,0.0
2442,2487,Cody Whitehair,OT,Kansas State,301,5.02,25.5,16.0,110.0,7.32,4.58,2016,6,4,6.333333333,0.0
2443,2488,Brandon Wilds,RB,South Carolina,220,4.54,36.5,21.0,118.0,7.08,4.33,2016,6,1,6.083333333,0.0
2444,2489,Brandon Williams,CB,Texas A&M,197,4.37,30.5,18.0,118.0,6.85,4.19,2016,5,11,5.916666667,0.0
2445,2490,Bryce Williams,TE,East Carolina,257,4.94,29.5,19.0,111.0,7.19,4.53,2016,6,6,6.5,0.0
2446,2491,Duke Williams,WR,Auburn,229,4.72,30.0,14.0,121.0,7.43,4.47,2016,6,2,6.166666667,0.0
2447,2492,Jonathan Williams,RB,Arkansas,220,4.56,0.0,16.0,0.0,0.0,0.0,2016,5,11,5.916666667,0.0
2448,2493,De'Runnya Wilson,WR,Mississippi State,224,4.85,28.0,0.0,113.0,0.0,0.0,2016,6,5,6.416666667,0.0
2449,2494,Josh Woodrum,QB,Liberty,231,4.8,31.0,0.0,116.0,6.74,4.31,2016,6,3,6.25,0.0
2450,2495,Antwaun Woods,DL,USC,318,5.18,0.0,0.0,0.0,0.0,0.0,2016,6,0,6.0,0.0
2451,2496,Daryl Worley,CB,West Virginia,204,4.64,35.5,14.0,123.0,6.98,4.15,2016,6,1,6.083333333,0.0
2452,2497,Connor Wujciak,DT,Boston Col.,291,4.91,34.5,22.0,117.0,7.32,4.27,2016,6,2,6.166666667,0.0
2453,2498,Avery Young,OT,Auburn,328,5.39,0.0,0.0,0.0,8.22,4.91,2016,6,5,6.416666667,0.0
2454,2499,Tavon Young,CB,Temple,183,4.46,34.5,9.0,118.0,6.8,3.93,2016,5,9,5.75,0.0
2455,2500,Anthony Zettel,DT,Penn State,277,4.81,30.5,28.0,109.0,7.63,4.39,2016,6,4,6.333333333,0.0
2456,2501,Ameer Abdullah,RB,Nebraska,205,4.6,42.5,24.0,130.0,6.79,3.95,2015,5,9,5.75,0.0
2457,2502,Nelson Agholor,WR,USC,198,4.42,0.0,12.0,0.0,0.0,0.0,2015,6,0,6.0,0.0
2458,2503,Jay Ajayi,RB,Boise State,221,4.57,39.0,19.0,121.0,7.1,4.1,2015,6,0,6.0,0.0
2459,2504,Kwon Alexander,OLB,LSU,227,4.55,36.0,24.0,121.0,7.14,4.2,2015,6,1,6.083333333,0.0
2460,2505,Mario Alford,WR,West Virginia,180,4.43,34.0,13.0,121.0,6.64,4.07,2015,5,8,5.666666667,0.0
2461,2506,Javorius Allen,RB,USC,221,4.53,35.5,11.0,121.0,6.96,4.28,2015,6,0,6.0,0.0
2462,2507,Adrian Amos,S,Penn State,218,4.56,35.5,0.0,122.0,7.09,4.03,2015,6,0,6.0,0.0
2463,2508,Dres Anderson,WR,Utah,187,4.54,0.0,13.0,0.0,0.0,0.0,2015,6,1,6.083333333,0.0
2464,2509,Henry Anderson,DE,Stanford,294,4.97,30.0,0.0,111.0,7.2,4.19,2015,6,6,6.5,0.0
2465,2510,Rory Anderson,TE,South Carolina,244,4.73,0.0,0.0,0.0,0.0,0.0,2015,6,5,6.416666667,0.0
2466,2511,Stephone Anthony,ILB,Clemson,243,4.56,37.0,23.0,122.0,7.07,4.03,2015,6,3,6.25,0.0
2467,2512,Arik Armstead,DE,Oregon,292,5.06,34.0,24.0,117.0,7.57,4.53,2015,6,7,6.583333333,0.0
2468,2513,Cameron Artis-Payne,RB,Auburn,212,4.53,36.5,0.0,118.0,7.13,0.0,2015,5,10,5.833333333,0.0
2469,2514,Neiron Ball,OLB,Florida,236,4.65,0.0,22.0,0.0,0.0,0.0,2015,6,2,6.166666667,0.0
2470,2515,Tavaris Barnes,DE,Clemson,282,4.8,0.0,22.0,0.0,0.0,0.0,2015,6,4,6.333333333,0.0
2471,2516,Will Baumann,P,Boise State,187,5.14,0.0,0.0,0.0,0.0,0.0,2015,6,6,6.5,0.0
2472,2517,Vic Beasley,OLB,Clemson,246,4.53,41.0,35.0,130.0,6.91,4.15,2015,6,3,6.25,0.0
2473,2518,Blake Bell,TE,Oklahoma,252,4.8,33.0,14.0,116.0,6.85,4.32,2015,6,6,6.5,0.0
2474,2519,Kenny Bell,WR,Nebraska,197,4.42,41.5,7.0,129.0,6.66,4.15,2015,6,1,6.083333333,0.0
2475,2520,Bryan Bennett,QB,SE Louisiana,211,4.81,37.0,0.0,125.0,7.13,4.2,2015,6,2,6.166666667,0.0
2476,2521,Mike Bennett,DT,Ohio State,293,5.04,0.0,0.0,0.0,0.0,0.0,2015,6,2,6.166666667,0.0
2477,2522,E.J. Bibbs,TE,Iowa State,258,4.88,0.0,20.0,0.0,0.0,0.0,2015,6,2,6.166666667,0.0
2478,2523,Angelo Blackson,DT,Auburn,318,5.02,31.0,20.0,101.0,7.5,4.57,2015,6,4,6.333333333,0.0
2479,2524,Al Bond,OG,Memphis,303,5.57,23.5,22.0,90.0,7.9,4.65,2015,6,4,6.333333333,0.0
2480,2525,Detrick Bonner,S,Virginia Tech,207,4.56,0.0,15.0,0.0,0.0,0.0,2015,6,0,6.0,0.0
2481,2526,Anthony Boone,QB,Duke,231,5.03,26.5,0.0,100.0,7.47,4.62,2015,6,0,6.0,0.0
2482,2527,Brett Boyko,OG,UNLV,301,5.6,25.0,0.0,103.0,7.91,4.75,2015,6,7,6.583333333,0.0
2483,2528,Nick Boyle,TE,Pittsburgh,268,5.04,30.5,20.0,112.0,7.13,4.23,2015,6,4,6.333333333,0.0
2484,2529,Brandon Bridge,QB,South Alabama,229,4.72,33.0,0.0,110.0,7.18,4.37,2015,6,4,6.333333333,0.0
2485,2530,Kyle Brindza,K,Notre Dame,236,5.17,0.0,14.0,0.0,0.0,0.0,2015,6,1,6.083333333,0.0
2486,2531,Da'Ron Brown,WR,Northern Illinois,205,4.54,37.0,17.0,120.0,7.04,4.11,2015,6,0,6.0,0.0
2487,2532,Dominique Brown,RB,Louisville,234,4.63,0.0,17.0,0.0,0.0,0.0,2015,6,2,6.166666667,0.0
2488,2533,Jamon Brown,OT,Louisville,323,5.08,0.0,0.0,0.0,0.0,0.0,2015,6,4,6.333333333,0.0
2489,2534,Malcom Brown,DT,Texas,319,5.05,29.5,26.0,98.0,7.84,4.59,2015,6,2,6.166666667,0.0
2490,2535,Malcolm Brown,RB,Texas,224,4.62,34.5,19.0,117.0,6.86,4.15,2015,5,11,5.916666667,0.0
2491,2536,Trenton Brown,OG,Florida,355,5.21,23.5,20.0,97.0,8.23,4.78,2015,6,8,6.666666667,0.0
2492,2537,Michael Burton,FB,Rutgers,242,4.65,33.0,25.0,115.0,7.2,4.34,2015,5,11,5.916666667,0.0
2493,2538,Ibraheim Campbell,S,Northwestern,208,4.52,0.0,23.0,0.0,0.0,0.0,2015,5,11,5.916666667,0.0
2494,2539,A.J. Cann,OG,South Carolina,313,5.47,0.0,26.0,0.0,0.0,0.0,2015,6,3,6.25,0.0
2495,2540,Shane Carden,QB,East Carolina,218,4.94,29.5,0.0,104.0,7.17,4.45,2015,6,2,6.166666667,0.0
2496,2541,Joe Cardona,LS,Navy,242,4.91,33.0,30.0,0.0,0.0,0.0,2015,6,2,6.166666667,0.0
2497,2542,Alex Carter,CB,Stanford,196,4.51,40.0,17.0,121.0,7.05,4.07,2015,6,0,6.0,0.0
2498,2543,B.J. Catalon,RB,TCU,186,4.57,36.0,0.0,114.0,6.9,4.15,2015,5,7,5.583333333,0.0
2499,2544,Donald Celiscar,CB,West. Michigan,194,4.62,0.0,0.0,120.0,0.0,0.0,2015,5,11,5.916666667,0.0
2500,2545,Anthony Chickillo,DE,Miami (FL),267,4.79,34.5,27.0,114.0,7.17,4.25,2015,6,3,6.25,0.0
2501,2546,Gerald Christian,TE,Louisville,244,4.87,0.0,28.0,0.0,7.62,4.7,2015,6,3,6.25,0.0
2502,2547,Kyle Christy,P,Florida,202,4.93,0.0,0.0,0.0,0.0,0.0,2015,6,2,6.166666667,0.0
2503,2548,Frank Clark,DE,Michigan,271,4.79,38.5,19.0,118.0,7.08,4.05,2015,6,3,6.25,0.0
2504,2549,Kaelin Clay,WR,Utah,195,4.51,33.0,10.0,113.0,6.97,4.26,2015,5,10,5.833333333,0.0
2505,2550,Cameron Clear,OT,Texas A&M,277,4.98,32.0,0.0,108.0,7.52,4.48,2015,6,5,6.416666667,0.0
2506,2552,T.J. Clemmings,OT,Pittsburgh,309,5.14,32.5,22.0,111.0,7.68,4.54,2015,6,5,6.416666667,0.0
2507,2553,Sammie Coates,WR,Auburn,212,4.43,41.0,23.0,131.0,6.98,4.06,2015,6,1,6.083333333,0.0
2508,2554,David Cobb,RB,Minnesota,229,4.81,38.5,17.0,121.0,0.0,0.0,2015,5,11,5.916666667,0.0
2509,2555,Takoby Cofield,OT,Duke,310,5.19,30.0,23.0,101.0,8.09,4.79,2015,6,4,6.333333333,0.0
2510,2556,Justin Coleman,CB,Tennessee,185,4.53,37.5,20.0,124.0,6.61,3.98,2015,5,11,5.916666667,0.0
2511,2557,Tevin Coleman,RB,Indiana,206,4.4,0.0,22.0,0.0,0.0,0.0,2015,5,11,5.916666667,0.0
2512,2558,Jalen Collins,CB,LSU,203,4.48,36.0,0.0,124.0,6.77,4.27,2015,6,1,6.083333333,0.0
2513,2559,Landon Collins,S,Alabama,228,4.53,35.0,0.0,120.0,7.38,4.33,2015,6,0,6.0,0.0
2514,2560,La'el Collins,OT,LSU,305,5.1,27.0,21.0,108.0,7.7,4.63,2015,6,4,6.333333333,0.0
2515,2561,Chris Conley,WR,Georgia,213,4.35,45.0,18.0,139.0,7.06,4.3,2015,6,2,6.166666667,0.0
2516,2562,Amari Cooper,WR,Alabama,211,4.42,33.0,0.0,120.0,6.71,3.98,2015,6,1,6.083333333,0.0
2517,2563,Xavier Cooper,DT,Washington State,293,4.86,29.0,29.0,110.0,7.23,4.37,2015,6,3,6.25,0.0
2518,2564,Christian Covington,DT,Rice,289,4.9,0.0,0.0,0.0,0.0,0.0,2015,6,2,6.166666667,0.0
2519,2565,Justin Cox,CB,Mississippi State,191,4.36,38.0,15.0,129.0,7.05,4.07,2015,6,1,6.083333333,0.0
2520,2566,Corey Crawford,DE,Clemson,299,5.01,33.0,0.0,110.0,7.64,4.65,2015,6,5,6.416666667,0.0
2521,2567,Rob Crisp,OT,Boise State,301,5.26,32.5,26.0,107.0,8.07,4.6,2015,6,7,6.583333333,0.0
2522,2568,John Crockett,RB,North Dakota State,217,4.62,40.0,15.0,125.0,7.15,4.25,2015,6,0,6.0,0.0
2523,2569,Jamison Crowder,WR,Duke,185,4.56,37.0,10.0,115.0,7.17,4.32,2015,5,8,5.666666667,0.0
2524,2570,Yannick Cudjoe-Virgil,OLB,Maryland,248,4.8,0.0,25.0,0.0,0.0,0.0,2015,6,2,6.166666667,0.0
2525,2571,DaVaris Daniels,WR,Notre Dame,201,4.62,37.0,13.0,122.0,0.0,0.0,2015,6,1,6.083333333,0.0
2526,2572,Ronald Darby,CB,Florida State,193,4.38,41.5,12.0,129.0,6.94,4.14,2015,5,11,5.916666667,0.0
2527,2573,Devante Davis,WR,UNLV,220,4.57,35.5,16.0,115.0,7.25,4.12,2015,6,3,6.25,0.0
2528,2574,Aaron Davis,OLB,Colorado State,225,4.95,29.0,16.0,107.0,7.38,4.37,2015,6,0,6.0,0.0
2529,2575,Carl Davis,DT,Iowa,320,5.07,33.0,0.0,103.0,7.91,4.47,2015,6,5,6.416666667,0.0
2530,2576,Geremy Davis,WR,Connecticut,216,4.49,36.5,23.0,124.0,6.86,4.18,2015,6,2,6.166666667,0.0
2531,2577,Mike Davis,RB,South Carolina,217,4.61,34.0,17.0,116.0,7.0,4.18,2015,5,9,5.75,0.0
2532,2578,Titus Davis,WR,Central Michigan,196,4.51,32.5,0.0,119.0,7.14,4.28,2015,6,1,6.083333333,0.0
2533,2579,Tyeler Davison,DT,Fresno State,316,5.18,33.0,32.0,105.0,7.53,4.46,2015,6,2,6.166666667,0.0
2534,2580,Paul Dawson,ILB,TCU,235,4.93,28.0,21.0,109.0,0.0,4.49,2015,6,0,6.0,0.0
2535,2581,Ryan Delaire,DE,Towson,254,4.97,0.0,23.0,0.0,0.0,0.0,2015,6,4,6.333333333,0.0
2536,2582,Trey DePriest,ILB,Alabama,254,4.93,0.0,0.0,0.0,0.0,0.0,2015,6,0,6.0,0.0
2537,2583,AJ Derby,TE,Arkansas,255,4.72,0.0,15.0,0.0,0.0,0.0,2015,6,4,6.333333333,0.0
2538,2584,Xzavier Dickson,OLB,Alabama,260,4.74,29.5,19.0,100.0,7.56,4.53,2015,6,3,6.25,0.0
2539,2585,Quandre Diggs,CB,Texas,196,4.56,35.5,17.0,113.0,7.22,4.15,2015,5,9,5.75,0.0
2540,2586,Stefon Diggs,WR,Maryland,195,4.46,35.0,0.0,115.0,7.03,4.32,2015,6,0,6.0,0.0
2541,2587,Reese Dismukes,C,Auburn,296,5.31,27.5,23.0,107.0,8.14,4.7,2015,6,3,6.25,0.0
2542,2588,Andrew Donnal,OT,Iowa,313,5.31,32.0,17.0,101.0,7.84,4.77,2015,6,6,6.5,0.0
2543,2589,Phillip Dorsett,WR,Miami (FL),185,4.33,37.0,13.0,122.0,6.7,4.11,2015,5,10,5.833333333,0.0
2544,2590,Lorenzo Doss,CB,Tulane,182,4.5,33.5,9.0,115.0,7.2,4.26,2015,5,10,5.833333333,0.0
2545,2591,Jamil Douglas,OG,Arizona State,304,5.25,29.0,28.0,99.0,7.99,4.75,2015,6,4,6.333333333,0.0
2546,2592,Kurtis Drummond,S,Michigan State,208,4.65,39.5,0.0,119.0,7.09,4.33,2015,6,1,6.083333333,0.0
2547,2593,B.J. Dubose,DE,Louisville,284,5.06,0.0,26.0,0.0,0.0,0.0,2015,6,4,6.333333333,0.0
2548,2594,Alvin Dupree,DE,Kentucky,269,4.56,42.0,0.0,138.0,0.0,0.0,2015,6,4,6.333333333,0.0
2549,2595,Michael Dyer,RB,Louisville,218,4.58,34.0,26.0,120.0,0.0,0.0,2015,5,8,5.666666667,0.0
2550,2596,Jahwan Edwards,RB,Ball State,220,4.8,35.5,16.0,117.0,7.63,4.5,2015,5,9,5.75,0.0
2551,2597,Ifo Ekpre-Olomu,CB,Oregon,192,4.52,0.0,0.0,0.0,0.0,0.0,2015,5,9,5.75,0.0
2552,2598,Kyle Emanuel,OLB,North Dakota State,255,4.77,34.0,27.0,120.0,7.1,4.25,2015,6,3,6.25,0.0
2553,2599,Cameron Erving,C,Florida State,313,5.15,30.5,30.0,112.0,7.48,4.63,2015,6,5,6.416666667,0.0
2554,2600,Durell Eskridge,S,Syracuse,208,4.56,31.0,0.0,117.0,7.09,4.26,2015,6,3,6.25,0.0
2555,2601,Tayo Fabuluje,OG,TCU,353,5.55,29.5,0.0,0.0,0.0,4.77,2015,6,6,6.5,0.0
2556,2603,Cody Fajardo,QB,Nevada,223,4.63,32.5,0.0,118.0,6.95,4.1,2015,6,1,6.083333333,0.0
2557,2604,Jon Feliciano,OG,Miami (FL),323,5.33,26.5,0.0,97.0,0.0,4.74,2015,6,4,6.333333333,0.0
2558,2605,Sam Ficken,K,Penn State,191,5.06,0.0,0.0,0.0,0.0,0.0,2015,6,1,6.083333333,0.0
2559,2606,B.J. Finney,C,Kansas State,318,5.25,24.0,20.0,99.0,0.0,4.76,2015,6,4,6.333333333,0.0
2560,2607,Jake Fisher,OT,Oregon,306,5.01,32.5,25.0,0.0,7.25,4.33,2015,6,6,6.5,0.0
2561,2608,Ereck Flowers,OT,Miami (FL),329,5.31,0.0,37.0,0.0,0.0,0.0,2015,6,6,6.5,0.0
2562,2609,Trey Flowers,DE,Arkansas,266,4.93,36.5,28.0,121.0,7.34,4.4,2015,6,2,6.166666667,0.0
2563,2610,Dante Fowler,OLB,Florida,261,4.6,32.5,19.0,112.0,7.4,4.32,2015,6,3,6.25,0.0
2564,2611,Jalston Fowler,FB,Alabama,254,4.94,33.5,23.0,114.0,7.56,4.4,2015,5,11,5.916666667,0.0
2565,2612,Alani Fua,OLB,BYU,238,4.73,34.5,18.0,118.0,6.83,4.15,2015,6,5,6.416666667,0.0
2566,2613,Devin Funchess,WR,Michigan,232,4.7,38.5,17.0,122.0,0.0,0.0,2015,6,4,6.333333333,0.0
2567,2614,Charles Gaines,CB,Louisville,180,4.44,34.5,0.0,123.0,7.07,4.2,2015,5,10,5.833333333,0.0
2568,2615,Andy Gallik,C,Boston Col.,306,5.5,27.0,29.0,96.0,7.66,4.58,2015,6,2,6.166666667,0.0
2569,2616,Max Garcia,C,Florida,309,5.24,0.0,0.0,0.0,0.0,0.0,2015,6,4,6.333333333,0.0
2570,2617,Clayton Geathers,S,Central Florida,218,4.55,37.0,22.0,120.0,7.21,4.27,2015,6,2,6.166666667,0.0
2571,2618,Laurence Gibson,OT,Virginia Tech,305,5.04,33.5,24.0,113.0,7.72,4.56,2015,6,6,6.5,0.0
2572,2619,Jacoby Glenn,CB,Central Florida,179,4.64,34.0,0.0,123.0,6.97,4.26,2015,6,0,6.0,0.0
2573,2620,Mark Glowinski,OG,West Virginia,307,5.2,29.5,31.0,113.0,7.56,4.58,2015,6,4,6.333333333,0.0
2574,2621,Markus Golden,OLB,Missouri,260,4.9,0.0,0.0,0.0,0.0,0.0,2015,6,2,6.166666667,0.0
2575,2622,Eddie Goldman,DT,Florida State,336,5.28,0.0,0.0,0.0,0.0,0.0,2015,6,4,6.333333333,0.0
2576,2623,Senquez Golson,CB,Mississippi,176,4.46,33.5,15.0,120.0,6.81,4.2,2015,5,9,5.75,0.0
2577,2624,Antwan Goodley,WR,Baylor,209,4.44,0.0,0.0,0.0,0.0,0.0,2015,5,10,5.833333333,0.0
2578,2625,Melvin Gordon,RB,Wisconsin,215,4.52,35.0,19.0,126.0,7.04,4.07,2015,6,1,6.083333333,0.0
2579,2626,Doran Grant,CB,Ohio State,200,4.44,33.0,21.0,116.0,0.0,4.33,2015,5,10,5.833333333,0.0
2580,2627,Hroniss Grasu,C,Oregon,297,5.03,0.0,0.0,0.0,0.0,0.0,2015,6,3,6.25,0.0
2581,2628,Garrett Grayson,QB,Colorado State,213,4.75,0.0,0.0,0.0,0.0,0.0,2015,6,2,6.166666667,0.0
2582,2629,Chaz Green,OT,Florida,314,5.16,29.5,21.0,106.0,8.0,4.7,2015,6,5,6.416666667,0.0
2583,2630,Dorial Green-Beckham,WR,Oklahoma,237,4.49,33.5,13.0,119.0,6.89,4.45,2015,6,5,6.416666667,0.0
2584,2631,Rashad Greene,WR,Florida State,182,4.53,36.5,0.0,122.0,6.88,4.12,2015,5,11,5.916666667,0.0
2585,2632,Randy Gregory,DE,Nebraska,235,4.64,36.5,24.0,125.0,0.0,0.0,2015,6,5,6.416666667,0.0
2586,2633,Geneo Grissom,OLB,Oklahoma,262,4.81,37.0,20.0,117.0,7.24,4.38,2015,6,3,6.25,0.0
2587,2634,Ladarius Gunter,S,Miami (FL),202,4.62,33.5,12.0,108.0,7.18,4.41,2015,6,1,6.083333333,0.0
2588,2635,Todd Gurley,RB,Georgia,222,4.52,0.0,17.0,0.0,0.0,0.0,2015,6,1,6.083333333,0.0
2589,2636,Obum Gwacham,DE,Oregon State,246,4.72,36.0,22.0,121.0,7.28,4.28,2015,6,5,6.416666667,0.0
2590,2637,Chris Hackett,S,TCU,195,4.81,32.0,0.0,110.0,7.12,4.2,2015,6,0,6.0,0.0
2591,2638,Bryce Hager,ILB,Baylor,234,4.6,35.0,26.0,117.0,7.15,4.36,2015,6,1,6.083333333,0.0
2592,2639,Rannell Hall,WR,Central Florida,198,4.6,41.0,16.0,132.0,6.86,4.15,2015,6,0,6.0,0.0
2593,2640,Connor Halliday,QB,Washington State,204,4.87,0.0,0.0,0.0,0.0,0.0,2015,6,3,6.25,0.0
2594,2641,Chad Hamilton,C,Coastal Carolina,292,4.97,0.0,0.0,0.0,0.0,0.0,2015,6,2,6.166666667,0.0
2595,2642,Marcus Hardison,DT,Arizona State,307,4.91,0.0,27.0,0.0,0.0,0.0,2015,6,3,6.25,0.0
2596,2643,Justin Hardy,WR,East Carolina,192,4.56,36.5,11.0,114.0,6.63,4.21,2015,5,10,5.833333333,0.0
2597,2644,Eli Harold,OLB,Virginia,247,4.6,35.0,0.0,123.0,7.07,4.16,2015,6,3,6.25,0.0
2598,2645,Josh Harper,WR,Fresno State,191,4.64,32.0,13.0,108.0,7.15,4.36,2015,6,1,6.083333333,0.0
2599,2646,Anthony Harris,S,Virginia,183,4.56,0.0,0.0,0.0,0.0,0.0,2015,6,1,6.083333333,0.0
2600,2647,Jarvis Harrison,OG,Texas A&M,330,5.19,29.5,26.0,102.0,7.51,4.62,2015,6,4,6.333333333,0.0
2601,2648,Bobby Hart,OG,Florida State,329,5.61,0.0,0.0,0.0,0.0,0.0,2015,6,5,6.416666667,0.0
2602,2649,Dee Hart,RB,Colorado State,199,4.8,33.0,0.0,113.0,7.2,4.38,2015,5,7,5.583333333,0.0
2603,2650,Rob Havenstein,OT,Wisconsin,321,5.46,28.5,16.0,96.0,8.28,4.87,2015,6,7,6.583333333,0.0
2604,2651,Braylon Heard,RB,Kentucky,198,4.63,30.5,19.0,116.0,7.19,4.4,2015,5,10,5.833333333,0.0
2605,2652,Ben Heeney,ILB,Kansas,231,4.59,33.5,19.0,120.0,6.68,4.0,2015,6,0,6.0,0.0
2606,2654,Amarlo Herrera,ILB,Georgia,244,4.83,32.0,23.0,111.0,7.35,4.27,2015,6,1,6.083333333,0.0
2607,2655,Jeff Heuerman,TE,Ohio State,254,4.81,0.0,26.0,0.0,0.0,0.0,2015,6,5,6.416666667,0.0
2608,2656,Sean Hickey,OT,Syracuse,309,5.39,0.0,35.0,0.0,0.0,0.0,2015,6,5,6.416666667,0.0
2609,2657,Jordan Hicks,OLB,Texas,236,4.68,38.0,20.0,124.0,6.78,4.15,2015,6,1,6.083333333,0.0
2610,2658,Troy Hill,CB,Oregon,180,4.55,32.5,0.0,120.0,6.81,4.21,2015,5,10,5.833333333,0.0
2611,2659,Kenny Hilliard,RB,LSU,226,4.83,27.0,0.0,111.0,7.17,4.4,2015,6,0,6.0,0.0
2612,2660,Zack Hodges,OLB,Harvard,250,4.68,33.5,0.0,125.0,0.0,4.65,2015,6,2,6.166666667,0.0
2613,2661,Gerod Holliman,S,Louisville,218,4.62,0.0,17.0,0.0,0.0,0.0,2015,6,0,6.0,0.0
2614,2662,Mike Hull,OLB,Penn State,237,4.68,0.0,31.0,0.0,6.99,4.15,2015,6,0,6.0,0.0
2615,2663,D.J. Humphries,OT,Florida,307,5.12,31.0,26.0,104.0,7.87,4.64,2015,6,5,6.416666667,0.0
2616,2664,Brett Hundley,QB,UCLA,226,4.63,36.0,0.0,120.0,6.93,3.98,2015,6,3,6.25,0.0
2617,2665,Danielle Hunter,DE,LSU,252,4.57,0.0,25.0,0.0,0.0,0.0,2015,6,5,6.416666667,0.0
2618,2666,Martin Ifedi,DE,Memphis,275,4.88,31.0,16.0,111.0,7.39,4.58,2015,6,3,6.25,0.0
2619,2667,Joey Iosefa,FB,Hawaii,247,5.02,31.5,30.0,110.0,7.24,4.33,2015,6,0,6.0,0.0
2620,2668,Tre Jackson,OG,Florida State,330,5.52,25.0,0.0,96.0,0.0,0.0,2015,6,4,6.333333333,0.0
2621,2669,Jesse James,TE,Penn State,261,4.83,37.5,26.0,121.0,7.53,4.5,2015,6,7,6.583333333,0.0
2622,2670,Grady Jarrett,DT,Clemson,304,5.06,31.0,30.0,112.0,7.37,4.56,2015,6,1,6.083333333,0.0
2623,2671,Kyshoen Jarrett,S,Virginia Tech,200,4.57,33.0,21.0,109.0,6.95,4.4,2015,5,10,5.833333333,0.0
2624,2672,Anthony Jefferson,S,UCLA,198,4.72,33.5,15.0,116.0,7.18,4.15,2015,6,1,6.083333333,0.0
2625,2673,Gus Johnson,RB,Stephen F. Austin,215,4.7,36.5,26.0,120.0,7.09,4.13,2015,5,10,5.833333333,0.0
2626,2674,David Johnson,RB,New Mexico,224,4.5,41.5,25.0,127.0,6.82,4.27,2015,6,1,6.083333333,0.0
2627,2675,Duke Johnson,RB,Miami (FL),207,4.54,33.5,0.0,121.0,0.0,0.0,2015,5,9,5.75,0.0
2628,2676,Kevin Johnson,CB,Wake Forest,188,4.52,41.5,0.0,130.0,6.79,3.89,2015,6,0,6.0,0.0
2629,2677,Will Johnson,P,Texas State,206,5.02,0.0,0.0,0.0,0.0,0.0,2015,6,2,6.166666667,0.0
2630,2678,Byron Jones,CB,Connecticut,199,4.43,44.5,0.0,147.0,6.78,3.94,2015,6,1,6.083333333,0.0
2631,2679,Chris Jones,WR,Alabama,182,4.63,32.5,8.0,119.0,6.91,4.19,2015,5,10,5.833333333,0.0
2632,2680,Matt Jones,RB,Florida,231,4.61,31.5,20.0,112.0,0.0,4.2,2015,6,2,6.166666667,0.0
2633,2681,Taiwan Jones,ILB,Michigan State,245,4.95,32.0,19.0,115.0,7.25,4.33,2015,6,3,6.25,0.0
2634,2682,"Mario Edwards, Jr.",DE,Florida State,279,4.76,32.5,32.0,120.0,7.44,4.55,2015,6,3,6.25,0.0
2635,2683,Eric Kendricks,ILB,UCLA,232,4.61,38.0,19.0,124.0,0.0,0.0,2015,6,0,6.0,0.0
2636,2684,Hau'oli Kikaha,OLB,Washington,253,4.93,0.0,0.0,0.0,0.0,0.0,2015,6,2,6.166666667,0.0
2637,2685,Arie Kouandjio,OG,Alabama,310,5.48,0.0,0.0,0.0,0.0,0.0,2015,6,5,6.416666667,0.0
2638,2686,Ben Koyack,TE,Notre Dame,255,4.79,0.0,0.0,0.0,0.0,0.0,2015,6,5,6.416666667,0.0
2639,2687,Tyler Kroft,TE,Rutgers,246,4.75,0.0,17.0,0.0,0.0,0.0,2015,6,5,6.416666667,0.0
2640,2688,Josh Lambo,K,Texas A&M,216,5.16,0.0,0.0,0.0,0.0,0.0,2015,6,0,6.0,0.0
2641,2689,Jeremy Langford,RB,Michigan State,208,4.42,34.5,0.0,118.0,7.22,4.32,2015,6,0,6.0,0.0
2642,2690,Dez Lewis,WR,Central Arkansas,214,4.58,33.5,16.0,119.0,7.11,4.28,2015,6,4,6.333333333,0.0
2643,2691,Tony Lippett,WR,Michigan State,192,4.61,36.0,10.0,114.0,6.92,4.13,2015,6,2,6.166666667,0.0
2644,2692,Tyler Lockett,WR,Kansas State,182,4.4,35.5,0.0,121.0,6.89,4.07,2015,5,10,5.833333333,0.0
2645,2693,Deon Long,WR,Maryland,192,4.51,34.0,12.0,120.0,6.98,4.27,2015,6,0,6.0,0.0
2646,2694,Kyle Loomis,P,Portland State,221,5.08,0.0,0.0,0.0,0.0,0.0,2015,6,2,6.166666667,0.0
2647,2695,Derrick Lott,DT,Tenn-Chattanooga,314,4.99,26.5,30.0,106.0,7.3,4.44,2015,6,4,6.333333333,0.0
2648,2696,Jerry Lovelocke,QB,Prairie View,248,4.99,31.5,0.0,113.0,7.3,4.51,2015,6,4,6.333333333,0.0
2649,2697,Donatella Luckett,WR,Harding,211,4.4,34.0,17.0,118.0,7.51,4.5,2015,6,0,6.0,0.0
2650,2698,Terrence Magee,RB,LSU,213,4.62,37.0,22.0,115.0,7.52,4.37,2015,5,8,5.666666667,0.0
2651,2699,Craig Mager,CB,Texas State,201,4.44,38.0,17.0,130.0,6.83,4.07,2015,5,11,5.916666667,0.0
2652,2700,Greg Mancz,C,Toledo,301,5.08,0.0,0.0,0.0,0.0,0.0,2015,6,4,6.333333333,0.0
2653,2701,Sean Mannion,QB,Oregon State,229,5.14,31.0,0.0,105.0,7.29,4.39,2015,6,6,6.5,0.0
2654,2702,Justin Manton,K,La-Monroe,196,4.93,0.0,0.0,0.0,0.0,0.0,2015,6,3,6.25,0.0
2655,2703,Marcus Mariota,QB,Oregon,222,4.52,36.0,0.0,121.0,6.87,4.11,2015,6,4,6.333333333,0.0
2656,2705,Dean Marlowe,S,James Madison,203,4.58,33.5,16.0,114.0,7.0,4.18,2015,6,1,6.083333333,0.0
2657,2706,Ali Marpet,OG,Hobart & William Smith,307,4.98,30.5,30.0,108.0,7.33,4.47,2015,6,4,6.333333333,0.0
2658,2707,Nick Marshall,CB,Auburn,207,4.54,37.5,12.0,124.0,6.96,4.15,2015,6,1,6.083333333,0.0
2659,2708,Josue Matias,OG,Florida State,309,5.52,17.5,0.0,84.0,8.19,5.12,2015,6,5,6.416666667,0.0
2660,2709,Lorenzo Mauldin,OLB,Louisville,259,4.85,32.0,23.0,112.0,7.47,4.58,2015,6,4,6.333333333,0.0
2661,2710,Vince Mayle,WR,Washington State,224,4.67,35.5,0.0,117.0,6.93,4.13,2015,6,2,6.166666667,0.0
2662,2711,Joey Mbu,DT,Houston,313,5.54,22.5,0.0,97.0,8.2,5.01,2015,6,3,6.25,0.0
2663,2712,Tre McBride,WR,William & Mary,210,4.41,38.0,16.0,122.0,6.96,4.08,2015,6,0,6.0,0.0
2664,2713,Bobby McCain,CB,Memphis,195,4.51,36.0,17.0,130.0,6.8,3.82,2015,5,9,5.75,0.0
2665,2714,Ellis McCarthy,DT,UCLA,338,5.21,32.0,24.0,109.0,8.16,5.07,2015,6,5,6.416666667,0.0
2666,2715,Tevin McDonald,S,East. Washington,195,4.63,33.0,19.0,112.0,7.01,4.26,2015,5,11,5.916666667,0.0
2667,2716,Benardrick McKinney,ILB,Mississippi State,246,4.66,40.5,16.0,121.0,7.21,4.27,2015,6,4,6.333333333,0.0
2668,2717,Darrian Miller,OT,Kentucky,307,5.51,25.0,0.0,97.0,7.91,4.87,2015,6,5,6.416666667,0.0
2669,2718,John Miller,OG,Louisville,303,5.33,27.0,29.0,104.0,8.2,4.75,2015,6,2,6.166666667,0.0
2670,2719,Ty Montgomery,WR,Stanford,221,4.55,40.5,0.0,121.0,6.97,4.21,2015,6,0,6.0,0.0
2671,2720,Mitch Morse,OG,Missouri,305,5.14,31.0,36.0,112.0,7.6,4.5,2015,6,5,6.416666667,0.0
2672,2721,Keith Mumphery,WR,Michigan State,215,4.54,32.5,0.0,121.0,7.07,4.25,2015,6,0,6.0,0.0
2673,2722,Marcus Murphy,RB,Missouri,198,4.61,29.0,11.0,109.0,0.0,4.4,2015,5,9,5.75,0.0
2674,2723,Robert Myers,OG,Tennessee State,326,5.44,27.5,0.0,94.0,8.1,4.91,2015,6,5,6.416666667,0.0
2675,2724,J.J. Nelson,WR,Ala-Birmingham,156,4.28,36.0,0.0,127.0,7.02,4.15,2015,5,10,5.833333333,0.0
2676,2725,Steven Nelson,CB,Oregon State,197,4.49,34.5,19.0,115.0,6.88,4.07,2015,5,10,5.833333333,0.0
2677,2726,Rakeem Nunez-Roches,DT,Southern Miss,307,5.02,34.0,26.0,114.0,7.67,4.69,2015,6,2,6.166666667,0.0
2678,2727,Mark Nzeocha,OLB,Wyoming,232,4.56,0.0,24.0,0.0,0.0,0.0,2015,6,2,6.166666667,0.0
2679,2728,Nick O'Leary,TE,Florida State,252,4.93,30.5,21.0,110.0,7.4,4.5,2015,6,3,6.25,0.0
2680,2729,Owamagbe Odighizuwa,DE,UCLA,267,4.62,39.0,25.0,127.0,7.36,4.19,2015,6,3,6.25,0.0
2681,2730,Cedric Ogbuehi,OT,Texas A&M,306,4.98,0.0,23.0,0.0,0.0,0.0,2015,6,5,6.416666667,0.0
2682,2731,Nate Orchard,DE,Utah,250,4.8,31.5,0.0,115.0,7.28,4.43,2015,6,3,6.25,0.0
2683,2732,Leon Orr,DT,Florida,323,5.16,28.0,0.0,100.0,8.26,4.9,2015,6,5,6.416666667,0.0
2684,2733,Trevor Pardula,P,Kansas,227,5.12,0.0,0.0,0.0,0.0,0.0,2015,6,4,6.333333333,0.0
2685,2734,DeVante Parker,WR,Louisville,209,4.45,36.5,17.0,125.0,0.0,0.0,2015,6,3,6.25,0.0
2686,2735,David Parry,DT,Stanford,308,5.38,29.0,34.0,103.0,0.0,0.0,2015,6,1,6.083333333,0.0
2687,2736,Andrus Peat,OT,Stanford,313,5.18,31.0,0.0,105.0,8.01,4.62,2015,6,7,6.583333333,0.0
2688,2737,Breshad Perriman,WR,Central Florida,212,0.0,0.0,0.0,0.0,0.0,0.0,2015,6,2,6.166666667,0.0
2689,2738,Denzel Perryman,ILB,Miami (FL),236,4.78,32.0,27.0,113.0,0.0,0.0,2015,5,11,5.916666667,0.0
2690,2739,Garry Peters,CB,Clemson,191,4.61,32.5,7.0,119.0,6.8,4.0,2015,6,0,6.0,0.0
2691,2740,Marcus Peters,CB,Washington,197,4.53,37.5,17.0,121.0,7.08,4.08,2015,6,0,6.0,0.0
2692,2741,Bryce Petty,QB,Baylor,230,4.87,34.0,0.0,121.0,6.91,4.13,2015,6,3,6.25,0.0
2693,2742,Jordan Phillips,DT,Oklahoma,329,5.17,30.0,28.0,105.0,7.88,4.68,2015,6,5,6.416666667,0.0
2694,2743,Darius Philon,DT,Arkansas,298,5.0,31.0,26.0,107.0,8.0,0.0,2015,6,1,6.083333333,0.0
2695,2744,Bradley Pinion,P,Clemson,229,5.18,0.0,0.0,0.0,0.0,0.0,2015,6,5,6.416666667,0.0
2696,2745,Terry Poole,OT,San Diego State,307,5.09,31.0,25.0,113.0,7.9,4.66,2015,6,5,6.416666667,0.0
2697,2746,Jeremiah Poutasi,OG,Utah,335,5.32,26.5,26.0,95.0,8.09,4.89,2015,6,5,6.416666667,0.0
2698,2747,Cody Prewitt,S,Mississippi,208,4.6,35.0,11.0,125.0,7.12,4.23,2015,6,2,6.166666667,0.0
2699,2748,MyCole Pruitt,TE,Southern Illinois,251,4.58,38.0,17.0,118.0,7.25,4.37,2015,6,2,6.166666667,0.0
2700,2749,Hayes Pullard,ILB,USC,240,4.78,31.0,19.0,110.0,7.07,4.39,2015,6,0,6.0,0.0
2701,2750,Damarious Randall,S,Arizona State,196,4.46,38.0,14.0,120.0,6.83,4.07,2015,5,11,5.916666667,0.0
2702,2751,Thomas Rawls,RB,Central Michigan,215,4.65,35.5,15.0,116.0,0.0,0.0,2015,5,9,5.75,0.0
2703,2752,Shane Ray,DE,Missouri,245,4.68,0.0,21.0,0.0,0.0,0.0,2015,6,3,6.25,0.0
2704,2753,Cedric Reed,DE,Texas,269,4.89,0.0,22.0,0.0,0.0,0.0,2015,6,5,6.416666667,0.0
2705,2754,Jordan Richards,S,Stanford,211,4.65,32.0,13.0,111.0,6.74,4.22,2015,5,11,5.916666667,0.0
2706,2756,Bobby Richardson,DT,Indiana,283,5.16,32.5,0.0,106.0,7.57,4.41,2015,6,3,6.25,0.0
2707,2757,Jared Roberts,K,Colorado State,210,5.02,0.0,0.0,0.0,0.0,0.0,2015,6,0,6.0,0.0
2708,2758,Corey Robinson,OT,South Carolina,324,5.34,0.0,28.0,0.0,0.0,0.0,2015,6,7,6.583333333,0.0
2709,2759,Edmond Robinson,OLB,Newberry,245,4.61,37.0,20.0,121.0,7.49,4.38,2015,6,3,6.25,0.0
2710,2760,Josh Robinson,RB,Mississippi State,217,4.7,32.0,21.0,113.0,0.0,0.0,2015,5,8,5.666666667,0.0
2711,2761,Quinten Rollins,CB,Miami (OH),195,4.57,36.5,14.0,122.0,7.1,4.28,2015,5,11,5.916666667,0.0
2712,2762,Spencer Roth,P,Baylor,227,5.06,0.0,0.0,0.0,0.0,0.0,2015,6,4,6.333333333,0.0
2713,2763,Eric Rowe,CB,Utah,205,4.45,39.0,19.0,125.0,6.7,3.97,2015,6,1,6.083333333,0.0
2714,2764,Ezell Ruffin,WR,San Diego State,218,4.68,27.5,17.0,110.0,7.35,4.58,2015,6,0,6.0,0.0
2715,2765,Ryan Russell,DE,Purdue,269,4.75,32.5,25.0,119.0,7.25,4.47,2015,6,4,6.333333333,0.0
2716,2766,Jake Ryan,OLB,Michigan,240,4.65,34.5,20.0,120.0,7.11,4.2,2015,6,2,6.166666667,0.0
2717,2767,Ty Sambrailo,OT,Colorado State,311,5.36,29.0,23.0,97.0,7.54,4.58,2015,6,6,6.5,0.0
2718,2768,James Sample,S,Louisville,209,4.56,32.5,0.0,123.0,7.04,0.0,2015,6,2,6.166666667,0.0
2719,2769,Wes Saxton,TE,South Alabama,248,4.65,36.0,0.0,119.0,7.29,4.49,2015,6,3,6.25,0.0
2720,2770,Brandon Scherff,OT,Iowa,319,5.05,0.0,23.0,0.0,0.0,0.0,2015,6,5,6.416666667,0.0
2721,2771,Ross Scheuerman,WR,Lafayette,204,4.62,33.0,15.0,121.0,7.08,4.11,2015,6,0,6.0,0.0
2722,2772,Josh Shaw,CB,USC,201,4.44,37.5,26.0,130.0,7.01,4.12,2015,6,0,6.0,0.0
2723,2773,Adam Shead,OG,Oklahoma,338,5.74,0.0,26.0,0.0,0.0,0.0,2015,6,4,6.333333333,0.0
2724,2774,Danny Shelton,DT,Washington,339,5.64,30.5,34.0,95.0,7.99,4.65,2015,6,2,6.166666667,0.0
2725,2775,Austin Shepherd,OT,Alabama,315,5.39,29.0,17.0,94.0,8.04,4.7,2015,6,4,6.333333333,0.0
2726,2776,JaCorey Shepherd,CB,Kansas,199,4.62,0.0,14.0,0.0,0.0,0.0,2015,5,11,5.916666667,0.0
2727,2777,Jean Sifrin,TE,Massachusetts,245,4.84,33.0,0.0,114.0,7.5,4.6,2015,6,5,6.416666667,0.0
2728,2778,Deon Simon,DT,NW State (LA),321,5.12,29.5,35.0,105.0,7.92,4.76,2015,6,4,6.333333333,0.0
2729,2779,Blake Sims,QB,Alabama,218,4.57,30.5,0.0,115.0,0.0,0.0,2015,5,11,5.916666667,0.0
2730,2780,DeAndre Smelter,WR,Georgia Tech,226,4.52,0.0,0.0,0.0,0.0,0.0,2015,6,2,6.166666667,0.0
2731,2781,Devin Smith,WR,Ohio State,196,4.42,39.0,10.0,122.0,0.0,4.15,2015,6,0,6.0,0.0
2732,2782,Derron Smith,S,Fresno State,200,4.61,0.0,0.0,0.0,0.0,0.0,2015,5,10,5.833333333,0.0
2733,2783,D'Joun Smith,CB,Florida Atlantic,187,4.37,36.0,18.0,124.0,6.96,4.26,2015,5,10,5.833333333,0.0
2734,2784,Donovan Smith,OT,Penn State,338,5.27,32.0,26.0,109.0,7.95,4.79,2015,6,6,6.5,0.0
2735,2785,Preston Smith,DE,Mississippi State,271,4.74,34.0,24.0,121.0,7.07,4.28,2015,6,5,6.416666667,0.0
2736,2786,Tye Smith,CB,Towson,195,4.6,36.5,15.0,124.0,6.97,3.96,2015,6,0,6.0,0.0
2737,2787,Za'Darius Smith,DE,Kentucky,274,4.83,29.0,23.0,113.0,7.42,4.66,2015,6,4,6.333333333,0.0
2738,2788,Martrell Spaight,ILB,Arkansas,236,4.81,35.0,25.0,120.0,7.66,0.0,2015,6,0,6.0,0.0
2739,2789,Jaelen Strong,WR,Arizona State,217,4.44,42.0,0.0,123.0,0.0,0.0,2015,6,2,6.166666667,0.0
2740,2790,J.T. Surratt,DT,South Carolina,304,5.19,30.0,29.0,106.0,7.78,4.71,2015,6,1,6.083333333,0.0
2741,2791,Damian Swann,CB,Georgia,189,4.5,33.0,0.0,118.0,0.0,0.0,2015,6,0,6.0,0.0
2742,2792,Jaquiski Tartt,S,Samford,221,4.53,0.0,0.0,124.0,0.0,0.0,2015,6,1,6.083333333,0.0
2743,2793,J.R. Tavai,OLB,USC,249,4.91,30.5,20.0,112.0,0.0,0.0,2015,6,2,6.166666667,0.0
2744,2794,Randall Telfer,TE,USC,250,4.83,0.0,20.0,0.0,0.0,0.0,2015,6,4,6.333333333,0.0
2745,2795,Shaq Thompson,OLB,Washington,228,4.64,33.5,0.0,117.0,6.99,4.08,2015,6,0,6.0,0.0
2746,2796,Tyrus Thompson,OT,Oklahoma,324,5.35,29.0,29.0,97.0,0.0,4.92,2015,6,5,6.416666667,0.0
2747,2797,Eric Tomlinson,TE,Texas-El Paso,263,4.98,30.5,19.0,110.0,7.46,4.54,2015,6,6,6.5,0.0
2748,2798,Laken Tomlinson,OG,Duke,323,5.33,31.5,25.0,103.0,8.17,4.87,2015,6,3,6.25,0.0
2749,2799,Lynden Trail,DE,Norfolk State,269,4.91,32.5,24.0,117.0,7.32,4.48,2015,6,7,6.583333333,0.0
2750,2800,Louis Trinca-Pasat,DT,Iowa,290,4.96,32.0,0.0,105.0,7.4,4.3,2015,6,1,6.083333333,0.0
2751,2801,Davis Tull,OLB,Tenn-Chattanooga,246,4.57,42.5,26.0,132.0,0.0,0.0,2015,6,2,6.166666667,0.0
2752,2802,Max Valles,OLB,Virginia,251,4.83,36.5,0.0,121.0,7.59,4.37,2015,6,5,6.416666667,0.0
2753,2803,Tyler Varga,FB,Yale,222,4.69,0.0,23.0,0.0,0.0,0.0,2015,5,11,5.916666667,0.0
2754,2804,Zack Wagenmann,DE,Montana,247,4.81,37.5,14.0,109.0,7.07,4.26,2015,6,3,6.25,0.0
2755,2805,Clive Walford,TE,Miami (FL),251,4.79,35.0,20.0,120.0,7.32,4.57,2015,6,4,6.333333333,0.0
2756,2807,Darren Waller,WR,Georgia Tech,238,4.46,37.0,12.0,125.0,7.07,4.25,2015,6,6,6.5,0.0
2757,2808,Leterrius Walton,DT,Central Michigan,319,5.25,27.0,25.0,103.0,7.91,4.78,2015,6,5,6.416666667,0.0
2758,2809,Tony Washington,OLB,Oregon,247,4.99,32.5,17.0,110.0,7.2,4.31,2015,6,4,6.333333333,0.0
2759,2810,Trae Waynes,CB,Michigan State,186,4.31,38.0,19.0,122.0,7.06,4.39,2015,6,0,6.0,0.0
2760,2811,DeAndrew White,WR,Alabama,193,4.44,34.5,0.0,118.0,6.97,4.18,2015,5,11,5.916666667,0.0
2761,2812,Kevin White,WR,West Virginia,215,4.35,36.5,23.0,123.0,6.92,4.14,2015,6,3,6.25,0.0
2762,2813,Kevin White,CB,TCU,183,4.63,35.5,18.0,121.0,0.0,0.0,2015,5,9,5.75,0.0
2763,2814,Jermaine Whitehead,S,Auburn,197,4.59,37.0,15.0,128.0,6.95,4.11,2015,5,11,5.916666667,0.0
2764,2815,Daryl Williams,OT,Oklahoma,327,5.34,26.0,27.0,97.0,0.0,5.15,2015,6,5,6.416666667,0.0
2765,2816,Karlos Williams,RB,Florida State,230,4.48,33.5,16.0,117.0,7.16,4.46,2015,6,1,6.083333333,0.0
2766,2817,Leonard Williams,DT,USC,302,4.97,29.5,0.0,106.0,7.59,4.53,2015,6,5,6.416666667,0.0
2767,2818,Maxx Williams,TE,Minnesota,249,4.78,34.5,17.0,117.0,7.3,4.37,2015,6,4,6.333333333,0.0
2768,2819,P.J. Williams,CB,Florida State,194,4.57,40.0,12.0,132.0,7.08,4.28,2015,6,0,6.0,0.0
2769,2820,Trey Williams,RB,Texas A&M,195,4.49,33.5,18.0,119.0,6.84,4.12,2015,5,7,5.583333333,0.0
2770,2821,Damien Wilson,ILB,Minnesota,245,4.77,37.0,22.0,119.0,7.21,4.2,2015,6,0,6.0,0.0
2771,2822,Julian Wilson,CB,Oklahoma,205,4.58,36.0,0.0,125.0,6.94,4.22,2015,6,2,6.166666667,0.0
2772,2823,Ramik Wilson,ILB,Georgia,237,4.77,35.0,23.0,111.0,0.0,4.51,2015,6,2,6.166666667,0.0
2773,2824,Jameis Winston,QB,Florida State,231,4.97,28.5,0.0,103.0,7.16,4.36,2015,6,4,6.333333333,0.0
2774,2825,Cam Worthy,WR,East Carolina,211,4.59,0.0,12.0,0.0,0.0,0.0,2015,6,2,6.166666667,0.0
2775,2826,Gabe Wright,DT,Auburn,300,5.07,26.5,34.0,100.0,7.73,4.56,2015,6,3,6.25,0.0
2776,2827,T.J. Yeldon,RB,Alabama,226,4.61,36.0,22.0,117.0,7.19,4.22,2015,6,1,6.083333333,0.0
2777,2828,Zach Zenner,FB,South Dakota State,223,4.6,41.0,25.0,121.0,7.08,4.14,2015,5,11,5.916666667,0.0
2778,2829,Jared Abbrederis,WR,Wisconsin,195,4.5,30.5,4.0,117.0,6.8,4.08,2014,6,1,6.083333333,0.0
2779,2830,Davante Adams,WR,Fresno State,212,4.56,39.5,14.0,123.0,6.82,4.3,2014,6,1,6.083333333,0.0
2780,2831,Mo Alexander,S,Utah State,220,4.5,38.0,0.0,123.0,7.05,4.51,2014,6,1,6.083333333,0.0
2781,2832,Ricardo Allen,CB,Purdue,187,4.61,35.5,13.0,117.0,0.0,4.15,2014,5,9,5.75,0.0
2782,2833,Jace Amaro,TE,Texas Tech,265,4.74,33.0,28.0,118.0,7.42,4.3,2014,6,5,6.416666667,0.0
2783,2834,Antonio Andrews,RB,Western Kentucky,225,4.82,29.5,20.0,106.0,7.24,4.49,2014,5,10,5.833333333,0.0
2784,2835,Dri Archer,WR,Kent State,173,4.26,38.0,20.0,122.0,6.86,4.06,2014,5,8,5.666666667,0.0
2785,2836,Matt Armstrong,C,Grand Valley State,302,5.18,0.0,0.0,0.0,0.0,0.0,2014,6,2,6.166666667,0.0
2786,2837,George Atkinson,RB,Notre Dame,218,4.48,38.0,19.0,121.0,7.07,4.46,2014,6,1,6.083333333,0.0
2787,2838,Jeremiah Attaochu,OLB,Georgia Tech,252,0.0,0.0,0.0,0.0,0.0,0.0,2014,6,3,6.25,0.0
2788,2839,Dion Bailey,S,USC,201,4.66,34.0,0.0,113.0,6.97,4.15,2014,6,0,6.0,0.0
2789,2840,Anthony Barr,OLB,UCLA,255,4.66,34.5,15.0,119.0,6.82,4.19,2014,6,5,6.416666667,0.0
2790,2841,Lamin Barrow,ILB,LSU,237,4.64,35.0,22.0,123.0,7.24,4.35,2014,6,1,6.083333333,0.0
2791,2842,Deion Belue,CB,Alabama,182,4.48,0.0,11.0,0.0,0.0,0.0,2014,5,11,5.916666667,0.0
2792,2843,Kelvin Benjamin,WR,Florida State,240,4.61,32.5,13.0,119.0,7.33,4.39,2014,6,5,6.416666667,0.0
2793,2844,Bene' Benwikere,CB,San Jose State,195,4.59,40.5,10.0,122.0,6.94,4.38,2014,5,11,5.916666667,0.0
2794,2845,Nat Berhe,S,San Diego State,193,4.71,35.5,15.0,117.0,7.08,4.22,2014,5,10,5.833333333,0.0
2795,2846,Kapri Bibbs,RB,Colorado State,212,4.67,29.0,24.0,106.0,0.0,0.0,2014,5,9,5.75,0.0
2796,2847,Joel Bitonio,OG,Nevada,302,4.92,32.0,22.0,114.0,7.37,4.44,2014,6,4,6.333333333,0.0
2797,2848,Rob Blanchflower,TE,Massachusetts,256,4.82,0.0,0.0,0.0,0.0,0.0,2014,6,4,6.333333333,0.0
2798,2849,Alfred Blue,RB,LSU,223,4.63,32.0,13.0,121.0,7.15,4.5,2014,6,2,6.166666667,0.0
2799,2850,Russell Bodine,OG,North Carolina,310,5.18,29.0,42.0,109.0,8.26,4.66,2014,6,3,6.25,0.0
2800,2851,Conor Boffeli,OG,Iowa,298,5.3,25.0,21.0,101.0,7.44,4.61,2014,6,4,6.333333333,0.0
2801,2852,Chris Borland,ILB,Wisconsin,248,4.83,31.0,27.0,114.0,7.18,4.27,2014,5,11,5.916666667,0.0
2802,2853,Blake Bortles,QB,Central Florida,232,4.93,32.5,0.0,115.0,7.08,4.21,2014,6,5,6.416666667,0.0
2803,2854,Tre Boston,S,North Carolina,204,4.58,35.0,18.0,116.0,7.04,4.31,2014,6,0,6.0,0.0
2804,2855,Chris Boswell,K,Rice,185,4.93,0.0,0.0,0.0,0.0,0.0,2014,6,2,6.166666667,0.0
2805,2856,Chris Boyd,WR,Vanderbilt,206,4.73,0.0,12.0,0.0,0.0,0.0,2014,6,4,6.333333333,0.0
2806,2857,Tajh Boyd,QB,Clemson,222,4.84,30.5,0.0,106.0,7.33,4.23,2014,6,1,6.083333333,0.0
2807,2858,Carl Bradford,OLB,Arizona State,250,4.76,37.5,23.0,122.0,7.25,4.3,2014,6,1,6.083333333,0.0
2808,2859,Bashaud Breeland,CB,Clemson,197,4.62,34.5,11.0,123.0,7.04,4.33,2014,5,11,5.916666667,0.0
2809,2860,Teddy Bridgewater,QB,Louisville,214,0.0,30.0,0.0,113.0,7.17,4.2,2014,6,2,6.166666667,0.0
2810,2861,Justin Britt,OT,Missouri,325,5.19,27.5,23.0,100.0,8.14,4.69,2014,6,6,6.5,0.0
2811,2862,Jay Bromley,DT,Syracuse,306,5.06,33.5,26.0,106.0,7.92,4.78,2014,6,3,6.25,0.0
2812,2863,Terrence Brooks,S,Florida State,198,4.42,38.0,10.0,119.0,7.35,0.0,2014,5,11,5.916666667,0.0
2813,2864,Jonathan Brown,OLB,Illinois,238,5.03,31.0,16.0,108.0,7.77,4.56,2014,6,0,6.0,0.0
2814,2865,John Brown,WR,Pittsburg State,179,4.34,36.5,0.0,119.0,6.91,4.12,2014,5,10,5.833333333,0.0
2815,2866,Corey Brown,WR,Ohio State,178,4.51,33.0,0.0,116.0,7.16,4.22,2014,5,11,5.916666667,0.0
2816,2867,Preston Brown,ILB,Louisville,251,4.86,33.0,23.0,116.0,6.98,4.26,2014,6,1,6.083333333,0.0
2817,2868,Martavis Bryant,WR,Clemson,211,4.42,39.0,16.0,124.0,7.18,4.15,2014,6,4,6.333333333,0.0
2818,2869,Deone Bucannon,S,Washington State,211,4.49,36.5,19.0,125.0,6.96,4.26,2014,6,1,6.083333333,0.0
2819,2870,Max Bullough,ILB,Michigan State,249,4.78,31.0,30.0,112.0,7.22,4.3,2014,6,3,6.25,0.0
2820,2871,Isaiah Burse,WR,Fresno State,188,4.58,31.0,16.0,115.0,6.74,3.94,2014,5,10,5.833333333,0.0
2821,2872,Trey Burton,WR,Florida,224,4.62,30.0,0.0,112.0,7.14,4.32,2014,6,2,6.166666667,0.0
2822,2873,Michael Campanaro,WR,Wake Forest,192,4.46,39.0,20.0,122.0,6.77,4.01,2014,5,9,5.75,0.0
2823,2874,Ka'Deem Carey,RB,Arizona,207,4.69,32.5,19.0,115.0,7.08,4.38,2014,5,9,5.75,0.0
2824,2875,Derek Carr,QB,Fresno State,214,4.69,34.5,0.0,110.0,0.0,4.2,2014,6,2,6.166666667,0.0
2825,2876,Ryan Carrethers,DT,Arkansas State,337,5.47,26.0,32.0,88.0,7.89,4.6,2014,6,1,6.083333333,0.0
2826,2877,Travis Carrie,CB,Ohio,206,4.49,0.0,17.0,0.0,0.0,0.0,2014,6,0,6.0,0.0
2827,2878,Steven Clark,P,Auburn,231,5.18,0.0,0.0,0.0,0.0,0.0,2014,6,5,6.416666667,0.0
2828,2880,Will Clarke,DE,West Virginia,271,4.77,32.0,22.0,112.0,7.26,4.57,2014,6,6,6.5,0.0
2829,2881,Ha Ha Clinton-Dix,S,Alabama,208,4.58,33.0,11.0,119.0,7.16,4.16,2014,6,1,6.083333333,0.0
2830,2882,Jadeveon Clowney,DE,South Carolina,266,4.53,37.5,21.0,124.0,7.27,4.43,2014,6,5,6.416666667,0.0
2831,2883,Ross Cockrell,CB,Duke,191,4.56,36.5,10.0,122.0,7.28,4.32,2014,6,0,6.0,0.0
2832,2884,Brandon Coleman,WR,Rutgers,225,4.56,32.5,21.0,0.0,7.33,4.51,2014,6,6,6.5,0.0
2833,2885,Deandre Coleman,DT,California,314,5.12,0.0,24.0,0.0,0.0,0.0,2014,6,5,6.416666667,0.0
2834,2886,Kain Colter,WR,Northwestern,198,4.71,0.0,0.0,0.0,0.0,0.0,2014,5,10,5.833333333,0.0
2835,2887,Aaron Colvin,CB,Oklahoma,177,4.51,0.0,0.0,0.0,0.0,0.0,2014,5,11,5.916666667,0.0
2836,2888,Brandin Cooks,WR,Oregon State,189,4.33,36.0,16.0,120.0,6.76,3.81,2014,5,10,5.833333333,0.0
2837,2889,Damian Copeland,WR,Louisville,184,4.5,40.0,12.0,120.0,6.53,3.9,2014,5,11,5.916666667,0.0
2838,2890,J.C. Copeland,FB,LSU,271,4.95,28.5,23.0,111.0,7.68,4.58,2014,5,11,5.916666667,0.0
2839,2891,Tim Cornett,RB,UNLV,209,4.48,34.5,0.0,125.0,7.01,4.26,2014,6,0,6.0,0.0
2840,2892,Scott Crichton,DE,Oregon State,273,4.84,31.5,24.0,108.0,7.19,4.29,2014,6,3,6.25,0.0
2841,2893,Isaiah Crowell,RB,Arkansas,224,4.57,38.0,23.0,117.0,0.0,0.0,2014,5,11,5.916666667,0.0
2842,2894,Chris Davis,CB,Auburn,202,4.54,0.0,15.0,0.0,0.0,0.0,2014,5,10,5.833333333,0.0
2843,2895,Mike Davis,WR,Texas,197,4.52,0.0,10.0,0.0,0.0,0.0,2014,6,0,6.0,0.0
2844,2896,A.D. Denham,TE,Kansas,235,4.69,32.5,0.0,0.0,0.0,0.0,2014,6,4,6.333333333,0.0
2845,2897,Darqueze Dennard,CB,Michigan State,199,4.52,0.0,15.0,0.0,0.0,0.0,2014,5,11,5.916666667,0.0
2846,2898,Pierre Desir,CB,Lindenwood,198,4.59,35.0,11.0,133.0,6.86,4.3,2014,6,1,6.083333333,0.0
2847,2899,Ahmad Dixon,S,Baylor,212,4.64,32.0,14.0,111.0,7.55,4.5,2014,6,0,6.0,0.0
2848,2900,Brandon Dixon,CB,Northwest Missouri State,203,4.41,32.5,17.0,117.0,7.15,4.27,2014,5,11,5.916666667,0.0
2849,2901,Aaron Donald,DT,Pittsburgh,285,4.68,32.0,35.0,116.0,7.11,4.39,2014,6,1,6.083333333,0.0
2850,2902,Jonathan Dowling,S,Western Kentucky,190,4.52,33.5,8.0,118.0,7.04,4.24,2014,6,3,6.25,0.0
2851,2903,Dakota Dozier,OG,Furman,313,5.42,24.0,23.0,101.0,8.14,4.89,2014,6,4,6.333333333,0.0
2852,2904,Joe Don Duncan,TE,Dixie State,268,4.79,0.0,35.0,0.0,0.0,0.0,2014,6,3,6.25,0.0
2853,2905,Kony Ealy,DE,Missouri,273,4.92,31.0,22.0,114.0,6.83,4.45,2014,6,4,6.333333333,0.0
2854,2906,Dominique Easley,DT,Florida,288,4.93,0.0,26.0,0.0,0.0,0.0,2014,6,2,6.166666667,0.0
2855,2907,Eric Ebron,TE,North Carolina,250,4.6,32.0,24.0,120.0,0.0,0.0,2014,6,4,6.333333333,0.0
2856,2908,Kasim Edebali,OLB,Boston Col.,253,4.79,34.5,19.0,115.0,7.2,4.35,2014,6,2,6.166666667,0.0
2857,2909,Kadeem Edwards,OG,Tennessee State,313,5.25,27.0,26.0,99.0,7.95,4.82,2014,6,4,6.333333333,0.0
2858,2910,Bruce Ellington,WR,South Carolina,197,4.45,39.5,15.0,120.0,6.69,3.95,2014,5,9,5.75,0.0
2859,2911,Justin Ellis,DT,Louisiana Tech,334,5.27,28.0,25.0,92.0,7.81,4.75,2014,6,1,6.083333333,0.0
2860,2912,I.K. Enemkpali,DE,Louisiana Tech,261,4.86,34.0,28.0,112.0,7.67,4.65,2014,6,1,6.083333333,0.0
2861,2913,Quincy Enunwa,WR,Nebraska,225,4.41,0.0,19.0,0.0,0.0,0.0,2014,6,2,6.166666667,0.0
2862,2914,Mike Evans,WR,Texas A&M,231,4.53,37.0,12.0,0.0,7.08,4.26,2014,6,5,6.416666667,0.0
2863,2915,Shaquelle Evans,WR,UCLA,213,4.51,34.5,13.0,122.0,7.07,4.21,2014,6,1,6.083333333,0.0
2864,2916,Antone Exum,CB,Virginia Tech,213,4.59,35.0,17.0,117.0,7.05,4.13,2014,6,0,6.0,0.0
2865,2917,David Fales,QB,San Jose State,212,4.99,28.0,0.0,103.0,7.55,4.5,2014,6,2,6.166666667,0.0
2866,2918,Matt Feiler,OT,Bloomsburg,330,5.37,26.5,36.0,103.0,8.13,4.86,2014,6,6,6.5,0.0
2867,2919,Anthony Fera,K,Texas,211,4.85,0.0,0.0,0.0,0.0,0.0,2014,6,1,6.083333333,0.0
2868,2920,Ego Ferguson,DT,LSU,315,4.98,0.0,24.0,0.0,0.0,0.0,2014,6,3,6.25,0.0
2869,2921,C.J. Fiedorowicz,TE,Iowa,265,4.76,31.5,25.0,116.0,7.1,4.26,2014,6,5,6.416666667,0.0
2870,2922,Tim Flanders,RB,SMU,207,4.75,32.0,20.0,113.0,7.07,0.0,2014,5,9,5.75,0.0
2871,2923,Cameron Fleming,OT,Stanford,323,5.28,23.5,26.0,97.0,8.24,5.0,2014,6,5,6.416666667,0.0
2872,2924,David Fluellen,RB,Toledo,224,4.72,36.5,0.0,120.0,6.9,0.0,2014,5,11,5.916666667,0.0
2873,2925,Dee Ford,DE,Auburn,252,0.0,0.0,0.0,0.0,0.0,0.0,2014,6,2,6.166666667,0.0
2874,2926,Khairi Fortt,OLB,California,248,4.7,36.0,30.0,120.0,0.0,0.0,2014,6,2,6.166666667,0.0
2875,2927,Bennie Fowler,WR,Michigan State,217,4.52,36.0,0.0,126.0,7.06,4.18,2014,6,1,6.083333333,0.0
2876,2928,Austin Franklin,WR,New Mexico State,189,4.56,36.0,7.0,124.0,7.07,4.33,2014,5,11,5.916666667,0.0
2877,2929,Devonta Freeman,RB,Florida State,206,4.58,31.5,0.0,118.0,7.11,4.26,2014,5,8,5.666666667,0.0
2878,2931,Kyle Fuller,CB,Virginia Tech,190,4.49,38.5,12.0,128.0,6.9,4.19,2014,6,0,6.0,0.0
2879,2932,Zach Fulton,OG,Tennessee,316,5.16,24.5,25.0,98.0,7.87,5.16,2014,6,5,6.416666667,0.0
2880,2933,Tyler Gaffney,RB,Stanford,220,4.49,36.5,0.0,116.0,6.78,4.18,2014,5,11,5.916666667,0.0
2881,2934,E.J. Gaines,CB,Missouri,190,4.44,0.0,15.0,0.0,0.0,0.0,2014,5,10,5.833333333,0.0
2882,2935,Phillip Gaines,CB,Rice,193,4.38,36.5,11.0,122.0,6.62,4.04,2014,6,0,6.0,0.0
2883,2936,Jeremy Gallon,WR,Michigan,185,4.49,0.0,15.0,0.0,0.0,0.0,2014,5,7,5.583333333,0.0
2884,2937,Jimmy Garoppolo,QB,East. Illinois,226,4.97,30.5,0.0,110.0,7.04,4.26,2014,6,2,6.166666667,0.0
2885,2938,James Gayle,DE,Virginia Tech,259,4.7,37.0,26.0,122.0,7.19,4.27,2014,6,4,6.333333333,0.0
2886,2939,Jeremiah George,ILB,Iowa State,234,4.91,33.0,28.0,116.0,0.0,0.0,2014,5,11,5.916666667,0.0
2887,2940,Justin Gilbert,CB,Oklahoma State,202,4.37,35.5,20.0,126.0,6.92,0.0,2014,6,0,6.0,0.0
2888,2941,Crockett Gillmore,TE,Colorado State,260,4.89,33.5,0.0,120.0,7.42,4.44,2014,6,6,6.5,0.0
2889,2942,Demetri Goodson,CB,Baylor,194,4.52,37.0,11.0,123.0,6.8,4.34,2014,5,11,5.916666667,0.0
2890,2943,Ryan Grant,WR,Tulane,199,4.64,35.5,8.0,119.0,6.68,4.11,2014,6,0,6.0,0.0
2891,2944,Marion Grice,RB,Arizona State,208,4.67,0.0,0.0,0.0,0.0,0.0,2014,6,0,6.0,0.0
2892,2945,Xavier Grimble,TE,USC,257,4.76,26.5,0.0,113.0,0.0,0.0,2014,6,4,6.333333333,0.0
2893,2946,Ryan Groy,OG,Wisconsin,316,5.19,26.5,26.0,108.0,7.49,4.47,2014,6,5,6.416666667,0.0
2894,2947,Ra'Shede Hageman,DT,Minnesota,310,4.92,35.5,32.0,114.0,7.87,4.5,2014,6,6,6.5,0.0
2895,2948,Andre Hal,CB,Vanderbilt,188,4.5,35.5,15.0,119.0,7.14,4.27,2014,5,10,5.833333333,0.0
2896,2949,Jon Halapio,OG,Florida,323,5.34,21.5,0.0,100.0,8.26,4.83,2014,6,3,6.25,0.0
2897,2950,Victor Hampton,CB,South Carolina,197,4.69,33.5,20.0,118.0,7.01,4.2,2014,5,9,5.75,0.0
2898,2951,Jonotthan Harrison,C,Florida,304,5.15,27.0,27.0,113.0,7.97,4.86,2014,6,3,6.25,0.0
2899,2952,Taylor Hart,DE,Oregon,281,4.92,0.0,21.0,0.0,0.0,0.0,2014,6,6,6.5,0.0
2900,2953,Matt Hazel,WR,Coastal Carolina,198,4.5,36.5,15.0,118.0,7.08,4.2,2014,6,1,6.083333333,0.0
2901,2954,Marcus Heit,LS,Kansas State,258,4.91,29.0,0.0,115.0,0.0,0.0,2014,6,3,6.25,0.0
2902,2955,Seantrel Henderson,OT,Miami (FL),331,5.04,24.0,0.0,95.0,8.15,4.77,2014,6,7,6.583333333,0.0
2903,2956,Robert Herron,WR,Wyoming,193,4.48,35.5,18.0,125.0,6.84,4.27,2014,5,9,5.75,0.0
2904,2957,Ryan Hewitt,FB,Stanford,246,4.87,33.0,0.0,109.0,7.04,4.35,2014,6,4,6.333333333,0.0
2905,2958,Jeremy Hill,RB,LSU,233,4.56,29.0,20.0,113.0,0.0,0.0,2014,6,1,6.083333333,0.0
2906,2959,Anthony Hitchens,OLB,Iowa,240,4.74,31.5,23.0,116.0,7.15,4.45,2014,6,0,6.0,0.0
2907,2960,Zach Hocker,K,Arkansas,189,4.9,0.0,0.0,0.0,0.0,0.0,2014,6,0,6.0,0.0
2908,2961,Cody Hoffman,WR,BYU,223,4.65,27.5,13.0,108.0,6.89,4.2,2014,6,4,6.333333333,0.0
2909,2962,Tom Hornsey,P,Memphis,221,5.05,0.0,0.0,0.0,0.0,0.0,2014,6,3,6.25,0.0
2910,2963,Adrian Hubbard,OLB,Alabama,257,4.69,38.5,0.0,117.0,0.0,0.0,2014,6,6,6.5,0.0
2911,2964,Josh Huff,WR,Oregon,206,4.51,35.5,14.0,116.0,0.0,0.0,2014,5,11,5.916666667,0.0
2912,2965,Marqueston Huff,S,Wyoming,196,4.49,35.5,15.0,118.0,7.26,4.19,2014,5,11,5.916666667,0.0
2913,2966,Allen Hurns,WR,Miami (FL),198,4.55,31.0,14.0,120.0,7.23,4.5,2014,6,1,6.083333333,0.0
2914,2967,James Hurst,OT,North Carolina,296,5.59,0.0,0.0,0.0,0.0,0.0,2014,6,5,6.416666667,0.0
2915,2968,Carlos Hyde,RB,Ohio State,230,4.62,34.5,19.0,114.0,0.0,0.0,2014,6,0,6.0,0.0
2916,2969,Kerry Hyder,DT,Texas Tech,290,5.1,29.5,20.0,108.0,7.23,4.33,2014,6,2,6.166666667,0.0
2917,2970,Louis Nix III,DT,Notre Dame,331,5.32,25.5,0.0,97.0,8.29,4.94,2014,6,2,6.166666667,0.0
2918,2971,Gabe Ikard,C,Oklahoma,304,5.13,26.0,22.0,103.0,7.3,4.37,2014,6,4,6.333333333,0.0
2919,2972,Andrew Jackson,ILB,Western Kentucky,254,4.9,0.0,0.0,0.0,0.0,0.0,2014,6,1,6.083333333,0.0
2920,2973,Bennett Jackson,CB,Notre Dame,195,4.51,38.0,13.0,128.0,6.75,4.0,2014,6,0,6.0,0.0
2921,2974,Gabe Jackson,OG,Mississippi State,336,5.34,29.0,30.0,108.0,8.25,4.78,2014,6,3,6.25,0.0
2922,2975,Nic Jacobs,TE,McNeese State,269,4.89,0.0,15.0,0.0,0.0,0.0,2014,6,5,6.416666667,0.0
2923,2976,Ja'Wuan James,OT,Tennessee,311,5.26,29.0,22.0,103.0,7.42,4.56,2014,6,6,6.5,0.0
2924,2977,Kendall James,CB,Maine,180,4.44,39.0,9.0,0.0,6.81,4.19,2014,5,10,5.833333333,0.0
2925,2978,Jeff Janis,WR,Saginaw Valley State,219,4.42,37.5,20.0,123.0,6.64,3.98,2014,6,3,6.25,0.0
2926,2979,Stanley Jean-Baptiste,CB,Nebraska,218,4.61,41.5,13.0,128.0,0.0,4.33,2014,6,3,6.25,0.0
2927,2980,Jackson Jeffcoat,DE,Texas,247,4.63,36.0,18.0,123.0,6.97,4.18,2014,6,3,6.25,0.0
2928,2982,Marcel Jensen,TE,Fresno State,259,4.85,35.0,24.0,115.0,7.38,4.6,2014,6,6,6.5,0.0
2929,2983,Timmy Jernigan,DT,Florida State,299,5.06,29.5,27.0,102.0,0.0,4.83,2014,6,2,6.166666667,0.0
2930,2984,Anthony Johnson,DT,LSU,308,5.24,24.5,20.0,102.0,7.93,4.83,2014,6,2,6.166666667,0.0
2931,2985,Dontae Johnson,CB,North Carolina State,200,4.41,38.5,12.0,124.0,6.82,4.24,2014,6,2,6.166666667,0.0
2932,2986,Storm Johnson,RB,Central Florida,209,4.6,35.5,16.0,118.0,0.0,0.0,2014,6,0,6.0,0.0
2933,2987,Wesley Johnson,C,Vanderbilt,297,5.11,29.0,26.0,111.0,7.4,4.64,2014,6,5,6.416666667,0.0
2934,2988,Christian Jones,OLB,Florida State,240,4.68,33.5,0.0,115.0,0.0,0.0,2014,6,3,6.25,0.0
2935,2989,DaQuan Jones,DT,Penn State,322,5.35,27.5,25.0,101.0,7.73,4.78,2014,6,4,6.333333333,0.0
2936,2990,Howard Jones,OLB,Shepherd,235,4.6,40.5,21.0,124.0,7.16,4.41,2014,6,2,6.166666667,0.0
2937,2991,T.J. Jones,WR,Notre Dame,188,4.46,33.0,0.0,119.0,6.82,4.27,2014,6,0,6.0,0.0
2938,2992,Reggie Jordan,FB,Missouri Western State,240,4.77,30.0,24.0,116.0,7.22,4.3,2014,6,3,6.25,0.0
2939,2993,Henry Josey,RB,Missouri,194,4.43,34.5,20.0,118.0,7.07,4.13,2014,5,8,5.666666667,0.0
2940,2994,Lamarcus Joyner,CB,Florida State,184,4.55,37.5,14.0,124.0,7.26,4.4,2014,5,8,5.666666667,0.0
2941,2995,"Odell Beckham, Jr.",WR,LSU,198,4.38,38.5,7.0,122.0,6.69,3.94,2014,5,11,5.916666667,0.0
2942,2996,"James Wilder, Jr.",RB,Florida State,232,4.65,35.0,18.0,121.0,6.92,4.24,2014,6,3,6.25,0.0
2943,2997,Devon Kennard,OLB,USC,249,4.7,30.0,23.0,113.0,7.25,4.32,2014,6,3,6.25,0.0
2944,2998,Zach Kerr,DT,Tennessee,326,5.06,28.5,28.0,99.0,7.93,4.71,2014,6,1,6.083333333,0.0
2945,2999,Christian Kirksey,OLB,Iowa,233,4.72,32.0,16.0,122.0,0.0,0.0,2014,6,2,6.166666667,0.0
2946,3000,Cyrus Kouandjio,OT,Alabama,322,5.59,27.5,21.0,96.0,7.71,4.84,2014,6,7,6.583333333,0.0
2947,3001,Kenny Ladler,S,Vanderbilt,207,4.7,36.5,24.0,127.0,0.0,0.0,2014,6,0,6.0,0.0
2948,3002,Jarvis Landry,WR,LSU,205,4.65,28.5,12.0,110.0,0.0,0.0,2014,5,11,5.916666667,0.0
2949,3003,Tyler Larsen,C,Utah State,313,5.17,23.5,36.0,102.0,8.22,4.7,2014,6,4,6.333333333,0.0
2950,3004,Cody Latimer,WR,Indiana,215,4.52,0.0,23.0,0.0,0.0,0.0,2014,6,2,6.166666667,0.0
2951,3005,Demarcus Lawrence,DE,Boise State,251,4.8,34.5,20.0,113.0,7.46,4.31,2014,6,3,6.25,0.0
2952,3006,Nevin Lawson,CB,Utah State,190,4.48,33.0,16.0,120.0,7.12,4.4,2014,5,9,5.75,0.0
2953,3007,Marqise Lee,WR,USC,192,4.52,38.0,0.0,127.0,0.0,4.01,2014,6,0,6.0,0.0
2954,3008,Charles Leno,OG,Boise State,303,5.25,29.0,21.0,108.0,7.57,4.4,2014,6,4,6.333333333,0.0
2955,3009,A.C. Leonard,TE,Tennessee State,252,4.5,34.0,20.0,128.0,0.0,0.0,2014,6,2,6.166666667,0.0
2956,3010,Richie Leone,P,Houston,211,5.1,0.0,0.0,0.0,0.0,0.0,2014,6,3,6.25,0.0
2957,3011,Taylor Lewan,OT,Michigan,309,4.87,30.5,29.0,117.0,7.39,4.49,2014,6,7,6.583333333,0.0
2958,3012,Isaiah Lewis,S,Michigan State,211,4.6,36.5,15.0,122.0,7.05,4.47,2014,5,10,5.833333333,0.0
2959,3013,Brandon Linder,OG,Miami (FL),311,5.35,26.5,30.0,100.0,0.0,0.0,2014,6,6,6.5,0.0
2960,3014,Corey Linsley,C,Ohio State,296,5.24,27.0,36.0,0.0,0.0,0.0,2014,6,3,6.25,0.0
2961,3015,Boseko Lokombo,OLB,Oregon,225,4.66,0.0,0.0,122.0,7.15,4.3,2014,6,2,6.166666667,0.0
2962,3016,Spencer Long,OG,Nebraska,320,5.16,0.0,0.0,0.0,0.0,0.0,2014,6,5,6.416666667,0.0
2963,3017,Craig Loston,S,LSU,217,4.65,32.5,12.0,119.0,7.15,4.35,2014,6,1,6.083333333,0.0
2964,3018,Cornelius Lucas,OT,Kansas State,316,5.29,0.0,0.0,0.0,0.0,0.0,2014,6,8,6.666666667,0.0
2965,3019,Marcus Lucas,WR,Missouri,218,4.6,36.0,20.0,124.0,7.07,4.25,2014,6,4,6.333333333,0.0
2966,3020,Colt Lyerla,TE,Oregon,242,4.61,39.0,15.0,128.0,0.0,0.0,2014,6,4,6.333333333,0.0
2967,3021,Aaron Lynch,DE,South Florida,249,4.76,0.0,18.0,0.0,0.0,0.0,2014,6,5,6.416666667,0.0
2968,3022,Arthur Lynch,TE,Georgia,258,4.82,29.5,28.0,116.0,7.38,4.35,2014,6,5,6.416666667,0.0
2969,3023,Jordan Lynch,QB,Northern Illinois,217,4.76,29.5,0.0,109.0,6.55,4.2,2014,6,0,6.0,0.0
2970,3024,Khalil Mack,OLB,Buffalo,251,4.65,40.0,23.0,128.0,7.08,4.18,2014,6,3,6.25,0.0
2971,3025,Cody Mandell,P,Alabama,216,4.89,27.0,0.0,109.0,0.0,0.0,2014,6,2,6.166666667,0.0
2972,3026,Eathyn Manumaleuna,DT,BYU,296,5.16,28.0,29.0,101.0,7.78,4.61,2014,6,2,6.166666667,0.0
2973,3027,Johnny Manziel,QB,Texas A&M,207,4.68,31.5,0.0,113.0,6.75,4.03,2014,6,0,6.0,0.0
2974,3028,Cassius Marsh,DE,UCLA,252,4.89,32.0,14.0,108.0,7.08,4.25,2014,6,4,6.333333333,0.0
2975,3029,Kareem Martin,DE,North Carolina,272,4.72,35.5,22.0,129.0,7.2,4.33,2014,6,6,6.5,0.0
2976,3030,Marcus Martin,C,USC,320,5.38,0.0,23.0,0.0,0.0,0.0,2014,6,3,6.25,0.0
2977,3031,Zack Martin,OG,Notre Dame,308,5.22,28.0,29.0,106.0,7.65,4.59,2014,6,4,6.333333333,0.0
2978,3033,Tre Mason,RB,Auburn,207,4.5,38.5,0.0,126.0,0.0,4.15,2014,5,8,5.666666667,0.0
2979,3034,Jeff Mathews,QB,Cornell,223,5.26,25.5,0.0,105.0,7.14,4.36,2014,6,4,6.333333333,0.0
2980,3035,Jake Matthews,OT,Texas A&M,308,5.07,30.5,24.0,105.0,7.34,4.47,2014,6,5,6.416666667,0.0
2981,3036,Jordan Matthews,WR,Vanderbilt,212,4.46,35.5,21.0,120.0,6.95,4.18,2014,6,3,6.25,0.0
2982,3037,Josh Mauro,DE,Stanford,271,5.21,32.0,21.0,116.0,7.43,4.51,2014,6,6,6.5,0.0
2983,3038,A.J. McCarron,QB,Alabama,220,4.94,28.0,0.0,99.0,7.18,4.34,2014,6,3,6.25,0.0
2984,3039,Daniel McCullers,DT,Tennessee,352,5.18,20.5,27.0,97.0,0.0,0.0,2014,6,7,6.583333333,0.0
2985,3040,Dexter McDougle,CB,Maryland,196,4.47,0.0,0.0,0.0,0.0,0.0,2014,5,10,5.833333333,0.0
2986,3041,Keith McGill,CB,Utah,211,4.51,39.0,0.0,129.0,7.29,4.18,2014,6,3,6.25,0.0
2987,3042,Jerick McKinnon,RB,Georgia Southern,209,4.41,40.5,32.0,132.0,6.83,4.12,2014,5,9,5.75,0.0
2988,3043,Zach Mettenberger,QB,LSU,224,0.0,0.0,0.0,0.0,0.0,0.0,2014,6,5,6.416666667,0.0
2989,3044,Jack Mewhort,OT,Ohio State,309,5.37,26.0,28.0,101.0,7.79,4.64,2014,6,6,6.5,0.0
2990,3045,Trey Millard,FB,Oklahoma,247,4.64,0.0,0.0,0.0,0.0,0.0,2014,6,2,6.166666667,0.0
2991,3046,Tevin Mims,DE,South Florida,260,4.95,27.5,17.0,109.0,0.0,0.0,2014,6,4,6.333333333,0.0
2992,3047,Terrance Mitchell,CB,Oregon,192,4.63,34.0,0.0,117.0,6.57,4.0,2014,5,11,5.916666667,0.0
2993,3048,Donte Moncrief,WR,Mississippi,221,4.4,39.5,13.0,132.0,7.02,4.3,2014,6,2,6.166666667,0.0
2994,3049,Zach Moore,DE,Concordia (MN),269,4.84,33.5,23.0,123.0,7.41,4.46,2014,6,5,6.416666667,0.0
2995,3050,James Morris,ILB,Iowa,241,4.8,34.5,18.0,117.0,6.94,4.36,2014,6,1,6.083333333,0.0
2996,3051,Stephen Morris,QB,Miami (FL),213,4.63,30.0,0.0,111.0,7.36,4.49,2014,6,2,6.166666667,0.0
2997,3052,Morgan Moses,OT,Virginia,314,5.35,21.5,0.0,106.0,7.93,4.95,2014,6,6,6.5,0.0
2998,3053,C.J. Mosley,ILB,Alabama,234,4.65,35.0,0.0,118.0,7.3,4.4,2014,6,2,6.166666667,0.0
2999,3054,Adam Muema,RB,San Diego State,202,4.56,0.0,0.0,0.0,0.0,0.0,2014,5,10,5.833333333,0.0
3000,3055,Jake Murphy,TE,Utah,249,4.79,33.0,24.0,114.0,7.18,4.27,2014,6,4,6.333333333,0.0
3001,3056,Trent Murphy,DE,Stanford,250,4.86,35.5,19.0,118.0,6.78,4.2,2014,6,5,6.416666667,0.0
3002,3057,Aaron Murray,QB,Georgia,207,4.84,0.0,0.0,0.0,0.0,0.0,2014,6,0,6.0,0.0
3003,3058,Jordan Najvar,TE,Baylor,256,4.93,32.5,18.0,112.0,7.14,4.47,2014,6,6,6.5,0.0
3004,3059,Jonathan Newsome,OLB,Ball State,247,4.73,34.0,21.0,117.0,7.31,4.63,2014,6,3,6.25,0.0
3005,3060,Troy Niklas,TE,Notre Dame,270,4.84,32.0,27.0,114.0,7.57,4.55,2014,6,6,6.5,0.0
3006,3061,Kevin Norwood,WR,Alabama,198,4.48,33.0,8.0,121.0,6.68,4.32,2014,6,2,6.166666667,0.0
3007,3062,Kyle Van Noy,OLB,BYU,243,4.71,32.5,21.0,112.0,7.22,4.2,2014,6,3,6.25,0.0
3008,3063,Pat O'Donnell,P,Miami (FL),220,4.64,30.5,23.0,120.0,0.0,0.0,2014,6,4,6.333333333,0.0
3009,3064,Jeoffrey Pagan,DE,Alabama,310,4.92,0.0,0.0,0.0,0.0,0.0,2014,6,3,6.25,0.0
3010,3065,Tenny Palepoi,DT,Utah,298,5.1,30.5,31.0,111.0,7.67,4.53,2014,6,1,6.083333333,0.0
3011,3066,Matt Paradis,C,Boise State,306,5.34,26.0,23.0,103.0,7.6,4.46,2014,6,3,6.25,0.0
3012,3067,Matt Patchan,OT,Boston Col.,302,4.97,33.5,22.0,0.0,0.0,0.0,2014,6,6,6.5,0.0
3013,3068,Jacob Pedersen,TE,Wisconsin,238,4.82,28.5,0.0,111.0,7.55,4.4,2014,6,3,6.25,0.0
3014,3069,LaDarius Perkins,RB,Mississippi State,195,4.46,35.5,23.0,124.0,7.08,4.3,2014,5,7,5.583333333,0.0
3015,3070,Kevin Pierre-Louis,OLB,Boston Col.,232,4.51,39.0,28.0,128.0,6.92,4.02,2014,6,0,6.0,0.0
3016,3071,Ronald Powell,OLB,Florida,237,4.65,35.5,21.0,114.0,0.0,0.0,2014,6,3,6.25,0.0
3017,3072,Jabari Price,CB,North Carolina,200,4.45,0.0,16.0,0.0,7.04,4.3,2014,5,11,5.916666667,0.0
3018,3073,Calvin Pryor,S,Louisville,207,4.58,34.5,18.0,116.0,0.0,0.0,2014,5,11,5.916666667,0.0
3019,3074,Loucheiz Purifoy,CB,Florida,190,4.61,35.5,6.0,120.0,0.0,0.0,2014,5,11,5.916666667,0.0
3020,3075,Kelcy Quarles,DT,South Carolina,297,5.03,23.5,27.0,102.0,0.0,0.0,2014,6,4,6.333333333,0.0
3021,3076,Kaleb Ramsey,DT,Boston Col.,293,0.0,0.0,36.0,0.0,0.0,0.0,2014,6,3,6.25,0.0
3022,3077,Keith Reaser,CB,Florida Atlantic,189,4.43,0.0,22.0,0.0,0.0,0.0,2014,5,11,5.916666667,0.0
3023,3078,Silas Redd,RB,USC,212,4.7,37.0,18.0,122.0,0.0,0.0,2014,5,10,5.833333333,0.0
3024,3079,Tevin Reese,WR,Baylor,163,4.46,41.0,0.0,132.0,6.63,4.18,2014,5,10,5.833333333,0.0
3025,3080,Caraun Reid,DT,Princeton,302,4.91,26.5,20.0,106.0,7.59,4.58,2014,6,2,6.166666667,0.0
3026,3081,Trevor Reilly,OLB,Utah,245,4.67,0.0,26.0,0.0,0.0,0.0,2014,6,5,6.416666667,0.0
3027,3082,Bryn Renner,QB,North Carolina,228,4.87,25.5,0.0,108.0,7.22,4.3,2014,6,3,6.25,0.0
3028,3084,Ed Reynolds,S,Stanford,207,4.57,32.5,15.0,117.0,0.0,0.0,2014,6,1,6.083333333,0.0
3029,3085,Rashaad Reynolds,CB,Oregon State,189,4.51,37.5,20.0,123.0,6.72,4.0,2014,5,10,5.833333333,0.0
3030,3086,Antonio Richardson,OT,Tennessee,336,5.3,24.5,36.0,0.0,0.0,0.0,2014,6,6,6.5,0.0
3031,3087,Cyril Richardson,OG,Baylor,329,5.36,25.5,25.0,91.0,7.7,4.83,2014,6,5,6.416666667,0.0
3032,3088,Paul Richardson,WR,Colorado,175,4.4,38.0,0.0,124.0,7.09,0.0,2014,6,0,6.0,0.0
3033,3089,Weston Richburg,C,Colorado State,298,5.1,25.5,25.0,106.0,7.93,4.63,2014,6,3,6.25,0.0
3034,3090,Marcus Roberson,CB,Florida,191,4.61,37.5,8.0,120.0,6.84,4.08,2014,6,0,6.0,0.0
3035,3091,Allen Robinson,WR,Penn State,220,4.6,39.0,0.0,127.0,7.0,4.0,2014,6,3,6.25,0.0
3036,3092,Greg Robinson,OT,Auburn,332,4.92,28.5,32.0,113.0,7.8,4.86,2014,6,5,6.416666667,0.0
3037,3093,Bradley Roby,CB,Ohio State,194,4.39,38.5,17.0,124.0,0.0,4.04,2014,5,11,5.916666667,0.0
3038,3094,Richard Rodgers,TE,California,257,4.87,31.5,16.0,116.0,7.23,4.47,2014,6,4,6.333333333,0.0
3039,3095,Michael Sam,DE,Missouri,261,4.91,25.5,17.0,114.0,7.8,4.7,2014,6,2,6.166666667,0.0
3040,3096,Bishop Sankey,RB,Washington,209,4.49,35.5,26.0,126.0,6.75,4.0,2014,5,9,5.75,0.0
3041,3097,Cairo Santos,K,Tulane,164,4.76,0.0,0.0,0.0,0.0,0.0,2014,5,8,5.666666667,0.0
3042,3098,Jalen Saunders,WR,Oklahoma,165,4.44,34.0,0.0,122.0,0.0,0.0,2014,5,9,5.75,0.0
3043,3099,Tom Savage,QB,Pittsburgh,228,4.97,27.0,0.0,105.0,7.33,4.36,2014,6,4,6.333333333,0.0
3044,3100,Michael Schofield,OT,Michigan,301,5.01,24.0,0.0,93.0,7.62,4.57,2014,6,6,6.5,0.0
3045,3101,Lache Seastrunk,RB,Baylor,201,4.51,41.5,15.0,134.0,0.0,0.0,2014,5,9,5.75,0.0
3046,3102,Austin Seferian-Jenkins,TE,Washington,262,4.75,0.0,20.0,0.0,0.0,0.0,2014,6,5,6.416666667,0.0
3047,3103,Connor Shaw,QB,South Carolina,206,4.66,34.0,0.0,116.0,7.07,4.33,2014,6,0,6.0,0.0
3048,3104,Ryan Shazier,OLB,Ohio State,237,4.58,42.0,25.0,130.0,6.91,4.21,2014,6,1,6.083333333,0.0
3049,3105,Prince Shembo,OLB,Notre Dame,253,4.71,38.5,26.0,122.0,7.29,4.31,2014,6,1,6.083333333,0.0
3050,3106,Charles Sims,RB,West Virginia,214,4.48,37.5,17.0,126.0,7.16,4.3,2014,6,0,6.0,0.0
3051,3107,Shayne Skov,ILB,Stanford,245,5.09,0.0,0.0,0.0,0.0,0.0,2014,6,2,6.166666667,0.0
3052,3108,Yawin Smallwood,ILB,Connecticut,246,0.0,36.5,18.0,108.0,0.0,0.0,2014,6,2,6.166666667,0.0
3053,3109,Chris Smith,OLB,Arkansas,266,4.66,37.0,28.0,121.0,7.55,4.46,2014,6,1,6.083333333,0.0
3054,3110,Jerome Smith,RB,Syracuse,220,4.84,36.0,14.0,118.0,7.53,4.6,2014,5,11,5.916666667,0.0
3055,3111,Marcus Smith,DE,Louisville,251,4.66,35.0,23.0,121.0,7.48,4.47,2014,6,3,6.25,0.0
3056,3112,Telvin Smith,OLB,Florida State,218,4.52,31.5,0.0,119.0,0.0,0.0,2014,6,3,6.25,0.0
3057,3113,Willie Snead,WR,Ball State,195,4.62,33.5,11.0,113.0,7.19,4.39,2014,5,11,5.916666667,0.0
3058,3114,Daniel Sorensen,S,BYU,205,4.67,32.0,13.0,114.0,6.47,3.95,2014,6,1,6.083333333,0.0
3059,3115,Dezmen Southward,S,Wisconsin,211,4.38,0.0,0.0,0.0,0.0,0.0,2014,6,0,6.0,0.0
3060,3116,Tyler Starr,OLB,South Dakota,250,4.95,32.0,24.0,116.0,6.64,4.15,2014,6,4,6.333333333,0.0
3061,3117,Anthony Steen,OG,Alabama,314,5.33,0.0,0.0,0.0,0.0,0.0,2014,6,3,6.25,0.0
3062,3118,Shamar Stephen,DT,Connecticut,309,5.25,30.5,25.0,103.0,0.0,0.0,2014,6,5,6.416666667,0.0
3063,3119,Josh Stewart,WR,Oklahoma State,178,4.69,35.0,11.0,117.0,7.1,4.33,2014,5,10,5.833333333,0.0
3064,3120,Ed Stinson,DE,Alabama,287,4.98,0.0,0.0,0.0,0.0,0.0,2014,6,3,6.25,0.0
3065,3121,James Stone,C,Tennessee,306,5.17,27.5,22.0,105.0,8.16,4.63,2014,6,4,6.333333333,0.0
3066,3122,Bryan Stork,C,Florida State,315,5.44,0.0,0.0,0.0,0.0,0.0,2014,6,4,6.333333333,0.0
3067,3123,Devin Street,WR,Pittsburgh,198,4.55,37.0,0.0,124.0,6.89,4.01,2014,6,3,6.25,0.0
3068,3124,Xavier Su'a-Filo,OG,UCLA,307,5.04,25.0,25.0,102.0,7.6,4.44,2014,6,4,6.333333333,0.0
3069,3125,Vinnie Sunseri,S,Alabama,210,0.0,0.0,18.0,0.0,0.0,0.0,2014,5,11,5.916666667,0.0
3070,3126,Will Sutton,DT,Arizona State,303,5.36,28.5,24.0,99.0,7.93,4.82,2014,6,0,6.0,0.0
3071,3127,Travis Swanson,C,Arkansas,312,5.28,26.0,20.0,95.0,7.73,4.65,2014,6,5,6.416666667,0.0
3072,3128,Lorenzo Taliaferro,RB,Coastal Carolina,229,4.58,33.0,18.0,118.0,6.88,4.22,2014,6,0,6.0,0.0
3073,3129,Brandon Thomas,OG,Clemson,317,5.09,29.0,35.0,98.0,8.13,4.83,2014,6,3,6.25,0.0
3074,3130,De'Anthony Thomas,RB,Oregon,174,4.39,32.0,8.0,124.0,0.0,0.0,2014,5,9,5.75,0.0
3075,3131,Jemea Thomas,CB,Georgia Tech,192,4.52,37.0,19.0,125.0,0.0,0.0,2014,5,9,5.75,0.0
3076,3132,Logan Thomas,QB,Virginia Tech,248,4.61,35.5,0.0,118.0,7.05,4.18,2014,6,6,6.5,0.0
3077,3133,Robert Thomas,DT,Arkansas,327,5.26,0.0,32.0,0.0,0.0,0.0,2014,6,1,6.083333333,0.0
3078,3135,Khyri Thornton,DT,Southern Miss,304,5.03,29.0,28.0,112.0,7.83,4.76,2014,6,3,6.25,0.0
3079,3136,D.J. Tialavea,TE,Utah State,267,4.95,0.0,0.0,0.0,0.0,0.0,2014,6,3,6.25,0.0
3080,3137,Jordan Tripp,OLB,Montana,234,4.67,37.5,22.0,120.0,6.89,3.96,2014,6,3,6.25,0.0
3081,3138,Stephon Tuitt,DT,Notre Dame,304,4.92,0.0,31.0,0.0,0.0,0.0,2014,6,5,6.416666667,0.0
3082,3139,Billy Turner,OT,North Dakota State,315,5.16,28.0,25.0,108.0,7.92,4.71,2014,6,5,6.416666667,0.0
3083,3140,Trai Turner,OG,LSU,310,4.93,27.5,25.0,0.0,0.0,0.0,2014,6,3,6.25,0.0
3084,3141,George Uko,DT,USC,284,4.99,29.5,18.0,110.0,0.0,0.0,2014,6,3,6.25,0.0
3085,3142,Uani' Unga,ILB,BYU,231,4.82,0.0,0.0,0.0,0.0,0.0,2014,6,1,6.083333333,0.0
3086,3143,Brent Urban,DE,Virginia,295,4.98,0.0,0.0,0.0,0.0,0.0,2014,6,7,6.583333333,0.0
3087,3144,John Urschel,OG,Penn State,313,5.31,29.0,30.0,102.0,7.55,4.47,2014,6,3,6.25,0.0
3088,3145,Dustin Vaughan,QB,West Texas A&M,235,4.95,29.0,0.0,108.0,7.25,4.43,2014,6,5,6.416666667,0.0
3089,3146,Brock Vereen,S,Minnesota,199,4.47,34.0,25.0,117.0,6.9,4.07,2014,6,0,6.0,0.0
3090,3147,Jason Verrett,CB,TCU,189,4.38,39.0,0.0,128.0,6.69,4.0,2014,5,9,5.75,0.0
3091,3148,Jimmie Ward,S,Northern Illinois,193,4.59,0.0,9.0,0.0,0.0,0.0,2014,5,11,5.916666667,0.0
3092,3149,Todd Washington,CB,SE Louisiana,196,4.57,0.0,13.0,0.0,0.0,0.0,2014,5,11,5.916666667,0.0
3093,3150,L'Damian Washington,WR,Missouri,195,4.46,32.0,8.0,115.0,7.19,4.35,2014,6,4,6.333333333,0.0
3094,3151,Jaylen Watkins,CB,Florida,194,4.41,0.0,22.0,0.0,0.0,0.0,2014,5,11,5.916666667,0.0
3095,3152,Sammy Watkins,WR,Clemson,211,4.43,34.0,16.0,126.0,6.95,4.34,2014,6,1,6.083333333,0.0
3096,3153,Chris Watt,OG,Notre Dame,310,5.5,0.0,29.0,0.0,0.0,0.0,2014,6,3,6.25,0.0
3097,3154,Larry Webster,TE,Bloomsburg,252,4.58,36.5,17.0,123.0,7.29,4.44,2014,6,6,6.5,0.0
3098,3155,Keith Wenning,QB,Ball State,218,5.0,28.0,0.0,100.0,7.07,4.25,2014,6,3,6.25,0.0
3099,3156,Terrance West,RB,Towson,225,4.56,33.5,16.0,120.0,0.0,0.0,2014,5,9,5.75,0.0
3100,3157,Ethan Westbrooks,DE,West Texas A&M,267,4.9,29.0,19.0,110.0,7.3,4.67,2014,6,3,6.25,0.0
3101,3158,Lavelle Westbrooks,CB,Georgia Southern,186,4.63,36.0,15.0,121.0,6.98,4.27,2014,5,11,5.916666667,0.0
3102,3159,Chris Whaley,DT,Texas,269,5.02,0.0,0.0,0.0,0.0,0.0,2014,6,3,6.25,0.0
3103,3160,James White,RB,Wisconsin,204,4.57,32.0,23.0,114.0,7.05,4.2,2014,5,9,5.75,0.0
3104,3161,Andre Williams,RB,Boston Col.,230,4.56,38.0,0.0,129.0,7.27,4.06,2014,5,11,5.916666667,0.0
3105,3162,Damien Williams,RB,Oklahoma,222,4.45,35.5,16.0,121.0,7.37,4.25,2014,5,11,5.916666667,0.0
3106,3163,Avery Williamson,ILB,Kentucky,246,4.66,30.5,25.0,120.0,7.11,4.07,2014,6,1,6.083333333,0.0
3107,3164,Albert Wilson,WR,Georgia State,202,4.43,37.5,10.0,123.0,7.0,4.21,2014,5,9,5.75,0.0
3108,3165,Kerry Wynn,DE,Richmond,266,4.97,34.0,31.0,113.0,0.0,0.0,2014,6,5,6.416666667,0.0
3109,3166,David Yankey,OG,Stanford,315,5.48,28.5,22.0,103.0,7.81,4.86,2014,6,6,6.5,0.0
3110,3167,Jordan Zumwalt,OLB,UCLA,235,4.76,33.0,0.0,116.0,6.99,4.25,2014,6,4,6.333333333,0.0
3111,3168,Oday Aboushi,OT,Virginia,308,5.41,23.5,17.0,100.0,7.92,4.84,2013,6,5,6.416666667,0.0
3112,3169,Johnny Adams,CB,Michigan State,185,4.48,0.0,16.0,0.0,0.0,0.0,2013,5,10,5.833333333,0.0
3113,3170,Robert Alford,CB,SE Louisiana,188,4.39,40.0,17.0,132.0,6.89,4.23,2013,5,10,5.833333333,0.0
3114,3171,Keenan Allen,WR,California,206,4.58,0.0,0.0,0.0,0.0,0.0,2013,6,2,6.166666667,0.0
3115,3172,Ryan Allen,P,Louisiana Tech,229,4.98,0.0,0.0,0.0,0.0,0.0,2013,6,1,6.083333333,0.0
3116,3173,Zach Allen,OG,North Carolina State,332,5.43,0.0,32.0,0.0,0.0,0.0,2013,6,2,6.166666667,0.0
3117,3174,Kiko Alonso,ILB,Oregon,238,4.74,0.0,0.0,0.0,0.0,0.0,2013,6,3,6.25,0.0
3118,3175,David Amerson,CB,North Carolina State,205,4.44,35.5,15.0,127.0,0.0,0.0,2013,6,1,6.083333333,0.0
3119,3176,C.J. Anderson,RB,California,224,4.6,32.0,17.0,119.0,7.15,4.12,2013,5,8,5.666666667,0.0
3120,3177,Ziggy Ansah,DE,BYU,271,4.56,34.5,21.0,118.0,7.11,4.26,2013,6,5,6.416666667,0.0
3121,3178,Marc Anthony,CB,California,196,4.63,35.0,12.0,118.0,6.74,4.07,2013,5,11,5.916666667,0.0
3122,3179,Terron Armstead,OT,Ark-Pine Bluff,306,4.71,34.5,31.0,112.0,7.62,4.72,2013,6,5,6.416666667,0.0
3123,3180,Tavon Austin,WR,West Virginia,174,4.34,32.0,14.0,120.0,0.0,4.01,2013,5,8,5.666666667,0.0
3124,3181,Jeff Baca,OG,UCLA,302,5.03,26.5,0.0,100.0,7.26,4.44,2013,6,3,6.25,0.0
3125,3182,Alvin Bailey,OG,Arkansas,312,4.95,0.0,27.0,0.0,0.0,0.0,2013,6,3,6.25,0.0
3126,3183,Stedman Bailey,WR,West Virginia,193,4.52,34.5,11.0,117.0,6.81,4.09,2013,5,10,5.833333333,0.0
3127,3184,David Bakhtiari,OT,Colorado,299,5.18,25.5,28.0,101.0,7.7,4.74,2013,6,4,6.333333333,0.0
3128,3185,Montee Ball,RB,Wisconsin,214,4.66,32.0,15.0,118.0,6.88,4.4,2013,5,10,5.833333333,0.0
3129,3186,Johnthan Banks,CB,Mississippi State,185,4.61,34.0,10.0,125.0,6.97,4.27,2013,6,2,6.166666667,0.0
3130,3187,Chris Barker,OG,Nevada,305,5.25,27.5,29.0,99.0,8.09,4.77,2013,6,3,6.25,0.0
3131,3188,Matt Barkley,QB,USC,227,4.91,0.0,0.0,0.0,0.0,0.0,2013,6,2,6.166666667,0.0
3132,3189,Kenjon Barner,RB,Oregon,196,4.52,35.5,20.0,122.0,6.87,4.2,2013,5,9,5.75,0.0
3133,3190,T.J. Barnes,DT,Georgia Tech,369,5.3,22.0,25.0,97.0,8.26,4.96,2013,6,6,6.5,0.0
3134,3191,Sam Barrington,ILB,South Florida,246,4.91,32.5,22.0,117.0,0.0,0.0,2013,6,1,6.083333333,0.0
3135,3192,David Bass,DE,Missouri Western State,262,4.84,30.5,20.0,111.0,7.07,4.33,2013,6,4,6.333333333,0.0
3136,3193,Steve Beauharnais,ILB,Rutgers,240,4.84,33.0,19.0,118.0,6.99,4.2,2013,6,1,6.083333333,0.0
3137,3194,Nick Becton,OT,Virginia Tech,323,5.2,29.5,19.0,109.0,7.77,4.57,2013,6,5,6.416666667,0.0
3138,3195,Le'Veon Bell,RB,Michigan State,230,4.6,31.5,24.0,118.0,6.75,4.24,2013,6,1,6.083333333,0.0
3139,3196,Giovani Bernard,RB,North Carolina,202,4.53,33.5,19.0,122.0,6.91,4.12,2013,5,8,5.666666667,0.0
3140,3197,Tommy Bohanon,FB,Wake Forest,246,4.88,35.0,36.0,119.0,7.27,4.42,2013,6,1,6.083333333,0.0
3141,3198,Travis Bond,OG,North Carolina,329,5.27,22.5,22.0,98.0,7.85,4.96,2013,6,6,6.5,0.0
3142,3199,Alan Bonner,WR,Jacksonville State,193,4.59,33.0,14.0,117.0,0.0,4.15,2013,5,10,5.833333333,0.0
3143,3200,Zach Boren,FB,Ohio State,238,5.0,32.0,25.0,109.0,7.28,4.44,2013,5,11,5.916666667,0.0
3144,3201,Jon Bostic,OLB,Florida,245,4.59,32.5,22.0,118.0,6.99,4.24,2013,6,1,6.083333333,0.0
3145,3202,Josh Boyce,WR,TCU,206,4.38,34.0,22.0,131.0,6.68,4.1,2013,5,11,5.916666667,0.0
3146,3203,Josh Boyd,DT,Mississippi State,310,5.14,26.5,32.0,104.0,7.16,4.64,2013,6,3,6.25,0.0
3147,3204,John Boyett,S,Oregon,204,4.64,0.0,27.0,0.0,0.0,0.0,2013,5,10,5.833333333,0.0
3148,3205,Tyler Bray,QB,Tennessee,232,5.05,0.0,0.0,100.0,7.2,4.51,2013,6,6,6.5,0.0
3149,3206,Dylan Breeding,P,Arkansas,213,4.74,29.0,11.0,110.0,0.0,0.0,2013,6,1,6.083333333,0.0
3150,3207,Arthur Brown,OLB,Kansas State,241,4.62,0.0,0.0,116.0,0.0,0.0,2013,6,0,6.0,0.0
3151,3208,Braden Brown,OT,BYU,310,5.2,28.0,26.0,100.0,7.43,4.7,2013,6,5,6.416666667,0.0
3152,3209,Marlon Brown,WR,Georgia,213,4.63,0.0,0.0,0.0,0.0,0.0,2013,6,4,6.333333333,0.0
3153,3210,Armonty Bryant,DE,East Central (OK),263,4.86,31.5,0.0,118.0,7.32,5.0,2013,6,4,6.333333333,0.0
3154,3211,Michael Buchanan,DE,Illinois,255,4.78,33.0,22.0,113.0,6.91,4.44,2013,6,5,6.416666667,0.0
3155,3212,Rex Burkhead,RB,Nebraska,214,4.73,39.0,21.0,125.0,6.85,4.09,2013,5,10,5.833333333,0.0
3156,3213,Adrian Bushell,CB,Louisville,186,4.58,33.0,17.0,116.0,6.92,4.25,2013,5,9,5.75,0.0
3157,3214,Colby Cameron,QB,Louisiana Tech,212,4.78,30.5,0.0,112.0,6.98,4.28,2013,6,2,6.166666667,0.0
3158,3215,Anthony Cantele,K,Kansas State,180,4.76,0.0,0.0,0.0,0.0,0.0,2013,5,10,5.833333333,0.0
3159,3216,Tank Carradine,DE,Florida State,276,4.9,0.0,28.0,0.0,0.0,0.0,2013,6,4,6.333333333,0.0
3160,3217,Braxston Cave,C,Notre Dame,303,5.33,25.5,0.0,98.0,7.81,4.71,2013,6,3,6.25,0.0
3161,3219,Emmett Cleary,OT,Boston Col.,316,5.21,28.5,24.0,108.0,7.81,4.7,2013,6,7,6.583333333,0.0
3162,3220,Jamie Collins,OLB,Southern Miss,250,4.64,41.5,19.0,139.0,7.1,4.32,2013,6,3,6.25,0.0
3163,3221,Sanders Commings,CB,Georgia,216,4.41,34.5,0.0,117.0,7.1,4.3,2013,6,0,6.0,0.0
3164,3222,Jonathan Cooper,OG,North Carolina,311,5.07,27.0,35.0,108.0,7.78,4.84,2013,6,2,6.166666667,0.0
3165,3223,Bobby Cowan,P,Idaho,219,5.13,0.0,0.0,0.0,0.0,0.0,2013,6,4,6.333333333,0.0
3166,3224,Justice Cunningham,TE,South Carolina,258,4.94,31.5,0.0,116.0,7.12,4.45,2013,6,3,6.25,0.0
3167,3225,Jonathan Cyprien,S,Florida International,217,4.64,38.5,0.0,0.0,0.0,0.0,2013,6,0,6.0,0.0
3168,3226,Knile Davis,RB,Arkansas,227,4.37,33.5,31.0,121.0,6.96,4.38,2013,5,11,5.916666667,0.0
3169,3227,Marcus Davis,WR,Virginia Tech,233,4.56,39.5,19.0,120.0,7.15,0.0,2013,6,3,6.25,0.0
3170,3228,Will Davis,CB,Utah State,186,4.51,35.5,16.0,127.0,6.52,4.02,2013,5,11,5.916666667,0.0
3171,3229,Everett Dawkins,DT,Florida State,292,5.06,30.0,23.0,103.0,7.61,4.88,2013,6,2,6.166666667,0.0
3172,3230,Jordan Devey,OT,Memphis,317,5.25,24.0,21.0,98.0,7.91,4.77,2013,6,7,6.583333333,0.0
3173,3231,Quinton Dial,DT,Alabama,318,5.29,0.0,0.0,0.0,0.0,0.0,2013,6,5,6.416666667,0.0
3174,3232,Aaron Dobson,WR,Marshall,210,4.37,0.0,0.0,0.0,0.0,0.0,2013,6,3,6.25,0.0
3175,3233,Alex Dunnachie,P,Hawaii,217,4.97,0.0,0.0,0.0,0.0,0.0,2013,6,3,6.25,0.0
3176,3234,Zac Dysert,QB,Miami (OH),231,4.81,0.0,0.0,0.0,0.0,0.0,2013,6,3,6.25,0.0
3177,3235,Lavar Edwards,DE,LSU,277,4.8,33.0,0.0,119.0,7.03,4.51,2013,6,4,6.333333333,0.0
3178,3236,Mike Edwards,CB,Hawaii,189,4.56,36.0,14.0,124.0,6.94,4.18,2013,5,9,5.75,0.0
3179,3237,Tyler Eifert,TE,Notre Dame,250,4.68,35.5,22.0,119.0,6.92,4.32,2013,6,5,6.416666667,0.0
3180,3238,Matt Elam,S,Florida,208,4.43,35.5,17.0,118.0,0.0,0.0,2013,5,10,5.833333333,0.0
3181,3239,Andre Ellington,RB,Clemson,199,4.61,34.0,0.0,122.0,0.0,0.0,2013,5,9,5.75,0.0
3182,3240,Zach Ertz,TE,Stanford,249,4.76,30.5,24.0,111.0,7.08,4.47,2013,6,5,6.416666667,0.0
3183,3241,Gavin Escobar,TE,San Diego State,254,4.84,32.0,0.0,114.0,7.07,4.31,2013,6,6,6.5,0.0
3184,3242,Josh Evans,S,Florida,207,4.58,34.5,0.0,123.0,6.64,4.1,2013,6,1,6.083333333,0.0
3185,3243,Chris Faulk,OT,LSU,331,5.08,0.0,25.0,0.0,0.0,0.0,2013,6,5,6.416666667,0.0
3186,3244,Joseph Fauria,TE,UCLA,259,4.82,0.0,17.0,0.0,0.0,0.0,2013,6,7,6.583333333,0.0
3187,3245,Eric Fisher,OT,Central Michigan,306,5.05,28.5,27.0,116.0,7.59,4.44,2013,6,7,6.583333333,0.0
3188,3246,Sharrif Floyd,DT,Florida,297,4.92,30.0,0.0,106.0,7.4,4.75,2013,6,3,6.25,0.0
3189,3247,D.J. Fluker,OT,Alabama,339,5.31,0.0,21.0,0.0,0.0,0.0,2013,6,5,6.416666667,0.0
3190,3248,Manese Foketi,OG,Texas A&M,318,5.54,23.5,25.0,102.0,8.11,5.06,2013,6,5,6.416666667,0.0
3191,3249,Michael Ford,RB,LSU,210,4.5,38.5,25.0,130.0,6.87,4.25,2013,5,9,5.75,0.0
3192,3250,Reid Fragel,OT,Ohio State,308,5.14,30.0,33.0,113.0,7.62,4.68,2013,6,8,6.666666667,0.0
3193,3251,Johnathan Franklin,RB,UCLA,205,4.49,31.5,18.0,115.0,6.89,4.31,2013,5,10,5.833333333,0.0
3194,3252,Travis Frederick,C,Wisconsin,312,5.58,28.5,21.0,97.0,7.81,4.76,2013,6,4,6.333333333,0.0
3195,3253,Corey Fuller,WR,Virginia Tech,204,4.43,31.5,12.0,120.0,0.0,0.0,2013,6,2,6.166666667,0.0
3196,3254,Matt Furstenburg,TE,Maryland,242,4.62,35.5,18.0,115.0,7.09,4.35,2013,6,4,6.333333333,0.0
3197,3255,Rogers Gaines,OT,Tennessee State,334,5.24,23.0,28.0,0.0,0.0,5.24,2013,6,6,6.5,0.0
3198,3256,Kwame Geathers,DT,Georgia,342,5.44,26.5,0.0,96.0,8.11,5.27,2013,6,5,6.416666667,0.0
3199,3257,William Gholston,DE,Michigan State,281,4.96,28.5,23.0,110.0,7.2,4.59,2013,6,6,6.5,0.0
3200,3258,Garrett Gilkey,OT,Chadron State,318,5.29,30.0,28.0,108.0,7.65,4.75,2013,6,6,6.5,0.0
3201,3259,Mike Gillislee,RB,Florida,208,4.55,30.5,15.0,119.0,7.12,4.4,2013,5,11,5.916666667,0.0
3202,3260,Mike Glennon,QB,North Carolina State,225,4.94,26.5,0.0,102.0,7.49,4.52,2013,6,7,6.583333333,0.0
3203,3261,Tyrone Goard,WR,East. Kentucky,205,4.5,36.0,10.0,123.0,6.9,4.39,2013,6,4,6.333333333,0.0
3204,3262,Zaviar Gooden,OLB,Missouri,234,4.47,34.0,27.0,131.0,6.71,4.18,2013,6,1,6.083333333,0.0
3205,3263,Malliciah Goodman,DE,Clemson,276,4.87,31.5,26.0,114.0,0.0,0.0,2013,6,4,6.333333333,0.0
3206,3264,Marquise Goodwin,WR,Texas,183,4.27,0.0,13.0,132.0,0.0,0.0,2013,5,9,5.75,0.0
3207,3265,Chris Gragg,TE,Arkansas,244,4.5,37.5,18.0,125.0,7.08,4.51,2013,6,3,6.25,0.0
3208,3266,Ray Graham,RB,Pittsburgh,199,4.8,32.5,18.0,112.0,7.17,4.21,2013,5,9,5.75,0.0
3209,3267,Dwayne Gratz,CB,Connecticut,201,4.47,38.0,22.0,125.0,6.7,4.15,2013,5,11,5.916666667,0.0
3210,3268,MarQueis Gray,QB,Minnesota,240,4.65,30.0,15.0,111.0,7.25,4.3,2013,6,3,6.25,0.0
3211,3270,Khaseem Greene,OLB,Rutgers,241,4.71,30.0,17.0,116.0,7.58,4.2,2013,6,1,6.083333333,0.0
3212,3271,Cory Grissom,DT,South Florida,306,5.31,27.5,22.0,97.0,7.79,4.81,2013,6,1,6.083333333,0.0
3213,3272,Cobi Hamilton,WR,Arkansas,212,4.56,29.5,11.0,107.0,0.0,4.31,2013,6,2,6.166666667,0.0
3214,3273,Johnathan Hankins,DT,Ohio State,320,5.31,26.0,0.0,104.0,7.59,4.61,2013,6,3,6.25,0.0
3215,3274,D.J. Harper,RB,Boise State,211,4.52,33.5,23.0,120.0,7.07,4.35,2013,5,9,5.75,0.0
3216,3275,Chris Harper,WR,Kansas State,229,4.55,35.5,20.0,116.0,6.89,4.39,2013,6,1,6.083333333,0.0
3217,3276,Montel Harris,RB,Temple,208,4.68,32.5,19.0,113.0,6.95,4.18,2013,5,8,5.666666667,0.0
3218,3277,Mark Harrison,WR,Rutgers,231,4.46,38.5,17.0,129.0,6.99,4.33,2013,6,3,6.25,0.0
3219,3278,Tanner Hawkinson,OT,Kansas,298,5.07,28.5,0.0,112.0,7.52,4.51,2013,6,5,6.416666667,0.0
3220,3279,Terry Hawthorne,CB,Illinois,195,4.44,35.5,13.0,116.0,0.0,0.0,2013,6,0,6.0,0.0
3221,3280,D.J. Hayden,CB,Houston,191,4.4,0.0,0.0,0.0,0.0,0.0,2013,5,11,5.916666667,0.0
3222,3281,Brandon Hepburn,ILB,Florida A&M,240,4.68,32.0,21.0,124.0,7.4,4.55,2013,6,2,6.166666667,0.0
3223,3282,Eric Herman,OG,Ohio,320,5.25,28.0,36.0,95.0,7.99,5.09,2013,6,4,6.333333333,0.0
3224,3283,Aaron Hester,CB,UCLA,198,4.62,29.0,0.0,112.0,7.26,4.33,2013,6,2,6.166666667,0.0
3225,3284,Jordan Hill,DT,Penn State,303,5.23,22.5,28.0,103.0,7.49,4.51,2013,6,1,6.083333333,0.0
3226,3285,Gerald Hodges,OLB,Penn State,243,4.78,0.0,22.0,119.0,0.0,0.0,2013,6,1,6.083333333,0.0
3227,3286,DeVonte Holloman,OLB,South Carolina,243,4.76,33.0,15.0,113.0,7.3,4.26,2013,6,1,6.083333333,0.0
3228,3287,Khaled Holmes,C,USC,302,5.29,0.0,13.0,0.0,0.0,0.0,2013,6,3,6.25,0.0
3229,3288,DeAndre Hopkins,WR,Clemson,214,4.57,36.0,15.0,115.0,0.0,4.5,2013,6,1,6.083333333,0.0
3230,3289,Dustin Hopkins,K,Florida State,193,4.74,33.5,0.0,116.0,0.0,0.0,2013,6,2,6.166666667,0.0
3231,3290,Josh Hubner,P,Arizona State,232,5.06,0.0,13.0,0.0,0.0,0.0,2013,6,4,6.333333333,0.0
3232,3291,Montori Hughes,DT,Tennessee-Martin,329,5.23,26.5,22.0,104.0,7.85,4.7,2013,6,4,6.333333333,0.0
3233,3292,Margus Hunt,DE,SMU,277,4.62,34.5,38.0,121.0,7.07,4.51,2013,6,8,6.666666667,0.0
3234,3293,Justin Hunter,WR,Tennessee,196,4.44,39.5,0.0,136.0,0.0,4.33,2013,6,4,6.333333333,0.0
3235,3294,Micah Hyde,CB,Iowa,197,4.56,33.0,12.0,121.0,6.78,4.2,2013,6,0,6.0,0.0
3236,3295,Luke Ingram,LS,Hawaii,258,5.05,0.0,24.0,106.0,0.0,0.0,2013,6,5,6.416666667,0.0
3237,3296,Mark Jackson,OG,Glenville State,328,5.65,20.5,20.0,91.0,8.07,5.03,2013,6,5,6.416666667,0.0
3238,3297,Mike James,RB,Miami (FL),223,4.53,35.0,28.0,115.0,0.0,4.62,2013,5,10,5.833333333,0.0
3239,3298,Jawan Jamison,RB,Rutgers,203,4.68,29.0,20.0,110.0,0.0,0.0,2013,5,7,5.583333333,0.0
3240,3299,Stefphon Jefferson,RB,Nevada,213,4.68,31.0,15.0,117.0,6.97,4.44,2013,5,10,5.833333333,0.0
3241,3300,D.C. Jefferson,TE,Rutgers,255,4.97,0.0,3.0,0.0,0.0,0.0,2013,6,6,6.5,0.0
3242,3301,Tony Jefferson,S,Oklahoma,213,4.75,0.0,16.0,0.0,0.0,0.0,2013,5,11,5.916666667,0.0
3243,3302,Brandon Jenkins,DE,Florida State,251,5.07,0.0,18.0,0.0,0.0,0.0,2013,6,2,6.166666667,0.0
3244,3303,Jelani Jenkins,ILB,Florida,243,4.65,0.0,27.0,0.0,0.0,0.0,2013,6,0,6.0,0.0
3245,3304,John Jenkins,DT,Georgia,346,5.21,0.0,30.0,0.0,0.0,0.0,2013,6,4,6.333333333,0.0
3246,3305,Luke Joeckel,OT,Texas A&M,306,5.3,28.5,27.0,106.0,7.4,4.68,2013,6,6,6.5,0.0
3247,3306,Darius Johnson,WR,SMU,179,4.6,32.0,6.0,109.0,0.0,4.53,2013,5,9,5.75,0.0
3248,3307,Josh Johnson,CB,Purdue,199,4.65,35.0,16.0,114.0,6.99,4.25,2013,5,9,5.75,0.0
3249,3308,Keelan Johnson,S,Arizona State,209,4.54,36.5,12.0,125.0,6.77,4.07,2013,6,0,6.0,0.0
3250,3309,Lane Johnson,OT,Oklahoma,303,4.72,34.0,28.0,118.0,7.31,4.52,2013,6,6,6.5,0.0
3251,3310,Nico Johnson,ILB,Alabama,248,4.73,0.0,0.0,0.0,0.0,0.0,2013,6,2,6.166666667,0.0
3252,3311,Oscar Johnson,OT,Louisiana Tech,331,5.49,22.0,0.0,88.0,8.06,5.06,2013,6,5,6.416666667,0.0
3253,3312,T.J. Johnson,C,South Carolina,310,5.33,25.5,32.0,96.0,7.83,4.74,2013,6,4,6.333333333,0.0
3254,3313,Jamaal Johnson-Webb,OG,Alabama A&M,313,5.37,23.0,17.0,92.0,8.12,4.74,2013,6,5,6.416666667,0.0
3255,3314,Abry Jones,DT,Georgia,313,5.06,26.5,30.0,101.0,0.0,0.0,2013,6,3,6.25,0.0
3256,3315,Barrett Jones,C,Alabama,306,5.43,0.0,0.0,0.0,0.0,0.0,2013,6,4,6.333333333,0.0
3257,3316,Chris Jones,DT,Bowling Green,302,5.33,0.0,30.0,0.0,7.34,4.44,2013,6,2,6.166666667,0.0
3258,3317,Datone Jones,DE,UCLA,283,4.8,31.5,29.0,112.0,7.32,4.32,2013,6,4,6.333333333,0.0
3259,3318,Jarvis Jones,OLB,Georgia,245,4.74,0.0,0.0,0.0,0.0,0.0,2013,6,2,6.166666667,0.0
3260,3319,Landry Jones,QB,Oklahoma,225,5.11,31.0,0.0,115.0,7.12,4.3,2013,6,4,6.333333333,0.0
3261,3321,Dion Jordan,OLB,Oregon,248,4.54,32.5,0.0,122.0,7.02,4.35,2013,6,6,6.5,0.0
3262,3322,Nick Kasa,TE,Colorado,269,4.71,31.5,22.0,113.0,0.0,0.0,2013,6,6,6.5,0.0
3263,3323,Brandon Kaufman,WR,East. Washington,216,4.67,33.5,9.0,115.0,7.11,4.44,2013,6,5,6.416666667,0.0
3264,3324,Travis Kelce,TE,Cincinnati,255,4.63,0.0,0.0,0.0,0.0,0.0,2013,6,5,6.416666667,0.0
3265,3325,Tavarres King,WR,Georgia,189,4.47,36.5,11.0,123.0,6.91,4.33,2013,6,0,6.0,0.0
3266,3326,A.J. Klein,ILB,Iowa State,250,4.66,0.0,20.0,113.0,0.0,0.0,2013,6,1,6.083333333,0.0
3267,3327,Collin Klein,QB,Kansas State,226,4.78,29.0,0.0,111.0,7.17,4.4,2013,6,5,6.416666667,0.0
3268,3328,Jake Knott,OLB,Iowa State,243,4.84,0.0,0.0,0.0,0.0,0.0,2013,6,2,6.166666667,0.0
3269,3329,Scott Kovanda,P,Ball State,207,4.84,0.0,0.0,0.0,0.0,0.0,2013,6,2,6.166666667,0.0
3270,3330,Joe Kruger,DE,Utah,269,4.83,34.0,24.0,117.0,7.17,4.46,2013,6,6,6.5,0.0
3271,3331,Edmund Kugbila,OG,Valdosta State,317,5.13,22.5,23.0,105.0,7.72,4.65,2013,6,4,6.333333333,0.0
3272,3332,Eddie Lacy,RB,Alabama,231,4.55,0.0,0.0,0.0,0.0,0.0,2013,5,11,5.916666667,0.0
3273,3333,Marcus Lattimore,RB,South Carolina,221,4.65,0.0,0.0,0.0,0.0,0.0,2013,5,11,5.916666667,0.0
3274,3334,Alec Lemon,WR,Syracuse,202,4.59,32.0,7.0,112.0,7.04,4.29,2013,6,1,6.083333333,0.0
3275,3335,Corey Lemonier,DE,Auburn,255,4.6,33.0,27.0,119.0,7.14,4.4,2013,6,3,6.25,0.0
3276,3336,Robert Lester,S,Alabama,220,4.66,33.5,0.0,117.0,0.0,0.0,2013,6,1,6.083333333,0.0
3277,3337,Kapron Lewis-Moore,DT,Notre Dame,298,4.95,0.0,0.0,0.0,0.0,0.0,2013,6,4,6.333333333,0.0
3278,3338,Zach Line,FB,SMU,232,4.77,30.5,26.0,111.0,0.0,0.0,2013,6,0,6.0,0.0
3279,3339,Jeff Locke,P,UCLA,209,4.82,0.0,0.0,0.0,0.0,0.0,2013,6,1,6.083333333,0.0
3280,3340,Bennie Logan,DT,LSU,309,5.08,25.0,30.0,104.0,7.53,4.67,2013,6,2,6.166666667,0.0
3281,3341,P.J. Lonergan,C,LSU,304,5.38,0.0,25.0,0.0,0.0,0.0,2013,6,3,6.25,0.0
3282,3342,Kyle Long,OG,Oregon,313,4.91,28.0,0.0,107.0,7.83,4.63,2013,6,6,6.5,0.0
3283,3343,John Lotulelei,OLB,UNLV,233,4.84,35.5,25.0,117.0,6.91,4.3,2013,5,11,5.916666667,0.0
3284,3344,Star Lotulelei,DT,Utah,311,5.14,0.0,0.0,0.0,0.0,0.0,2013,6,2,6.166666667,0.0
3285,3345,Philip Lutzenkirchen,TE,Auburn,258,4.94,30.5,21.0,112.0,7.15,4.35,2013,6,3,6.25,0.0
3286,3346,Joe Madsen,C,West Virginia,310,5.2,25.0,25.0,98.0,7.6,4.83,2013,6,3,6.25,0.0
3287,3347,Lamar Mady,OG,Youngstown State,317,5.48,23.0,35.0,95.0,8.07,4.82,2013,6,2,6.166666667,0.0
3288,3348,Brandon Magee,OLB,Arizona State,223,4.74,0.0,0.0,114.0,0.0,0.0,2013,5,11,5.916666667,0.0
3289,3349,Brett Maher,K,Nebraska,186,4.89,0.0,0.0,0.0,0.0,0.0,2013,6,0,6.0,0.0
3290,3350,E.J. Manuel,QB,Florida State,237,4.65,34.0,0.0,118.0,7.08,4.21,2013,6,5,6.416666667,0.0
3291,3351,Stansly Maponga,DE,TCU,256,4.78,0.0,30.0,0.0,0.0,0.0,2013,6,2,6.166666667,0.0
3292,3352,Luke Marquardt,OT,Azusa Pacific,315,5.34,0.0,31.0,0.0,0.0,0.0,2013,6,8,6.666666667,0.0
3293,3353,Tyrann Mathieu,CB,LSU,186,4.5,34.0,4.0,117.0,6.87,4.14,2013,5,9,5.75,0.0
3294,3354,Michael Mauti,OLB,Penn State,243,4.83,0.0,28.0,0.0,0.0,0.0,2013,6,2,6.166666667,0.0
3295,3355,Miguel Maysonet,RB,Stony Brook,209,4.54,0.0,20.0,0.0,7.21,4.43,2013,5,9,5.75,0.0
3296,3356,Onterio McCalebb,RB,Auburn,168,4.34,34.0,0.0,121.0,0.0,0.0,2013,5,10,5.833333333,0.0
3297,3357,Demetrius McCray,CB,Appalachian State,187,4.54,36.0,4.0,126.0,7.17,4.32,2013,6,1,6.083333333,0.0
3298,3358,Lerentee McCray,OLB,Florida,250,4.74,0.0,0.0,0.0,0.0,0.0,2013,6,2,6.166666667,0.0
3299,3359,T.J. McDonald,S,USC,219,4.59,40.0,19.0,131.0,6.89,4.2,2013,6,2,6.166666667,0.0
3300,3360,Vance McDonald,TE,Rice,267,4.69,33.5,31.0,119.0,7.08,4.53,2013,6,4,6.333333333,0.0
3301,3361,Brad McDougald,S,Illinois,215,4.51,34.5,19.0,122.0,7.07,4.44,2013,6,0,6.0,0.0
3302,3362,Leon McFadden,CB,San Diego State,193,4.54,34.5,10.0,119.0,6.81,4.27,2013,5,10,5.833333333,0.0
3303,3363,Brandon McGee,CB,Miami (FL),193,4.4,33.5,14.0,119.0,6.71,4.18,2013,5,11,5.916666667,0.0
3304,3364,Stacy McGee,DT,Oklahoma,308,4.98,0.0,0.0,0.0,0.0,0.0,2013,6,3,6.25,0.0
3305,3365,Aaron Mellette,WR,Elon,217,4.54,33.5,9.0,123.0,7.11,4.41,2013,6,2,6.166666667,0.0
3306,3366,Christine Michael,RB,Texas A&M,220,4.54,43.0,27.0,125.0,6.69,4.02,2013,5,10,5.833333333,0.0
3307,3367,Rontez Miles,S,California (PA),203,4.62,36.5,0.0,123.0,6.97,4.27,2013,6,0,6.0,0.0
3308,3368,Stephane Milhim,OG,Massachusetts,314,5.14,28.5,0.0,104.0,0.0,4.87,2013,6,4,6.333333333,0.0
3309,3369,Dee Milliner,CB,Alabama,201,4.37,36.0,0.0,122.0,6.95,4.32,2013,6,0,6.0,0.0
3310,3370,Jordan Mills,OT,Louisiana Tech,316,5.37,28.5,20.0,101.0,8.1,4.88,2013,6,5,6.416666667,0.0
3311,3372,Barkevious Mingo,OLB,LSU,241,4.58,37.0,0.0,128.0,6.84,4.39,2013,6,4,6.333333333,0.0
3312,3373,Kevin Minter,ILB,LSU,246,4.81,33.0,25.0,119.0,0.0,0.0,2013,6,0,6.0,0.0
3313,3374,T.J. Moe,WR,Missouri,204,4.74,36.0,26.0,120.0,6.53,3.96,2013,5,11,5.916666667,0.0
3314,3375,Sam Montgomery,DE,LSU,262,4.81,34.5,0.0,114.0,7.18,4.51,2013,6,3,6.25,0.0
3315,3376,Nick Moody,OLB,Florida State,236,4.71,0.0,17.0,118.0,0.0,0.0,2013,6,1,6.083333333,0.0
3316,3377,Damontre Moore,DE,Texas A&M,250,4.95,35.5,12.0,122.0,0.0,0.0,2013,6,4,6.333333333,0.0
3317,3378,Sio Moore,OLB,Connecticut,245,4.65,38.0,29.0,127.0,7.49,4.31,2013,6,1,6.083333333,0.0
3318,3379,Zeke Motta,S,Notre Dame,213,4.75,35.5,11.0,126.0,6.75,4.16,2013,6,2,6.166666667,0.0
3319,3380,Ryan Nassib,QB,Syracuse,227,5.06,28.5,0.0,105.0,7.34,4.53,2013,6,2,6.166666667,0.0
3320,3381,Xavier Nixon,OT,Florida,321,5.23,0.0,0.0,0.0,0.0,0.0,2013,6,6,6.5,0.0
3321,3382,Alec Ogletree,OLB,Georgia,242,4.7,33.5,20.0,122.0,7.16,4.39,2013,6,2,6.166666667,0.0
3322,3383,Alex Okafor,DE,Texas,264,4.78,0.0,21.0,0.0,0.0,0.0,2013,6,4,6.333333333,0.0
3323,3384,Ryan Otten,TE,San Jose State,230,4.69,0.0,0.0,0.0,0.0,0.0,2013,6,5,6.416666667,0.0
3324,3385,Vinston Painter,OT,Virginia Tech,306,4.95,30.5,32.0,97.0,7.71,4.56,2013,6,4,6.333333333,0.0
3325,3386,Chris Pantale,TE,Boston Col.,254,4.99,33.5,17.0,110.0,7.48,4.5,2013,6,5,6.416666667,0.0
3326,3387,Cordarrelle Patterson,WR,Tennessee,216,4.42,37.0,0.0,128.0,0.0,0.0,2013,6,2,6.166666667,0.0
3327,3388,Quinton Patton,WR,Louisiana Tech,204,4.53,33.0,8.0,118.0,6.91,4.01,2013,6,0,6.0,0.0
3328,3389,Sean Porter,OLB,Texas A&M,229,4.75,35.0,22.0,119.0,0.0,0.0,2013,6,1,6.083333333,0.0
3329,3390,Keith Pough,ILB,Howard,239,4.87,33.0,17.0,118.0,7.28,4.47,2013,6,2,6.166666667,0.0
3330,3391,Ty Powell,OLB,Harding,249,4.64,37.0,28.0,122.0,6.98,4.4,2013,6,2,6.166666667,0.0
3331,3392,Jordan Poyer,CB,Oregon State,191,4.54,30.5,8.0,118.0,6.87,4.18,2013,6,0,6.0,0.0
3332,3393,Lonnie Pryor,FB,Florida State,227,4.7,30.0,17.0,114.0,7.28,4.55,2013,5,11,5.916666667,0.0
3333,3394,Justin Pugh,OT,Syracuse,307,5.12,28.5,0.0,103.0,7.45,4.63,2013,6,4,6.333333333,0.0
3334,3395,David Quessenberry,OT,San Jose State,302,5.08,29.5,25.0,112.0,7.49,4.45,2013,6,5,6.416666667,0.0
3335,3396,Bacarri Rambo,S,Georgia,211,4.56,0.0,17.0,0.0,0.0,0.0,2013,6,0,6.0,0.0
3336,3397,Joseph Randle,RB,Oklahoma State,204,4.63,35.0,0.0,123.0,0.0,0.0,2013,6,0,6.0,0.0
3337,3398,Kevin Reddick,ILB,North Carolina,243,4.72,0.0,23.0,113.0,0.0,0.0,2013,6,1,6.083333333,0.0
3338,3399,Jordan Reed,TE,Florida,236,4.72,0.0,16.0,0.0,0.0,0.0,2013,6,2,6.166666667,0.0
3339,3400,Greg Reid,CB,Florida State,190,4.46,0.0,10.0,0.0,0.0,0.0,2013,5,8,5.666666667,0.0
3340,3401,Eric Reid,S,LSU,213,4.53,40.5,17.0,134.0,6.99,4.22,2013,6,1,6.083333333,0.0
3341,3402,Sean Renfree,QB,Duke,219,4.76,0.0,0.0,0.0,0.0,0.0,2013,6,3,6.25,0.0
3342,3403,Xavier Rhodes,CB,Florida State,210,4.43,40.5,14.0,132.0,0.0,0.0,2013,6,1,6.083333333,0.0
3343,3404,Sheldon Richardson,DT,Missouri,294,5.02,32.0,30.0,116.0,0.0,0.0,2013,6,2,6.166666667,0.0
3344,3405,Theo Riddick,RB,Notre Dame,201,4.68,32.0,0.0,118.0,0.0,0.0,2013,5,10,5.833333333,0.0
3345,3406,Mychal Rivera,TE,Tennessee,242,4.81,31.0,17.0,112.0,7.17,4.43,2013,6,3,6.25,0.0
3346,3407,Nickell Robey,CB,USC,169,4.53,37.5,10.0,127.0,6.74,4.09,2013,5,7,5.583333333,0.0
3347,3408,Denard Robinson,WR,Michigan,199,4.43,36.5,0.0,123.0,7.09,4.22,2013,5,10,5.833333333,0.0
3348,3409,Da'Rick Rogers,WR,Tennessee Tech,217,4.5,39.5,10.0,132.0,6.71,4.06,2013,6,2,6.166666667,0.0
3349,3410,Robbie Rouse,RB,Fresno State,190,4.8,34.0,15.0,114.0,6.97,4.25,2013,5,6,5.5,0.0
3350,3411,Logan Ryan,CB,Rutgers,191,4.56,32.5,14.0,116.0,6.69,4.06,2013,5,11,5.916666667,0.0
3351,3412,Etienne Sabino,OLB,Ohio State,247,4.75,0.0,24.0,114.0,0.0,0.0,2013,6,2,6.166666667,0.0
3352,3413,Lanear Sampson,WR,Baylor,204,4.46,33.5,20.0,119.0,7.1,4.38,2013,5,11,5.916666667,0.0
3353,3414,Ace Sanders,WR,South Carolina,173,4.58,32.0,7.0,117.0,6.81,4.37,2013,5,7,5.583333333,0.0
3354,3415,Brian Schwenke,C,California,314,4.99,26.5,31.0,108.0,7.31,4.74,2013,6,3,6.25,0.0
3355,3416,Matt Scott,QB,Arizona,213,4.69,31.0,0.0,118.0,6.69,3.99,2013,6,2,6.166666667,0.0
3356,3417,Quinn Sharp,P,Oklahoma State,189,4.86,0.0,0.0,0.0,0.0,0.0,2013,6,1,6.083333333,0.0
3357,3418,Kawann Short,DT,Purdue,299,5.08,0.0,0.0,0.0,0.0,0.0,2013,6,3,6.25,0.0
3358,3419,John Simon,OLB,Ohio State,257,4.62,0.0,0.0,0.0,0.0,0.0,2013,6,1,6.083333333,0.0
3359,3420,Tharold Simon,CB,LSU,202,4.51,34.0,9.0,128.0,0.0,0.0,2013,6,2,6.166666667,0.0
3360,3421,Dion Sims,TE,Michigan State,262,4.75,35.0,22.0,112.0,7.36,4.52,2013,6,5,6.416666667,0.0
3361,3423,Jamoris Slaughter,S,Notre Dame,195,4.57,0.0,0.0,0.0,0.0,0.0,2013,6,0,6.0,0.0
3362,3424,Darius Slay,CB,Mississippi State,192,4.36,35.5,14.0,124.0,6.9,4.21,2013,6,0,6.0,0.0
3363,3425,Geno Smith,QB,West Virginia,218,4.58,33.5,0.0,124.0,0.0,0.0,2013,6,2,6.166666667,0.0
3364,3426,Jared Smith,DT,New Hampshire,302,5.08,32.5,28.0,115.0,7.2,4.39,2013,6,3,6.25,0.0
3365,3427,Quanterus Smith,DE,Western Kentucky,250,4.74,0.0,0.0,0.0,0.0,0.0,2013,6,5,6.416666667,0.0
3366,3428,Rodney Smith,WR,Florida State,225,4.51,34.5,0.0,120.0,7.03,4.07,2013,6,4,6.333333333,0.0
3367,3429,Brad Sorensen,QB,Southern Utah,229,4.97,29.0,0.0,112.0,7.17,4.55,2013,6,4,6.333333333,0.0
3368,3430,Ryan Spadola,WR,Lehigh,204,4.48,33.5,15.0,119.0,6.72,4.07,2013,6,1,6.083333333,0.0
3369,3431,Akeem Spence,DT,Illinois,307,5.15,30.0,37.0,107.0,7.82,4.72,2013,6,1,6.083333333,0.0
3370,3432,Damion Square,DE,Alabama,293,5.23,0.0,0.0,0.0,0.0,0.0,2013,6,2,6.166666667,0.0
3371,3433,Zac Stacy,RB,Vanderbilt,216,4.55,33.0,27.0,122.0,6.7,4.17,2013,5,8,5.666666667,0.0
3372,3434,Daimion Stafford,S,Nebraska,221,4.69,30.5,21.0,111.0,7.06,0.0,2013,6,0,6.0,0.0
3373,3435,Matt Stankiewitch,C,Penn State,302,5.43,24.0,27.0,92.0,7.9,4.96,2013,6,3,6.25,0.0
3374,3436,Jawanza Starling,S,USC,202,4.64,36.0,17.0,122.0,6.68,4.34,2013,6,1,6.083333333,0.0
3375,3437,Jonathan Stewart,ILB,Texas A&M,242,4.68,31.0,19.0,118.0,7.44,4.53,2013,6,4,6.333333333,0.0
3376,3438,Walter Stewart,DE,Cincinnati,246,4.69,0.0,0.0,0.0,0.0,0.0,2013,6,4,6.333333333,0.0
3377,3439,Kenny Stills,WR,Oklahoma,194,4.38,33.5,16.0,124.0,0.0,4.35,2013,6,0,6.0,0.0
3378,3440,Jake Stoneburner,TE,Ohio State,252,4.65,34.5,18.0,116.0,7.12,4.27,2013,6,3,6.25,0.0
3379,3441,Caleb Sturgis,K,Florida,188,4.77,0.0,0.0,0.0,0.0,0.0,2013,5,10,5.833333333,0.0
3380,3442,Dax Swanson,CB,SMU,186,4.56,33.0,15.0,122.0,0.0,0.0,2013,5,10,5.833333333,0.0
3381,3443,D.J. Swearinger,S,South Carolina,208,4.67,37.0,17.0,124.0,6.7,4.11,2013,5,10,5.833333333,0.0
3382,3444,Rod Sweeting,CB,Georgia Tech,189,4.42,37.0,11.0,124.0,0.0,0.0,2013,5,11,5.916666667,0.0
3383,3445,Ryan Swope,WR,Texas A&M,205,4.34,37.0,16.0,125.0,6.76,4.25,2013,6,0,6.0,0.0
3384,3446,Bruce Taylor,ILB,Virginia Tech,237,5.01,30.5,19.0,115.0,7.21,4.39,2013,6,1,6.083333333,0.0
3385,3447,Devin Taylor,DE,South Carolina,266,4.72,35.0,14.0,128.0,6.89,4.3,2013,6,7,6.583333333,0.0
3386,3448,Jamar Taylor,CB,Boise State,192,4.39,35.0,22.0,127.0,6.82,4.06,2013,5,11,5.916666667,0.0
3387,3449,Mike Taylor,OLB,Wisconsin,234,4.75,0.0,0.0,0.0,0.0,0.0,2013,6,1,6.083333333,0.0
3388,3450,Stepfan Taylor,RB,Stanford,214,4.76,30.0,17.0,110.0,7.13,4.5,2013,5,9,5.75,0.0
3389,3451,Manti Te'o,ILB,Notre Dame,241,4.82,33.0,0.0,113.0,7.13,4.27,2013,6,1,6.083333333,0.0
3390,3452,Chase Thomas,OLB,Stanford,244,4.91,32.0,18.0,113.0,7.17,4.31,2013,6,3,6.25,0.0
3391,3453,Dallas Thomas,OT,Tennessee,306,5.08,0.0,0.0,0.0,0.0,0.0,2013,6,5,6.416666667,0.0
3392,3454,Phillip Thomas,S,Fresno State,208,4.65,35.0,14.0,122.0,0.0,0.0,2013,6,0,6.0,0.0
3393,3455,Shamarko Thomas,S,Syracuse,213,4.42,40.5,28.0,133.0,0.0,4.26,2013,5,9,5.75,0.0
3394,3456,Kenbrell Thompkins,WR,Cincinnati,193,4.54,33.5,8.0,121.0,6.88,4.21,2013,6,1,6.083333333,0.0
3395,3457,Chris Thompson,RB,Florida State,192,4.42,0.0,21.0,0.0,0.0,0.0,2013,5,7,5.583333333,0.0
3396,3458,Hugh Thornton,OG,Illinois,320,5.11,0.0,27.0,0.0,7.45,4.63,2013,6,3,6.25,0.0
3397,3459,Levine Toilolo,TE,Stanford,260,4.86,31.0,17.0,113.0,7.09,4.57,2013,6,8,6.666666667,0.0
3398,3460,J.C. Tretter,OG,Cornell,307,5.09,29.5,29.0,109.0,7.48,4.69,2013,6,4,6.333333333,0.0
3399,3461,Desmond Trufant,CB,Washington,190,4.38,37.5,16.0,125.0,0.0,3.85,2013,6,0,6.0,0.0
3400,3462,Matthew Tucker,RB,TCU,221,4.55,35.5,17.0,118.0,0.0,0.0,2013,6,0,6.0,0.0
3401,3463,Kenny Vaccaro,S,Texas,214,4.63,38.0,15.0,121.0,6.78,4.06,2013,6,0,6.0,0.0
3402,3464,James Vandenberg,QB,Iowa,226,4.92,32.0,0.0,116.0,6.95,4.52,2013,6,3,6.25,0.0
3403,3465,Conner Vernon,WR,Duke,196,4.68,32.5,0.0,125.0,6.93,4.22,2013,6,0,6.0,0.0
3404,3466,Ricky Wagner,OT,Wisconsin,308,5.17,31.5,20.0,101.0,7.94,4.91,2013,6,6,6.5,0.0
3405,3467,Spencer Ware,RB,LSU,228,4.62,0.0,0.0,0.0,0.0,0.0,2013,5,10,5.833333333,0.0
3406,3468,Larry Warford,OG,Kentucky,332,5.58,22.5,28.0,96.0,7.78,5.1,2013,6,3,6.25,0.0
3407,3469,Chance Warmack,OG,Alabama,317,5.49,0.0,0.0,110.0,0.0,0.0,2013,6,2,6.166666667,0.0
3408,3470,Cornelius Washington,DE,Georgia,265,4.55,39.0,36.0,128.0,0.0,0.0,2013,6,4,6.333333333,0.0
3409,3471,Earl Watford,OG,James Madison,300,5.06,30.0,24.0,107.0,7.77,5.0,2013,6,3,6.25,0.0
3410,3472,Menelik Watson,OT,Florida State,310,5.29,24.5,0.0,103.0,8.31,5.01,2013,6,5,6.416666667,0.0
3411,3474,Jason Weaver,OT,Southern Miss,313,5.44,21.0,23.0,94.0,8.23,5.07,2013,6,4,6.333333333,0.0
3412,3475,B.W. Webb,CB,William & Mary,184,4.51,40.5,14.0,132.0,6.82,3.84,2013,5,10,5.833333333,0.0
3413,3476,Kayvon Webster,CB,South Florida,195,4.41,35.0,14.0,125.0,0.0,0.0,2013,5,10,5.833333333,0.0
3414,3477,Bjoern Werner,DE,Florida State,266,4.83,31.0,25.0,111.0,7.3,4.4,2013,6,3,6.25,0.0
3415,3478,John Wetzel,OT,Boston Col.,315,5.46,25.0,22.0,105.0,7.9,4.81,2013,6,7,6.583333333,0.0
3416,3479,Markus Wheaton,WR,Oregon State,189,4.45,37.0,20.0,120.0,6.8,4.02,2013,5,11,5.916666667,0.0
3417,3480,J.J. Wilcox,S,Georgia Southern,213,4.57,35.0,17.0,124.0,7.02,4.09,2013,6,0,6.0,0.0
3418,3481,Nathan Williams,OLB,Ohio State,241,4.88,35.0,24.0,113.0,6.99,4.44,2013,6,3,6.25,0.0
3419,3482,Brandon Williams,DT,Missouri Southern,335,5.37,29.5,38.0,102.0,8.09,4.91,2013,6,1,6.083333333,0.0
3420,3483,Brennan Williams,OT,North Carolina,318,5.27,0.0,0.0,0.0,0.0,0.0,2013,6,6,6.5,0.0
3421,3484,Duke Williams,S,Nevada,203,4.48,37.5,13.0,126.0,0.0,4.0,2013,5,11,5.916666667,0.0
3422,3485,Jesse Williams,DT,Alabama,323,4.94,0.0,30.0,0.0,0.0,0.0,2013,6,3,6.25,0.0
3423,3486,Kerwynn Williams,RB,Utah State,195,4.48,35.0,17.0,118.0,7.15,4.15,2013,5,8,5.666666667,0.0
3424,3487,Nicholas Williams,DT,Samford,309,4.94,33.0,28.0,111.0,7.55,4.65,2013,6,4,6.333333333,0.0
3425,3488,Shawn Williams,S,Georgia,213,4.46,36.0,25.0,120.0,7.01,4.25,2013,6,0,6.0,0.0
3426,3489,Steve Williams,CB,California,181,4.42,40.5,12.0,128.0,6.89,4.1,2013,5,9,5.75,0.0
3427,3490,Sylvester Williams,DT,North Carolina,313,5.03,26.5,27.0,102.0,7.93,4.8,2013,6,3,6.25,0.0
3428,3491,Terrance Williams,WR,Baylor,208,4.52,32.5,11.0,119.0,7.01,4.32,2013,6,2,6.166666667,0.0
3429,3492,Tourek Williams,DE,Florida International,260,4.92,33.0,25.0,112.0,0.0,0.0,2013,6,3,6.25,0.0
3430,3493,Trevardo Williams,OLB,Connecticut,241,4.57,38.0,30.0,124.0,0.0,0.0,2013,6,1,6.083333333,0.0
3431,3494,Braden Wilson,FB,Kansas State,251,4.81,0.0,22.0,0.0,0.0,0.0,2013,6,3,6.25,0.0
3432,3495,Marquess Wilson,WR,Washington State,194,4.51,34.5,7.0,122.0,6.65,4.33,2013,6,3,6.25,0.0
3433,3496,Tyler Wilson,QB,Arkansas,215,4.95,28.5,0.0,112.0,7.22,4.39,2013,6,2,6.166666667,0.0
3434,3497,Brad Wing,P,LSU,205,4.86,0.0,0.0,0.0,0.0,0.0,2013,6,2,6.166666667,0.0
3435,3498,George Winn,RB,Cincinnati,218,4.75,34.5,22.0,119.0,0.0,0.0,2013,5,10,5.833333333,0.0
3436,3499,Brian Winters,OG,Kent State,320,5.22,0.0,9.0,0.0,0.0,0.0,2013,6,4,6.333333333,0.0
3437,3500,Earl Wolff,S,North Carolina State,209,4.44,39.0,0.0,134.0,0.0,4.07,2013,5,11,5.916666667,0.0
3438,3501,Cierre Wood,RB,Notre Dame,213,4.56,37.5,16.0,124.0,0.0,0.0,2013,5,11,5.916666667,0.0
3439,3502,Robert Woods,WR,USC,201,4.51,33.5,14.0,117.0,7.15,4.47,2013,6,0,6.0,0.0
3440,3503,Khalid Wooten,CB,Nevada,210,4.53,33.5,17.0,117.0,6.95,4.18,2013,5,11,5.916666667,0.0
3441,3504,Tom Wort,ILB,Oklahoma,235,4.78,31.5,21.0,111.0,7.41,4.51,2013,6,0,6.0,0.0
3442,3505,Blidi Wreh-Wilson,CB,Connecticut,195,4.53,36.0,14.0,128.0,6.97,4.12,2013,6,1,6.083333333,0.0
3443,3506,Emmanuel Acho,OLB,Texas,238,4.64,35.5,24.0,118.0,0.0,0.0,2012,6,2,6.166666667,0.0
3444,3507,Joe Adams,WR,Arkansas,179,4.51,36.0,0.0,123.0,7.09,0.0,2012,5,11,5.916666667,0.0
3445,3508,Mike Adams,OT,Ohio State,323,5.28,28.5,19.0,100.0,7.94,4.95,2012,6,7,6.583333333,0.0
3446,3509,Chas Alecxih,DT,Pittsburgh,296,5.31,25.5,19.0,99.0,7.74,4.62,2012,6,4,6.333333333,0.0
3447,3510,Frank Alexander,DE,Oklahoma,270,4.8,0.0,0.0,0.0,0.0,0.0,2012,6,4,6.333333333,0.0
3448,3511,Antonio Allen,S,South Carolina,210,4.58,34.0,17.0,118.0,7.02,4.25,2012,6,1,6.083333333,0.0
3449,3512,Dwayne Allen,TE,Clemson,255,4.85,32.0,27.0,110.0,7.12,4.37,2012,6,3,6.25,0.0
3450,3513,Jeff Allen,OT,Illinois,307,5.17,27.5,26.0,102.0,8.01,4.9,2012,6,4,6.333333333,0.0
3451,3514,Justin Anderson,OT,Georgia,335,5.24,27.0,32.0,101.0,8.04,4.99,2012,6,4,6.333333333,0.0
3452,3515,Bryan Anger,P,California,208,4.86,0.0,0.0,0.0,0.0,0.0,2012,6,4,6.333333333,0.0
3453,3516,Mark Asper,OG,Oregon,319,5.32,0.0,23.0,0.0,0.0,0.0,2012,6,6,6.5,0.0
3454,3517,Ryan Baker,OLB,LSU,232,4.8,34.0,30.0,113.0,7.21,4.35,2012,5,11,5.916666667,0.0
3455,3518,Edwin Baker,RB,Michigan State,204,4.44,35.0,20.0,111.0,7.27,4.31,2012,5,8,5.666666667,0.0
3456,3519,Mike Ball,RB,Nevada,206,4.54,36.0,21.0,112.0,7.1,4.23,2012,5,8,5.666666667,0.0
3457,3520,Vick Ballard,RB,Mississippi State,219,4.59,33.0,23.0,115.0,7.03,4.19,2012,5,10,5.833333333,0.0
3458,3521,Mark Barron,S,Alabama,213,4.54,0.0,0.0,0.0,0.0,0.0,2012,6,1,6.083333333,0.0
3459,3522,Kelvin Beachum,OG,SMU,303,5.38,28.5,19.0,101.0,7.79,4.8,2012,6,3,6.25,0.0
3460,3523,Tim Benford,WR,Tennessee Tech,205,4.51,0.0,15.0,0.0,0.0,0.0,2012,5,11,5.916666667,0.0
3461,3524,Travis Benjamin,WR,Miami (FL),172,4.31,38.0,14.0,119.0,0.0,0.0,2012,5,10,5.833333333,0.0
3462,3525,Bill Bentley,CB,Colorado,182,4.42,31.5,13.0,114.0,6.99,4.5,2012,5,10,5.833333333,0.0
3463,3526,Jake Bequette,DE,Arkansas,274,4.75,34.0,0.0,113.0,6.9,4.07,2012,6,5,6.416666667,0.0
3464,3527,Tony Bergstrom,OT,Utah,313,5.19,29.5,32.0,101.0,7.95,4.84,2012,6,5,6.416666667,0.0
3465,3528,Justin Bethel,S,Presbyterian,200,4.52,39.5,19.0,131.0,6.79,4.3,2012,6,0,6.0,0.0
3466,3529,Justin Blackmon,WR,Oklahoma State,207,4.46,0.0,14.0,0.0,0.0,0.0,2012,6,1,6.083333333,0.0
3467,3530,Philip Blake,C,Baylor,311,5.17,29.5,22.0,105.0,7.86,4.65,2012,6,3,6.25,0.0
3468,3531,Robert Blanton,CB,Notre Dame,208,4.66,34.0,12.0,116.0,6.71,3.97,2012,6,1,6.083333333,0.0
3469,3532,Jamie Blatnick,DE,Oklahoma State,263,4.81,32.5,28.0,112.0,7.22,4.2,2012,6,3,6.25,0.0
3470,3533,Brandon Bolden,RB,Mississippi,222,4.55,38.0,21.0,119.0,6.96,4.44,2012,5,11,5.916666667,0.0
3471,3534,Omar Bolden,CB,Arizona State,202,4.51,0.0,24.0,0.0,0.0,0.0,2012,5,10,5.833333333,0.0
3472,3535,Brandon Boykin,CB,Georgia,182,4.44,0.0,0.0,0.0,0.0,0.0,2012,5,9,5.75,0.0
3473,3536,Jarrett Boykin,WR,Virginia Tech,217,4.62,36.0,11.0,123.0,7.12,4.28,2012,6,2,6.166666667,0.0
3474,3537,Nigel Bradham,OLB,Florida State,241,4.56,37.0,24.0,121.0,7.18,4.37,2012,6,2,6.166666667,0.0
3475,3538,Andre Branch,DE,Clemson,259,4.67,32.5,19.0,120.0,7.19,4.25,2012,6,4,6.333333333,0.0
3476,3539,LaVon Brazill,WR,Ohio,192,4.43,32.5,11.0,0.0,0.0,0.0,2012,5,11,5.916666667,0.0
3477,3540,Mike Brewster,C,Ohio State,312,5.22,25.0,29.0,96.0,7.73,4.6,2012,6,4,6.333333333,0.0
3478,3541,Michael Brockers,DT,LSU,322,5.31,26.5,0.0,105.0,7.46,4.81,2012,6,5,6.416666667,0.0
3479,3542,Ron Brooks,CB,LSU,190,4.37,38.0,12.0,120.0,0.0,0.0,2012,5,10,5.833333333,0.0
3480,3543,Charles Brown,CB,North Carolina,202,4.53,35.5,18.0,114.0,6.94,4.06,2012,5,9,5.75,0.0
3481,3544,James Brown,OG,Troy,306,5.19,25.5,24.0,102.0,7.7,4.78,2012,6,3,6.25,0.0
3482,3545,Zach Brown,OLB,North Carolina,244,4.44,33.5,0.0,116.0,0.0,0.0,2012,6,1,6.083333333,0.0
3483,3546,Ryan Broyles,WR,Oklahoma,192,4.57,0.0,21.0,0.0,0.0,0.0,2012,5,10,5.833333333,0.0
3484,3547,Randy Bullock,K,Texas A&M,205,0.0,0.0,0.0,0.0,0.0,0.0,2012,5,9,5.75,0.0
3485,3548,Vontaze Burfict,ILB,Arizona State,248,5.0,30.0,0.0,104.0,0.0,0.0,2012,6,1,6.083333333,0.0
3486,3549,Miles Burris,OLB,San Diego State,246,4.67,37.5,31.0,121.0,0.0,0.0,2012,6,2,6.166666667,0.0
3487,3550,Drew Butler,P,Georgia,203,5.04,0.0,0.0,0.0,0.0,0.0,2012,6,1,6.083333333,0.0
3488,3551,Tank Carder,ILB,TCU,236,4.58,34.5,19.0,121.0,6.89,4.18,2012,6,2,6.166666667,0.0
3489,3552,Sean Cattouse,S,California,211,4.74,34.0,0.0,114.0,6.99,4.15,2012,6,2,6.166666667,0.0
3490,3553,Josh Chapman,DT,Alabama,316,5.02,0.0,0.0,0.0,0.0,0.0,2012,6,1,6.083333333,0.0
3491,3554,Orson Charles,TE,Georgia,251,4.73,0.0,35.0,0.0,0.0,0.0,2012,6,2,6.166666667,0.0
3492,3555,Greg Childs,WR,Arkansas,219,4.52,36.5,19.0,125.0,0.0,0.0,2012,6,3,6.25,0.0
3493,3557,Morris Claiborne,CB,LSU,188,4.5,34.5,0.0,118.0,7.01,4.12,2012,5,11,5.916666667,0.0
3494,3558,Danny Coale,WR,Virginia Tech,201,4.42,35.0,12.0,115.0,6.69,4.15,2012,6,0,6.0,0.0
3495,3559,Audie Cole,ILB,North Carolina State,246,4.76,35.0,15.0,114.0,6.96,4.29,2012,6,4,6.333333333,0.0
3496,3560,B.J. Coleman,QB,Tenn-Chattanooga,233,4.94,0.0,0.0,109.0,7.07,4.38,2012,6,3,6.25,0.0
3497,3561,Tom Compton,OT,South Dakota,314,5.01,30.0,20.0,108.0,7.59,4.6,2012,6,5,6.416666667,0.0
3498,3562,Josh Cooper,WR,Oklahoma State,190,4.65,0.0,11.0,0.0,0.0,0.0,2012,5,11,5.916666667,0.0
3499,3563,Quinton Coples,DE,North Carolina,284,4.69,31.5,25.0,109.0,7.57,4.78,2012,6,6,6.5,0.0
3500,3564,Paul Cornick,OT,North Dakota State,310,5.3,0.0,25.0,0.0,0.0,0.0,2012,6,5,6.416666667,0.0
3501,3565,Aaron Corp,QB,Richmond,215,4.61,31.5,0.0,106.0,7.03,4.3,2012,6,3,6.25,0.0
3502,3566,Kirk Cousins,QB,Michigan State,214,4.84,28.5,0.0,109.0,7.05,4.5,2012,6,3,6.25,0.0
3503,3567,Fletcher Cox,DT,Mississippi State,298,4.77,26.0,30.0,103.0,7.07,4.53,2012,6,4,6.333333333,0.0
3504,3568,Jack Crawford,DE,Penn State,274,4.74,33.0,0.0,116.0,7.15,4.25,2012,6,5,6.416666667,0.0
3505,3569,Tyrone Crawford,DE,Boise State,275,4.82,33.0,28.0,113.0,7.09,4.44,2012,6,4,6.333333333,0.0
3506,3570,Lennon Creer,RB,Louisiana Tech,219,4.67,33.5,21.0,110.0,7.26,4.4,2012,5,11,5.916666667,0.0
3507,3571,Jared Crick,DE,Nebraska,279,4.91,31.0,0.0,104.0,7.47,4.4,2012,6,4,6.333333333,0.0
3508,3572,Juron Criner,WR,Arizona,224,4.66,38.0,17.0,117.0,7.15,4.3,2012,6,2,6.166666667,0.0
3509,3573,John Cullen,OT,Utah,297,5.28,27.0,23.0,102.0,7.58,4.59,2012,6,4,6.333333333,0.0
3510,3574,B.J. Cunningham,WR,Michigan State,211,4.52,31.5,12.0,116.0,7.1,0.0,2012,6,1,6.083333333,0.0
3511,3575,Vinny Curry,DE,Marshall,266,4.87,32.0,0.0,110.0,6.9,4.4,2012,6,3,6.25,0.0
3512,3576,Mike Daniels,DT,Iowa,291,4.84,0.0,0.0,0.0,0.0,0.0,2012,6,0,6.0,0.0
3513,3577,Andrew Datko,OT,Florida State,315,5.19,29.5,0.0,100.0,7.71,4.54,2012,6,6,6.5,0.0
3514,3578,Lavonte David,OLB,Nebraska,233,4.57,36.5,19.0,119.0,7.28,4.22,2012,6,1,6.083333333,0.0
3515,3579,Austin Davis,QB,Southern Miss,219,4.69,31.0,0.0,109.0,6.73,4.11,2012,6,2,6.166666667,0.0
3516,3580,Demario Davis,OLB,Arkansas State,235,4.49,38.5,32.0,124.0,7.19,4.28,2012,6,2,6.166666667,0.0
3517,3581,David DeCastro,OG,Stanford,316,5.32,29.5,34.0,98.0,7.3,4.56,2012,6,5,6.416666667,0.0
3518,3582,Alfonzo Dennard,CB,Nebraska,204,4.48,37.0,0.0,121.0,0.0,0.0,2012,5,10,5.833333333,0.0
3519,3583,Taylor Dever,OT,Notre Dame,298,5.4,28.0,18.0,100.0,7.49,4.9,2012,6,5,6.416666667,0.0
3520,3584,Derek Dimke,K,Illinois,178,5.02,0.0,0.0,0.0,0.0,0.0,2012,5,11,5.916666667,0.0
3521,3585,Drake Dunsmore,FB,Northwestern,241,4.63,35.5,21.0,117.0,6.73,4.03,2012,6,2,6.166666667,0.0
3522,3586,Patrick Edwards,WR,Houston,172,4.57,0.0,0.0,0.0,0.0,0.0,2012,5,9,5.75,0.0
3523,3587,Michael Egnew,TE,Missouri,252,4.52,36.0,21.0,131.0,7.03,4.32,2012,6,5,6.416666667,0.0
3524,3588,Rhett Ellison,TE,USC,251,4.78,31.5,0.0,109.0,0.0,0.0,2012,6,5,6.416666667,0.0
3525,3589,Bradie Ewing,FB,Wisconsin,239,4.73,36.5,14.0,120.0,7.14,4.16,2012,6,0,6.0,0.0
3526,3590,Loni Fangupo,DT,BYU,323,5.12,31.5,36.0,99.0,7.94,4.62,2012,6,1,6.083333333,0.0
3527,3591,Antonio Fenelus,CB,Wisconsin,190,4.57,32.0,20.0,109.0,6.8,4.2,2012,5,8,5.666666667,0.0
3528,3592,Coby Fleener,TE,Stanford,247,4.51,0.0,27.0,0.0,0.0,0.0,2012,6,6,6.5,0.0
3529,3593,Darius Fleming,OLB,Notre Dame,245,4.71,33.5,27.0,114.0,7.03,4.28,2012,6,2,6.166666667,0.0
3530,3594,Jamell Fleming,CB,Oklahoma,206,4.43,34.0,23.0,125.0,6.71,3.97,2012,5,11,5.916666667,0.0
3531,3595,Michael Floyd,WR,Notre Dame,220,4.4,36.5,16.0,122.0,0.0,0.0,2012,6,3,6.25,0.0
3532,3596,Nick Foles,QB,Arizona,243,5.14,30.5,0.0,112.0,0.0,0.0,2012,6,5,6.416666667,0.0
3533,3597,Marcus Forston,DT,Miami (FL),301,5.05,28.0,35.0,105.0,7.64,4.79,2012,6,1,6.083333333,0.0
3534,3598,Justin Francis,DE,Rutgers,268,4.9,32.0,23.0,109.0,7.05,4.35,2012,6,2,6.166666667,0.0
3535,3599,Terrence Frederick,CB,Texas A&M,187,4.44,35.0,16.0,121.0,6.59,4.03,2012,5,10,5.833333333,0.0
3536,3600,Jeff Fuller,WR,Texas A&M,223,4.53,0.0,17.0,0.0,0.0,0.0,2012,6,4,6.333333333,0.0
3537,3601,Chris Galippo,ILB,USC,241,4.73,29.5,19.0,107.0,6.9,4.1,2012,6,1,6.083333333,0.0
3538,3602,Terrance Ganaway,RB,Baylor,239,4.61,37.5,0.0,119.0,7.15,4.25,2012,5,11,5.916666667,0.0
3539,3603,Garth Gerhart,C,Arizona State,305,5.38,30.5,25.0,96.0,7.63,4.65,2012,6,1,6.083333333,0.0
3540,3604,Adam Gettis,OG,Iowa,293,4.9,31.5,0.0,112.0,7.99,4.65,2012,6,2,6.166666667,0.0
3541,3605,Stephon Gilmore,CB,South Carolina,190,4.38,36.0,15.0,123.0,6.61,3.94,2012,6,0,6.0,0.0
3542,3606,Chris Givens,WR,Wake Forest,198,4.35,33.5,19.0,118.0,6.97,4.23,2012,5,11,5.916666667,0.0
3543,3608,Cordy Glenn,OT,Georgia,345,5.08,23.5,31.0,93.0,8.13,5.0,2012,6,6,6.5,0.0
3544,3609,Najee Goode,ILB,West Virginia,244,4.55,35.5,0.0,117.0,0.0,0.0,2012,6,0,6.0,0.0
3545,3610,T.J. Graham,WR,North Carolina State,188,4.34,33.5,8.0,120.0,6.77,4.18,2012,5,11,5.916666667,0.0
3546,3611,Cyrus Gray,RB,Texas A&M,206,4.4,32.5,21.0,114.0,7.17,0.0,2012,5,10,5.833333333,0.0
3547,3612,Jonas Gray,RB,Notre Dame,223,4.58,0.0,20.0,0.0,0.0,0.0,2012,5,10,5.833333333,0.0
3548,3613,Ladarius Green,TE,Louisiana-Lafayette,238,4.45,34.5,16.0,124.0,7.12,4.47,2012,6,6,6.5,0.0
3549,3614,Robert Griffin,QB,Baylor,223,4.33,39.0,0.0,120.0,0.0,0.0,2012,6,2,6.166666667,0.0
3550,3615,Winston Guy,S,Kentucky,218,4.62,0.0,0.0,0.0,0.0,0.0,2012,6,1,6.083333333,0.0
3551,3616,Trevor Guyton,DE,California,285,5.01,31.0,0.0,105.0,7.45,4.53,2012,6,3,6.25,0.0
3552,3617,Dominique Hamilton,DT,Missouri,313,5.45,0.0,31.0,0.0,7.82,4.78,2012,6,5,6.416666667,0.0
3553,3618,Jewel Hampton,RB,Southern Illinois,218,4.56,0.0,26.0,0.0,0.0,0.0,2012,5,9,5.75,0.0
3554,3619,Darius Hanks,WR,Alabama,184,4.52,34.0,11.0,117.0,0.0,0.0,2012,6,0,6.0,0.0
3555,3620,James Hanna,TE,Oklahoma,252,4.43,36.0,24.0,122.0,6.76,4.11,2012,6,4,6.333333333,0.0
3556,3621,Cory Harkey,TE,UCLA,260,5.06,26.5,13.0,109.0,7.4,4.69,2012,6,4,6.333333333,0.0
3557,3622,Chandler Harnish,QB,Northern Illinois,219,4.68,32.5,0.0,112.0,6.78,4.15,2012,6,2,6.166666667,0.0
3558,3623,Jacory Harris,QB,Miami (FL),203,4.65,37.0,0.0,113.0,7.1,4.4,2012,6,3,6.25,0.0
3559,3624,Cliff Harris,CB,Oregon,175,4.61,36.0,14.0,118.0,6.79,4.19,2012,5,11,5.916666667,0.0
3560,3625,DaJohn Harris,DT,USC,306,4.97,0.0,0.0,0.0,0.0,0.0,2012,6,3,6.25,0.0
3561,3626,Josh Harris,LS,Auburn,252,4.82,0.0,15.0,0.0,0.0,0.0,2012,6,1,6.083333333,0.0
3562,3627,Mike Harris,CB,Florida State,188,4.52,36.0,0.0,117.0,6.81,4.07,2012,5,10,5.833333333,0.0
3563,3628,Casey Hayward,CB,Vanderbilt,192,4.47,34.0,19.0,119.0,6.76,3.9,2012,5,11,5.916666667,0.0
3564,3629,Junior Hemingway,WR,Michigan,225,4.48,35.5,21.0,124.0,6.59,3.98,2012,6,1,6.083333333,0.0
3565,3630,Dan Herron,RB,Ohio State,213,4.57,35.0,22.0,117.0,6.97,4.04,2012,5,10,5.833333333,0.0
3566,3631,Dont'a Hightower,ILB,Alabama,265,4.62,32.0,0.0,0.0,0.0,0.0,2012,6,2,6.166666667,0.0
3567,3632,Stephen Hill,WR,Georgia Tech,215,4.36,39.5,14.0,133.0,6.88,4.48,2012,6,4,6.333333333,0.0
3568,3633,Ronnie Hillman,RB,San Diego State,200,4.42,37.0,17.0,0.0,0.0,0.0,2012,5,9,5.75,0.0
3569,3634,T.Y. Hilton,WR,Florida International,183,4.34,0.0,0.0,0.0,0.0,0.0,2012,5,9,5.75,0.0
3570,3635,Lamar Holmes,OT,Southern Miss,323,5.29,27.0,22.0,104.0,7.74,4.8,2012,6,5,6.416666667,0.0
3571,3636,Jayron Hosley,CB,Virginia Tech,178,4.38,0.0,11.0,0.0,0.0,0.0,2012,5,10,5.833333333,0.0
3572,3637,Jaye Howard,DT,Florida,301,4.78,27.5,24.0,106.0,7.32,4.47,2012,6,3,6.25,0.0
3573,3638,Delano Howell,S,Stanford,210,4.61,33.0,21.0,120.0,6.97,4.15,2012,5,11,5.916666667,0.0
3574,3639,John Hughes,DT,Cincinnati,309,5.32,0.0,28.0,0.0,0.0,0.0,2012,6,2,6.166666667,0.0
3575,3640,Emil Igwenagu,FB,Massachusetts,249,4.7,34.5,19.0,121.0,7.32,4.4,2012,6,1,6.083333333,0.0
3576,3641,Duke Ihenacho,S,San Jose State,213,4.67,35.0,20.0,122.0,6.78,4.22,2012,6,0,6.0,0.0
3577,3642,George Iloka,S,Boise State,225,4.6,34.5,20.0,124.0,7.03,4.03,2012,6,4,6.333333333,0.0
3578,3643,Melvin Ingram,OLB,South Carolina,264,4.69,34.5,28.0,109.0,6.83,4.18,2012,6,1,6.083333333,0.0
3579,3644,Bruce Irvin,OLB,West Virginia,245,4.41,33.5,23.0,123.0,6.7,4.03,2012,6,3,6.25,0.0
3580,3645,Janzen Jackson,S,McNeese State,188,4.6,36.5,9.0,125.0,6.9,4.15,2012,5,11,5.916666667,0.0
3581,3646,Asa Jackson,CB,Cal Poly,191,4.48,34.5,19.0,118.0,6.97,4.03,2012,5,10,5.833333333,0.0
3582,3647,Jerrell Jackson,WR,Missouri,196,4.5,41.0,22.0,127.0,6.82,4.11,2012,6,0,6.0,0.0
3583,3648,Malik Jackson,DE,Tennessee,284,4.85,28.0,25.0,105.0,7.38,4.41,2012,6,5,6.416666667,0.0
3584,3649,LaMichael James,RB,Oregon,194,4.35,35.0,15.0,123.0,6.88,4.12,2012,5,8,5.666666667,0.0
3585,3650,Jamaar Jarrett,DE,Arizona State,265,4.96,30.0,21.0,114.0,0.0,4.34,2012,6,5,6.416666667,0.0
3586,3651,Jordan Jefferson,QB,LSU,223,4.58,36.5,14.0,116.0,6.81,4.06,2012,6,4,6.333333333,0.0
3587,3652,Alshon Jeffery,WR,South Carolina,216,4.48,0.0,0.0,0.0,0.0,0.0,2012,6,3,6.25,0.0
3588,3653,A.J. Jenkins,WR,Illinois,190,4.37,38.5,12.0,124.0,0.0,0.0,2012,6,0,6.0,0.0
3589,3654,Janoris Jenkins,CB,Florida,193,4.41,33.5,0.0,121.0,6.95,4.13,2012,5,10,5.833333333,0.0
3590,3655,Cam Johnson,DE,Virginia,268,4.75,35.0,0.0,105.0,7.2,4.38,2012,6,3,6.25,0.0
3591,3656,James-Michael Johnson,ILB,Nevada,241,4.6,37.0,23.0,124.0,7.34,4.37,2012,6,1,6.083333333,0.0
3592,3657,Leonard Johnson,CB,Iowa State,196,4.62,32.0,15.0,120.0,6.96,4.15,2012,5,10,5.833333333,0.0
3593,3659,Rishaw Johnson,OG,California (PA),313,5.12,31.5,22.0,108.0,7.87,4.53,2012,6,3,6.25,0.0
3594,3660,Steven Johnson,OLB,Kansas,239,4.71,36.0,16.0,113.0,7.32,4.38,2012,6,0,6.0,0.0
3595,3661,Trumaine Johnson,CB,Montana,204,4.5,35.5,19.0,122.0,7.2,4.15,2012,6,2,6.166666667,0.0
3596,3662,Jeremy Jones,CB,Wayne State (MI),197,4.56,31.5,20.0,116.0,7.14,4.18,2012,5,9,5.75,0.0
3597,3663,Ben Jones,C,Georgia,303,5.35,30.5,29.0,105.0,7.95,4.74,2012,6,3,6.25,0.0
3598,3664,Chandler Jones,DE,Syracuse,266,4.77,35.0,22.0,120.0,7.07,4.38,2012,6,5,6.416666667,0.0
3599,3665,Dwight Jones,WR,North Carolina,230,4.51,33.0,14.0,109.0,0.0,0.0,2012,6,3,6.25,0.0
3600,3666,Marvin Jones,WR,California,199,4.46,33.0,22.0,112.0,6.81,4.11,2012,6,2,6.166666667,0.0
3601,3667,Marcel Jones,OT,Nebraska,320,5.57,27.5,13.0,95.0,8.03,5.12,2012,6,6,6.5,0.0
3602,3668,Coryell Judie,CB,Texas A&M,194,4.45,37.0,0.0,126.0,7.33,4.25,2012,6,0,6.0,0.0
3603,3669,Josh Kaddu,OLB,Oregon,239,4.67,34.0,20.0,119.0,0.0,0.0,2012,6,3,6.25,0.0
3604,3670,Matt Kalil,OT,USC,306,4.96,27.0,30.0,0.0,7.33,4.65,2012,6,7,6.583333333,0.0
3605,3671,Jermaine Kearse,WR,Washington,209,4.5,34.0,14.0,119.0,7.03,4.12,2012,6,1,6.083333333,0.0
3606,3672,Case Keenum,QB,Houston,208,4.72,32.5,0.0,103.0,0.0,0.0,2012,6,1,6.083333333,0.0
3607,3673,Senio Kelemete,OG,Washington,307,5.39,25.0,21.0,101.0,7.77,4.58,2012,6,4,6.333333333,0.0
3608,3674,Mychal Kendricks,ILB,California,239,4.44,39.5,24.0,127.0,0.0,4.19,2012,5,11,5.916666667,0.0
3609,3675,Dre Kirkpatrick,CB,Alabama,186,4.5,35.0,0.0,120.0,0.0,0.0,2012,6,2,6.166666667,0.0
3610,3676,Peter Konz,C,Wisconsin,314,5.16,0.0,18.0,0.0,0.0,0.0,2012,6,5,6.416666667,0.0
3611,3677,Luke Kuechly,ILB,Boston Col.,242,4.58,38.0,27.0,123.0,6.92,4.12,2012,6,3,6.25,0.0
3612,3678,Markus Kuhn,DT,North Carolina State,299,4.87,34.5,28.0,112.0,7.43,4.41,2012,6,5,6.416666667,0.0
3613,3679,Ronald Leary,OG,Memphis,315,5.23,29.0,30.0,104.0,7.87,4.91,2012,6,3,6.25,0.0
3614,3680,Josh LeRibeus,OG,SMU,312,5.31,26.0,29.0,96.0,7.64,4.65,2012,6,3,6.25,0.0
3615,3681,Ronnell Lewis,OLB,Oklahoma,253,4.65,31.0,36.0,112.0,7.09,4.4,2012,6,2,6.166666667,0.0
3616,3682,Travis Lewis,OLB,Oklahoma,246,4.83,36.0,22.0,122.0,0.0,0.0,2012,6,1,6.083333333,0.0
3617,3683,Ryan Lindley,QB,San Diego State,229,4.86,29.5,0.0,108.0,7.52,4.45,2012,6,4,6.333333333,0.0
3618,3684,Brandon Lindsey,OLB,Pittsburgh,254,4.85,33.0,23.0,117.0,7.36,4.28,2012,6,2,6.166666667,0.0
3619,3685,Shawn Loiseau,ILB,Merrimack,244,4.74,32.5,19.0,109.0,0.0,0.0,2012,6,0,6.0,0.0
3620,3686,Joe Looney,OG,Wake Forest,309,5.02,0.0,26.0,0.0,0.0,0.0,2012,6,3,6.25,0.0
3621,3687,Andrew Luck,QB,Stanford,234,4.59,36.0,0.0,124.0,6.8,4.28,2012,6,4,6.333333333,0.0
3622,3688,D'Anton Lynn,CB,Penn State,206,4.71,31.5,17.0,111.0,0.0,0.0,2012,6,0,6.0,0.0
3623,3689,Terrell Manning,OLB,North Carolina State,237,4.71,32.5,22.0,114.0,7.18,4.43,2012,6,2,6.166666667,0.0
3624,3690,Brandon Marshall,OLB,Nevada,242,4.72,30.5,28.0,108.0,7.05,4.09,2012,6,1,6.083333333,0.0
3625,3691,Kyle Martens,P,Rice,226,4.92,0.0,0.0,0.0,0.0,0.0,2012,6,5,6.416666667,0.0
3626,3692,Doug Martin,RB,Boise State,223,4.46,36.0,28.0,120.0,6.79,4.16,2012,5,9,5.75,0.0
3627,3693,Jonathan Martin,OT,Stanford,312,5.27,0.0,0.0,0.0,0.0,0.0,2012,6,5,6.416666667,0.0
3628,3694,Keshawn Martin,WR,Michigan State,188,4.42,39.5,13.0,122.0,6.85,4.13,2012,5,11,5.916666667,0.0
3629,3695,Markelle Martin,S,Oklahoma State,207,4.47,0.0,19.0,0.0,0.0,0.0,2012,6,1,6.083333333,0.0
3630,3696,Mike Martin,DT,Michigan,306,4.8,33.5,36.0,113.0,7.19,4.25,2012,6,1,6.083333333,0.0
3631,3697,Jonathan Massaquoi,OLB,Troy,264,4.81,33.5,20.0,120.0,7.38,4.53,2012,6,2,6.166666667,0.0
3632,3698,Bobby Massie,OT,Mississippi,316,5.18,27.5,22.0,103.0,7.7,4.95,2012,6,6,6.5,0.0
3633,3699,Rishard Matthews,WR,Nevada,217,4.54,36.0,20.0,0.0,6.88,4.19,2012,6,0,6.0,0.0
3634,3700,Marquis Maze,WR,Alabama,186,4.51,33.5,0.0,112.0,0.0,0.0,2012,5,8,5.666666667,0.0
3635,3701,Matt McCants,OT,Ala-Birmingham,308,5.4,25.5,17.0,97.0,0.0,0.0,2012,6,6,6.5,0.0
3636,3702,Antoine McClain,OG,Clemson,329,5.48,27.0,19.0,91.0,8.13,4.82,2012,6,5,6.416666667,0.0
3637,3703,Shea McClellin,OLB,Boise State,260,4.62,31.5,19.0,118.0,7.07,4.33,2012,6,3,6.25,0.0
3638,3704,Kelcie McCray,S,Arkansas State,202,4.48,30.5,12.0,122.0,7.0,4.29,2012,6,2,6.166666667,0.0
3639,3705,Jerron McMillian,S,Maine,203,4.47,36.5,17.0,120.0,6.69,4.22,2012,5,11,5.916666667,0.0
3640,3706,Marvin McNutt,WR,Iowa,216,4.48,37.0,0.0,122.0,7.15,4.07,2012,6,3,6.25,0.0
3641,3707,Caleb McSurdy,ILB,Montana,245,4.82,30.0,26.0,110.0,7.26,4.28,2012,6,1,6.083333333,0.0
3642,3708,Vaughn Meatoga,DT,Hawaii,294,4.93,30.0,27.0,108.0,7.1,4.21,2012,6,1,6.083333333,0.0
3643,3710,Davin Meggett,RB,Maryland,211,4.5,35.0,23.0,118.0,7.14,4.32,2012,5,8,5.666666667,0.0
3644,3711,DeQuan Menzie,CB,Alabama,202,4.65,33.0,0.0,116.0,0.0,0.0,2012,5,11,5.916666667,0.0
3645,3712,Whitney Mercilus,DE,Illinois,261,4.68,32.0,27.0,118.0,7.17,4.53,2012,6,4,6.333333333,0.0
3646,3713,Lamar Miller,RB,Miami (FL),212,4.34,33.0,0.0,0.0,0.0,0.0,2012,5,11,5.916666667,0.0
3647,3714,Ryan Miller,OG,Colorado,321,5.16,28.0,32.0,100.0,7.72,4.78,2012,6,7,6.583333333,0.0
3648,3715,Chase Minnifield,CB,Virginia,183,4.63,0.0,7.0,0.0,0.0,0.0,2012,5,10,5.833333333,0.0
3649,3716,Charles Mitchell,S,Mississippi State,202,4.56,37.0,19.0,127.0,6.93,4.22,2012,5,11,5.916666667,0.0
3650,3717,David Molk,C,Michigan,298,5.18,0.0,41.0,0.0,0.0,0.0,2012,6,1,6.083333333,0.0
3651,3718,Rennie Moore,DT,Clemson,268,5.0,30.5,21.0,109.0,0.0,4.53,2012,6,3,6.25,0.0
3652,3719,Kashif Moore,WR,Connecticut,180,4.36,43.5,19.0,126.0,6.82,4.05,2012,5,9,5.75,0.0
3653,3720,Kellen Moore,QB,Boise State,197,4.82,27.0,0.0,99.0,7.41,4.56,2012,6,0,6.0,0.0
3654,3721,Alfred Morris,RB,Florida Atlantic,219,4.63,35.5,16.0,117.0,7.01,4.19,2012,5,10,5.833333333,0.0
3655,3722,Brandon Mosley,OT,Auburn,314,5.14,27.0,30.0,103.0,7.43,4.78,2012,6,6,6.5,0.0
3656,3723,Derek Moye,WR,Penn State,209,4.46,33.5,10.0,115.0,0.0,4.23,2012,6,4,6.333333333,0.0
3657,3724,Tyler Nielsen,OLB,Iowa,238,4.63,0.0,21.0,0.0,7.27,4.31,2012,6,3,6.25,0.0
3658,3725,Lucas Nix,OG,Pittsburgh,317,5.36,29.5,0.0,102.0,7.81,4.9,2012,6,5,6.416666667,0.0
3659,3726,Josh Norman,CB,Coastal Carolina,197,4.61,33.0,14.0,124.0,7.09,4.23,2012,6,0,6.0,0.0
3660,3727,Brad Nortman,P,Wisconsin,213,4.78,0.0,0.0,0.0,0.0,0.0,2012,6,2,6.166666667,0.0
3661,3728,Josh Oglesby,OT,Virginia Tech,338,5.75,28.5,22.0,0.0,0.0,0.0,2012,6,7,6.583333333,0.0
3662,3729,Kelechi Osemele,OT,Iowa State,333,5.22,26.5,32.0,104.0,7.91,4.87,2012,6,5,6.416666667,0.0
3663,3730,Brock Osweiler,QB,Arizona State,242,4.83,0.0,0.0,0.0,0.0,0.0,2012,6,7,6.583333333,0.0
3664,3731,Chris Owusu,WR,Stanford,196,4.36,40.5,19.0,129.0,6.85,4.11,2012,6,0,6.0,0.0
3665,3732,Eric Page,WR,Toledo,186,4.5,30.0,15.0,112.0,6.95,3.98,2012,5,9,5.75,0.0
3666,3733,Donte Paige-Moss,DE,North Carolina,268,4.67,0.0,26.0,0.0,0.0,0.0,2012,6,3,6.25,0.0
3667,3734,David Paulson,TE,Oregon,246,4.79,32.0,21.0,110.0,7.18,4.4,2012,6,3,6.25,0.0
3668,3735,Isaiah Pead,RB,Cincinnati,197,4.39,33.0,0.0,116.0,6.95,4.32,2012,5,10,5.833333333,0.0
3669,3736,Micah Pellerin,CB,Kansas State,194,4.52,33.0,14.0,116.0,0.0,0.0,2012,6,0,6.0,0.0
3670,3737,Nick Perry,DE,USC,271,4.55,38.5,35.0,124.0,7.25,4.66,2012,6,3,6.25,0.0
3671,3738,DeAngelo Peterson,TE,LSU,243,4.69,36.0,18.0,121.0,7.19,0.0,2012,6,3,6.25,0.0
3672,3739,Bernard Pierce,RB,Temple,218,4.45,36.5,17.0,123.0,7.07,4.28,2012,6,0,6.0,0.0
3673,3740,Eddie Pleasant,S,Oregon,211,4.53,33.5,22.0,116.0,7.12,4.28,2012,5,10,5.833333333,0.0
3674,3741,Dontari Poe,DT,Memphis,346,4.89,29.5,44.0,105.0,7.9,4.56,2012,6,3,6.25,0.0
3675,3742,Chris Polk,RB,Washington,215,4.52,31.5,0.0,111.0,7.13,4.21,2012,5,10,5.833333333,0.0
3676,3743,Tauren Poole,RB,Tennessee,205,4.48,34.0,24.0,118.0,7.36,4.19,2012,5,10,5.833333333,0.0
3677,3744,DeVier Posey,WR,Ohio State,211,4.39,36.5,14.0,123.0,7.03,4.15,2012,6,2,6.166666667,0.0
3678,3745,Nate Potter,OT,Boise State,303,5.26,28.5,22.0,100.0,7.49,4.67,2012,6,6,6.5,0.0
3679,3746,Tydreke Powell,DT,North Carolina,311,5.28,28.5,29.0,99.0,7.31,4.62,2012,6,2,6.166666667,0.0
3680,3747,Chaz Powell,CB,Penn State,203,4.42,33.0,17.0,121.0,6.84,4.16,2012,6,0,6.0,0.0
3681,3748,Shawn Powell,P,Florida State,248,5.06,0.0,0.0,0.0,0.0,0.0,2012,6,4,6.333333333,0.0
3682,3749,Shaun Prater,CB,Iowa,190,4.5,0.0,14.0,0.0,0.0,0.0,2012,5,10,5.833333333,0.0
3683,3750,DeAndre Presley,CB,Appalachian State,185,4.53,32.0,8.0,114.0,7.19,4.28,2012,5,10,5.833333333,0.0
3684,3751,Nick Provo,TE,Syracuse,237,4.76,0.0,0.0,0.0,0.0,0.0,2012,6,3,6.25,0.0
3685,3752,Cyhl Quarles,S,Wake Forest,213,4.54,32.5,19.0,119.0,7.21,4.32,2012,6,1,6.083333333,0.0
3686,3753,Brian Quick,WR,Appalachian State,220,4.5,34.0,15.0,119.0,7.1,4.23,2012,6,3,6.25,0.0
3687,3754,Chris Rainey,RB,Florida,180,4.36,36.5,16.0,120.0,6.5,3.93,2012,5,8,5.666666667,0.0
3688,3755,Kheeston Randall,DT,Texas,293,5.0,34.0,28.0,111.0,7.49,4.84,2012,6,5,6.416666667,0.0
3689,3756,Rueben Randle,WR,LSU,210,4.55,31.0,15.0,121.0,6.99,4.36,2012,6,3,6.25,0.0
3690,3757,Antwuan Reed,CB,Pittsburgh,188,4.58,36.5,14.0,124.0,0.0,4.2,2012,5,10,5.833333333,0.0
3691,3758,Riley Reiff,OT,Iowa,313,5.16,26.5,23.0,98.0,7.87,4.75,2012,6,6,6.5,0.0
3692,3759,Beau Reliford,TE,Florida State,256,4.84,0.0,0.0,0.0,0.0,0.0,2012,6,5,6.416666667,0.0
3693,3761,Kendall Reyes,DT,Connecticut,299,4.82,34.5,36.0,113.0,7.43,4.53,2012,6,4,6.333333333,0.0
3694,3762,Matt Reynolds,OT,BYU,302,5.27,0.0,25.0,0.0,0.0,0.0,2012,6,4,6.333333333,0.0
3695,3763,Sean Richardson,S,Vanderbilt,216,4.43,38.5,22.0,128.0,7.01,4.44,2012,6,2,6.166666667,0.0
3696,3764,Trent Richardson,RB,Alabama,228,4.48,0.0,0.0,0.0,0.0,0.0,2012,5,9,5.75,0.0
3697,3765,Travian Robertson,DT,South Carolina,302,5.12,26.0,30.0,102.0,0.0,0.0,2012,6,4,6.333333333,0.0
3698,3766,Gerell Robinson,WR,Arizona State,227,4.54,35.5,0.0,113.0,0.0,4.15,2012,6,3,6.25,0.0
3699,3767,Trenton Robinson,S,Michigan State,195,4.46,35.0,15.0,125.0,0.0,4.15,2012,5,10,5.833333333,0.0
3700,3768,Josh Robinson,CB,Central Florida,199,4.29,38.5,17.0,133.0,6.55,3.97,2012,5,10,5.833333333,0.0
3701,3769,Keenan Robinson,ILB,Texas,242,4.72,35.5,27.0,120.0,0.0,0.0,2012,6,3,6.25,0.0
3702,3770,James Rodgers,WR,Oregon State,184,4.61,37.0,19.0,115.0,0.0,4.23,2012,5,7,5.583333333,0.0
3703,3771,Evan Rodriguez,FB,Temple,239,4.53,36.0,18.0,119.0,6.94,4.28,2012,6,1,6.083333333,0.0
3704,3772,Brett Roy,DT,Nevada,275,5.0,30.5,32.0,108.0,7.31,4.62,2012,6,3,6.25,0.0
3705,3773,Zebrie Sanders,OT,Florida State,320,5.33,27.0,28.0,100.0,8.15,4.99,2012,6,6,6.5,0.0
3706,3774,Mohamed Sanu,WR,Rutgers,211,4.62,36.0,19.0,126.0,6.88,4.22,2012,6,1,6.083333333,0.0
3707,3775,Quentin Saulsberry,C,Mississippi State,304,5.28,22.0,26.0,90.0,8.19,4.99,2012,6,2,6.166666667,0.0
3708,3776,Mitchell Schwartz,OT,California,318,5.38,26.5,23.0,89.0,7.86,4.87,2012,6,5,6.416666667,0.0
3709,3777,Darrell Scott,RB,South Florida,231,4.68,31.5,0.0,0.0,0.0,0.0,2012,6,0,6.0,0.0
3710,3778,Coty Sensabaugh,CB,Clemson,189,4.33,37.0,15.0,122.0,6.6,4.06,2012,5,11,5.916666667,0.0
3711,3779,Derrick Shelby,DE,Utah,266,4.87,35.5,26.0,116.0,7.09,4.5,2012,6,3,6.25,0.0
3712,3780,Amini Silatolu,OG,Midwestern State,311,5.33,31.5,28.0,107.0,7.95,4.87,2012,6,4,6.333333333,0.0
3713,3781,Harrison Smith,S,Notre Dame,213,4.54,34.0,19.0,122.0,6.63,4.12,2012,6,2,6.166666667,0.0
3714,3782,Jacquies Smith,DE,Missouri,253,4.75,31.5,21.0,110.0,7.25,4.31,2012,6,3,6.25,0.0
3715,3783,Scott Solomon,DE,Rice,262,4.88,35.0,34.0,124.0,7.17,4.25,2012,6,3,6.25,0.0
3716,3784,Sean Spence,OLB,Miami (FL),231,4.66,33.5,12.0,119.0,7.46,4.28,2012,5,11,5.916666667,0.0
3717,3785,Brian Stahovich,P,San Diego State,211,4.78,0.0,0.0,0.0,0.0,0.0,2012,6,0,6.0,0.0
3718,3786,Ryan Steed,CB,Furman,195,4.64,34.0,12.0,121.0,6.94,4.22,2012,5,10,5.833333333,0.0
3719,3787,Donald Stephenson,OT,Oklahoma,312,4.94,35.5,19.0,114.0,7.52,4.78,2012,6,5,6.416666667,0.0
3720,3788,Devon Still,DT,Penn State,303,5.01,29.5,26.0,0.0,0.0,0.0,2012,6,5,6.416666667,0.0
3721,3789,Tommy Streeter,WR,Miami (FL),219,4.37,33.0,17.0,125.0,7.08,0.0,2012,6,5,6.416666667,0.0
3722,3790,Nathan Stupar,OLB,Penn State,241,4.65,31.0,21.0,116.0,6.84,4.28,2012,6,2,6.166666667,0.0
3723,3791,J.R. Sweezy,DT,North Carolina State,298,4.97,36.0,21.0,113.0,7.4,4.41,2012,6,5,6.416666667,0.0
3724,3792,Alameda Ta'amu,DT,Washington,348,5.3,26.0,35.0,103.0,0.0,0.0,2012,6,2,6.166666667,0.0
3725,3793,Ryan Tannehill,QB,Texas A&M,221,4.65,0.0,0.0,0.0,0.0,0.0,2012,6,4,6.333333333,0.0
3726,3794,Brandon Taylor,S,LSU,209,4.52,33.5,0.0,118.0,7.32,4.37,2012,5,11,5.916666667,0.0
3727,3795,Dave Teggart,K,Connecticut,201,5.25,0.0,0.0,0.0,0.0,0.0,2012,6,0,6.0,0.0
3728,3796,Darron Thomas,QB,Oregon,220,4.77,36.0,14.0,121.0,7.17,4.28,2012,6,3,6.25,0.0
3729,3797,Johnny Thomas,S,Oklahoma State,206,4.57,35.5,20.0,123.0,7.01,4.25,2012,5,10,5.833333333,0.0
3730,3798,Phillip Thomas,S,Syracuse,198,4.68,33.0,14.0,122.0,0.0,0.0,2012,5,11,5.916666667,0.0
3731,3799,Brandon Thompson,DT,Clemson,314,5.2,31.0,35.0,100.0,7.97,4.71,2012,6,2,6.166666667,0.0
3732,3800,Christian Thompson,S,South Carolina State,211,4.42,31.5,18.0,122.0,7.33,4.13,2012,6,0,6.0,0.0
3733,3801,Andrew Tiller,OG,Syracuse,324,5.44,23.0,16.0,85.0,7.92,4.8,2012,6,4,6.333333333,0.0
3734,3802,Nick Toon,WR,Wisconsin,215,4.49,37.5,18.0,0.0,0.0,0.0,2012,6,2,6.166666667,0.0
3735,3803,Danny Trevathan,OLB,Kentucky,237,4.84,31.5,18.0,111.0,0.0,0.0,2012,6,0,6.0,0.0
3736,3804,Johnnie Troutman,OG,Penn State,325,5.52,27.5,31.0,0.0,7.96,5.0,2012,6,4,6.333333333,0.0
3737,3805,Christian Tupou,DT,USC,289,5.38,24.0,30.0,92.0,8.07,4.87,2012,6,2,6.166666667,0.0
3738,3806,Robert Turbin,RB,Utah State,222,4.42,36.0,28.0,122.0,7.16,4.31,2012,5,10,5.833333333,0.0
3739,3807,Marc Tyler,RB,USC,219,4.7,30.5,19.0,110.0,0.0,0.0,2012,5,11,5.916666667,0.0
3740,3808,DeAngelo Tyson,DT,Georgia,315,5.0,0.0,0.0,0.0,0.0,0.0,2012,6,2,6.166666667,0.0
3741,3809,Courtney Upshaw,DE,Alabama,272,4.74,0.0,22.0,0.0,0.0,0.0,2012,6,2,6.166666667,0.0
3742,3810,Olivier Vernon,DE,Miami (FL),261,4.73,34.5,31.0,122.0,7.39,4.5,2012,6,2,6.166666667,0.0
3743,3812,Trevin Wade,CB,Arizona,192,4.52,34.5,18.0,116.0,6.87,4.0,2012,5,10,5.833333333,0.0
3744,3813,Dustin Waldron,OT,Portland State,305,5.23,26.0,29.0,103.0,7.93,4.75,2012,6,5,6.416666667,0.0
3745,3814,Blair Walsh,K,Georgia,187,4.96,0.0,0.0,0.0,0.0,0.0,2012,5,9,5.75,0.0
3746,3815,Brandon Washington,OG,Miami (FL),320,5.14,25.0,28.0,101.0,8.22,4.87,2012,6,3,6.25,0.0
3747,3816,Rokevious Watkins,OG,South Carolina,338,5.29,27.0,0.0,102.0,7.87,4.9,2012,6,4,6.333333333,0.0
3748,3817,Brandon Weeden,QB,Oklahoma State,221,4.89,0.0,0.0,0.0,0.0,0.0,2012,6,3,6.25,0.0
3749,3818,Corey White,S,Samford,206,4.53,37.5,15.0,126.0,6.72,4.22,2012,5,11,5.916666667,0.0
3750,3819,Jordan White,WR,West. Michigan,208,4.63,35.0,14.0,119.0,6.84,4.13,2012,6,0,6.0,0.0
3751,3820,Tahir Whitehead,OLB,Temple,233,4.62,37.0,21.0,124.0,7.14,4.37,2012,6,1,6.083333333,0.0
3752,3821,Fozzy Whittaker,RB,Texas,193,4.49,0.0,20.0,0.0,0.0,0.0,2012,5,9,5.75,0.0
3753,3822,Carson Wiggs,K,Purdue,221,4.91,0.0,0.0,0.0,0.0,0.0,2012,6,1,6.083333333,0.0
3754,3823,Kyle Wilber,OLB,Wake Forest,249,4.73,33.5,25.0,117.0,7.11,4.31,2012,6,4,6.333333333,0.0
3755,3824,David Wilson,RB,Virginia Tech,206,4.38,41.0,0.0,132.0,7.09,4.12,2012,5,10,5.833333333,0.0
3756,3825,Russell Wilson,QB,Wisconsin,204,4.53,34.0,0.0,118.0,6.97,4.09,2012,5,11,5.916666667,0.0
3757,3826,Billy Winn,DE,Boise State,294,4.86,27.0,24.0,107.0,7.37,4.44,2012,6,4,6.333333333,0.0
3758,3827,Patrick Witt,QB,Yale,225,5.06,31.5,0.0,101.0,7.14,4.37,2012,6,3,6.25,0.0
3759,3828,Derek Wolfe,DT,Cincinnati,295,4.93,33.5,33.0,108.0,7.26,4.44,2012,6,5,6.416666667,0.0
3760,3829,Jerel Worthy,DT,Michigan State,308,5.0,28.5,0.0,107.0,7.6,4.56,2012,6,2,6.166666667,0.0
3761,3830,Jarius Wright,WR,Arkansas,182,4.39,38.0,11.0,120.0,6.93,4.03,2012,5,10,5.833333333,0.0
3762,3831,Kendall Wright,WR,Baylor,196,4.49,38.5,0.0,121.0,6.93,4.18,2012,5,10,5.833333333,0.0
3763,3832,Devon Wylie,WR,Fresno State,187,4.36,39.0,17.0,123.0,0.0,0.0,2012,5,9,5.75,0.0
3764,3833,Desmond Wynn,OG,Rutgers,303,4.98,32.5,28.0,0.0,0.0,0.0,2012,6,5,6.416666667,0.0
3765,3834,Kevin Zeitler,OG,Wisconsin,314,5.32,29.0,32.0,101.0,7.77,4.61,2012,6,4,6.333333333,0.0
3766,3835,Markus Zusevics,OT,Iowa,303,5.08,0.0,0.0,0.0,0.0,0.0,2012,6,5,6.416666667,0.0
3767,3836,Sam Acho,OLB,Texas,262,4.67,33.5,23.0,112.0,6.69,4.32,2011,6,2,6.166666667,0.0
3768,3837,Darvin Adams,WR,Auburn,190,4.56,0.0,0.0,0.0,0.0,0.0,2011,6,2,6.166666667,0.0
3769,3838,Danny Aiken,LS,Virginia,244,5.0,0.0,11.0,0.0,0.0,0.0,2011,6,4,6.333333333,0.0
3770,3839,Ladi Ajiboye,DT,South Carolina,297,5.3,24.0,23.0,91.0,7.72,4.71,2011,6,1,6.083333333,0.0
3771,3840,Anthony Allen,RB,Georgia Tech,228,4.56,41.5,24.0,120.0,6.79,4.06,2011,6,1,6.083333333,0.0
3772,3841,Armando Allen,RB,Notre Dame,199,4.59,0.0,23.0,0.0,0.0,0.0,2011,5,8,5.666666667,0.0
3773,3842,Cortez Allen,CB,Citadel,197,4.5,35.5,18.0,129.0,6.76,4.01,2011,6,1,6.083333333,0.0
3774,3843,Pierre Allen,DE,Nebraska,273,4.78,0.0,0.0,0.0,0.0,0.0,2011,6,3,6.25,0.0
3775,3844,Prince Amukamara,CB,Nebraska,206,4.38,38.0,15.0,128.0,6.97,4.08,2011,6,0,6.0,0.0
3776,3845,David Arkin,OG,Missouri State,300,5.31,29.0,25.0,103.0,7.6,4.63,2011,6,5,6.416666667,0.0
3777,3846,Matt Asiata,RB,Utah,229,4.77,30.0,22.0,104.0,7.09,4.37,2011,5,11,5.916666667,0.0
3778,3847,Marvin Austin,DT,North Carolina,309,4.84,30.5,38.0,112.0,7.33,4.4,2011,6,2,6.166666667,0.0
3779,3848,Akeem Ayers,OLB,UCLA,254,4.81,31.0,18.0,116.0,7.49,4.28,2011,6,2,6.166666667,0.0
3780,3849,Allen Bailey,DE,Miami (FL),285,4.71,36.5,27.0,117.0,7.43,4.56,2011,6,3,6.25,0.0
3781,3850,Dan Bailey,K,Oklahoma State,193,4.92,0.0,0.0,0.0,0.0,0.0,2011,6,0,6.0,0.0
3782,3851,Brandon Bair,DE,Oregon,276,4.92,28.0,26.0,114.0,7.07,4.37,2011,6,6,6.5,0.0
3783,3852,Jon Baldwin,WR,Pittsburgh,228,4.49,42.0,20.0,129.0,7.07,4.34,2011,6,4,6.333333333,0.0
3784,3853,Christian Ballard,DE,Iowa,283,4.75,31.5,0.0,111.0,7.54,4.51,2011,6,4,6.333333333,0.0
3785,3854,Joe Barksdale,OT,LSU,325,5.31,29.0,29.0,103.0,8.27,4.75,2011,6,5,6.416666667,0.0
3786,3855,Ryan Bartholomew,C,Syracuse,302,4.93,26.5,34.0,92.0,7.62,4.62,2011,6,1,6.083333333,0.0
3787,3856,Jeremy Beal,DE,Oklahoma,262,5.14,28.5,22.0,106.0,7.19,4.46,2011,6,2,6.166666667,0.0
3788,3857,Nick Bellore,ILB,Central Michigan,245,4.84,32.5,23.0,109.0,6.98,4.0,2011,6,1,6.083333333,0.0
3789,3858,Damien Berry,RB,Miami (FL),211,4.58,33.5,23.0,120.0,7.0,4.12,2011,5,10,5.833333333,0.0
3790,3859,Armon Binns,WR,Cincinnati,209,4.5,31.5,13.0,118.0,6.86,4.31,2011,6,3,6.25,0.0
3791,3860,Ahmad Black,S,Florida,184,4.7,35.5,18.0,119.0,6.85,4.2,2011,5,9,5.75,0.0
3792,3861,Clint Boling,OG,Georgia,308,5.28,31.0,28.0,102.0,7.66,4.64,2011,6,5,6.416666667,0.0
3793,3862,Justin Boren,OG,Ohio State,309,5.4,0.0,28.0,0.0,7.57,4.75,2011,6,3,6.25,0.0
3794,3863,Matt Bosher,P,Miami (FL),208,4.78,0.0,8.0,0.0,0.0,0.0,2011,6,1,6.083333333,0.0
3795,3864,Da'Quan Bowers,DE,Clemson,280,4.92,0.0,22.0,0.0,0.0,0.0,2011,6,3,6.25,0.0
3796,3865,Allen Bradford,RB,USC,242,4.53,29.0,28.0,113.0,6.97,4.39,2011,5,11,5.916666667,0.0
3797,3866,James Brewer,OT,Indiana,323,5.21,26.0,25.0,100.0,7.84,4.81,2011,6,6,6.5,0.0
3798,3867,Niles Brinkley,CB,Wisconsin,193,4.54,33.5,15.0,120.0,7.23,0.0,2011,5,9,5.75,0.0
3799,3868,DeAndre Brown,WR,Southern Miss,233,4.59,29.0,20.0,117.0,6.93,4.33,2011,6,6,6.5,0.0
3800,3869,Chykie Brown,CB,Texas,190,4.49,36.5,0.0,120.0,6.5,4.0,2011,5,11,5.916666667,0.0
3801,3870,Curtis Brown,CB,Texas,185,4.51,39.5,10.0,128.0,6.59,4.0,2011,6,0,6.0,0.0
3802,3871,Jalil Brown,CB,Colorado,204,4.52,35.5,24.0,116.0,6.85,4.25,2011,6,1,6.083333333,0.0
3803,3872,Vincent Brown,WR,San Diego State,187,4.68,33.5,12.0,121.0,6.64,4.25,2011,5,11,5.916666667,0.0
3804,3873,Kendric Burney,CB,North Carolina,186,4.71,32.5,14.0,112.0,0.0,0.0,2011,5,9,5.75,0.0
3805,3874,Brandon Burton,CB,Utah,190,4.5,32.0,18.0,118.0,6.93,4.07,2011,6,0,6.0,0.0
3806,3875,Stephen Burton,WR,West Texas A&M,221,4.5,34.5,19.0,117.0,7.04,4.31,2011,6,1,6.083333333,0.0
3807,3876,Mario Butler,CB,Georgia Tech,182,4.65,30.5,0.0,120.0,7.09,4.37,2011,6,0,6.0,0.0
3808,3877,Jordan Cameron,TE,USC,254,4.53,37.5,23.0,119.0,6.82,4.03,2011,6,5,6.416666667,0.0
3809,3878,Jeff Van Camp,QB,Florida Atlantic,218,4.83,31.0,0.0,114.0,6.87,4.16,2011,6,5,6.416666667,0.0
3810,3879,Marcus Cannon,OT,TCU,358,5.26,30.5,33.0,105.0,8.07,4.97,2011,6,5,6.416666667,0.0
3811,3880,Gabe Carimi,OT,Wisconsin,314,5.18,31.5,29.0,109.0,0.0,0.0,2011,6,7,6.583333333,0.0
3812,3881,Roc Carmichael,CB,Virginia Tech,192,4.41,31.0,13.0,116.0,6.69,4.06,2011,5,10,5.833333333,0.0
3813,3882,James Carpenter,OT,Alabama,321,5.22,0.0,23.0,0.0,0.0,0.0,2011,6,4,6.333333333,0.0
3814,3883,Bruce Carter,OLB,North Carolina,241,4.57,0.0,25.0,0.0,0.0,0.0,2011,6,1,6.083333333,0.0
3815,3884,Chris Carter,OLB,Fresno State,248,4.58,36.0,27.0,114.0,6.88,4.34,2011,6,1,6.083333333,0.0
3816,3885,Delone Carter,RB,Syracuse,222,4.54,37.0,27.0,120.0,6.92,4.07,2011,5,9,5.75,0.0
3817,3887,Quinton Carter,S,Oklahoma,208,4.57,34.5,23.0,121.0,7.05,4.06,2011,6,1,6.083333333,0.0
3818,3888,Jurrell Casey,DT,USC,300,5.04,27.5,26.0,101.0,7.51,4.78,2011,6,1,6.083333333,0.0
3819,3889,Anthony Castonzo,OT,Boston Col.,311,5.21,29.5,28.0,105.0,7.25,4.4,2011,6,7,6.583333333,0.0
3820,3890,Shaun Chapas,FB,Georgia,247,4.87,35.5,23.0,116.0,7.13,4.4,2011,6,2,6.166666667,0.0
3821,3891,Chimdi Chekwa,CB,Ohio State,191,4.38,34.5,0.0,126.0,0.0,0.0,2011,6,0,6.0,0.0
3822,3892,Ugo Chinasa,DE,Oklahoma State,264,4.63,28.0,22.0,117.0,7.07,4.39,2011,6,5,6.416666667,0.0
3823,3893,Garrett Chisolm,OG,South Carolina,312,5.36,0.0,0.0,0.0,0.0,0.0,2011,6,5,6.416666667,0.0
3824,3894,Charles Clay,FB,Tulsa,245,4.69,33.5,18.0,118.0,7.07,4.15,2011,6,3,6.25,0.0
3825,3895,John Clay,RB,Wisconsin,230,4.83,29.0,0.0,111.0,0.0,0.0,2011,6,0,6.0,0.0
3826,3896,Adrian Clayborn,DE,Iowa,281,4.78,33.0,0.0,113.0,7.3,4.13,2011,6,3,6.25,0.0
3827,3897,Randall Cobb,WR,Kentucky,191,4.46,33.5,16.0,115.0,7.08,4.34,2011,5,10,5.833333333,0.0
3828,3898,Ryan Colburn,QB,Fresno State,233,5.12,0.0,0.0,0.0,6.84,4.28,2011,6,3,6.25,0.0
3829,3899,Chris Conte,S,California,197,4.52,35.5,18.0,127.0,7.01,4.19,2011,6,2,6.166666667,0.0
3830,3900,Graig Cooper,RB,Miami (FL),205,4.6,0.0,18.0,114.0,6.66,4.03,2011,5,10,5.833333333,0.0
3831,3901,Vance Cuff,CB,Georgia,178,4.53,36.0,0.0,120.0,6.91,4.09,2011,5,10,5.833333333,0.0
3832,3902,Chris Culliver,CB,South Carolina,199,4.36,38.5,0.0,123.0,6.88,4.08,2011,6,0,6.0,0.0
3833,3903,Andy Dalton,QB,TCU,215,4.83,29.5,0.0,106.0,6.93,4.27,2011,6,2,6.166666667,0.0
3834,3904,Wayne Daniels,OLB,TCU,260,5.03,25.0,0.0,106.0,7.81,4.68,2011,6,0,6.0,0.0
3835,3905,Marcell Dareus,DT,Alabama,319,4.93,27.0,24.0,0.0,7.83,4.62,2011,6,3,6.25,0.0
3836,3906,Josh Davis,OT,Georgia,313,5.5,24.0,0.0,91.0,7.98,5.07,2011,6,7,6.583333333,0.0
3837,3907,Mark Dell,WR,Michigan State,193,4.54,0.0,14.0,0.0,0.0,0.0,2011,6,0,6.0,0.0
3838,3908,Akeem Dent,ILB,Georgia,242,4.73,37.5,24.0,123.0,0.0,0.0,2011,6,1,6.083333333,0.0
3839,3909,Noel Devine,RB,West Virginia,179,4.43,0.0,24.0,0.0,0.0,0.0,2011,5,7,5.583333333,0.0
3840,3910,Pat Devlin,QB,Pittsburgh,225,4.81,33.0,0.0,116.0,7.08,4.32,2011,6,3,6.25,0.0
3841,3911,Demarcus Dobbs,DE,Georgia,281,4.87,31.0,0.0,107.0,7.22,4.37,2011,6,2,6.166666667,0.0
3842,3912,Ray Dominguez,OG,Arkansas,334,5.45,27.5,21.0,90.0,7.74,4.9,2011,6,4,6.333333333,0.0
3843,3913,Ryan Donahue,P,Iowa,193,4.9,0.0,0.0,0.0,0.0,0.0,2011,6,2,6.166666667,0.0
3844,3914,Tandon Doss,WR,Indiana,201,4.62,0.0,14.0,0.0,0.0,0.0,2011,6,2,6.166666667,0.0
3845,3915,Ras-I Dowling,CB,Virginia,198,4.4,0.0,19.0,0.0,0.0,0.0,2011,6,1,6.083333333,0.0
3846,3916,Shaun Draughn,RB,North Carolina,213,4.73,34.0,21.0,118.0,7.15,4.2,2011,5,11,5.916666667,0.0
3847,3917,Demarcus Van Dyke,CB,Miami (FL),176,4.28,33.5,5.0,121.0,6.97,4.09,2011,6,1,6.083333333,0.0
3848,3918,Kenrick Ellis,DT,Kansas State,346,5.19,0.0,26.0,0.0,0.0,0.0,2011,6,5,6.416666667,0.0
3849,3919,Ricky Elmore,DE,Arizona,255,4.88,31.5,26.0,106.0,7.25,4.32,2011,6,4,6.333333333,0.0
3850,3920,Nathan Enderle,QB,Idaho,240,5.12,25.5,0.0,102.0,7.13,4.46,2011,6,4,6.333333333,0.0
3851,3921,Darren Evans,RB,Virginia Tech,227,4.56,35.0,26.0,111.0,6.96,4.46,2011,6,0,6.0,0.0
3852,3922,Nick Fairley,DT,Auburn,291,4.84,31.0,0.0,113.0,7.14,4.56,2011,6,4,6.333333333,0.0
3853,3923,Mario Fannin,RB,Auburn,231,4.37,37.5,21.0,115.0,6.99,4.21,2011,5,10,5.833333333,0.0
3854,3924,Kai Forbath,K,UCLA,197,4.78,0.0,0.0,0.0,0.0,0.0,2011,5,11,5.916666667,0.0
3855,3925,Reid Forrest,P,Washington State,189,4.69,0.0,0.0,0.0,0.0,0.0,2011,6,0,6.0,0.0
3856,3926,Mason Foster,OLB,Washington,245,4.75,31.0,22.0,110.0,7.14,4.45,2011,6,1,6.083333333,0.0
3857,3927,Orlando Franklin,OT,Miami (FL),316,5.11,28.5,26.0,0.0,0.0,0.0,2011,6,5,6.416666667,0.0
3858,3928,Sione Fua,DT,Stanford,308,5.28,24.0,30.0,101.0,7.54,4.54,2011,6,1,6.083333333,0.0
3859,3929,Brandon Fusco,C,Slippery Rock,306,5.18,28.5,26.0,108.0,7.29,4.43,2011,6,4,6.333333333,0.0
3860,3930,Blaine Gabbert,QB,Missouri,234,4.61,33.5,0.0,120.0,6.84,4.26,2011,6,4,6.333333333,0.0
3861,3931,Charlie Gantt,TE,Michigan State,252,4.85,30.5,27.0,112.0,7.15,4.4,2011,6,4,6.333333333,0.0
3862,3932,Clyde Gates,WR,Abilene Christian,192,4.31,40.0,16.0,131.0,0.0,0.0,2011,6,0,6.0,0.0
3863,3933,Marcus Gilbert,OT,Florida,330,5.41,0.0,30.0,0.0,0.0,0.0,2011,6,6,6.5,0.0
3864,3934,Marcus Gilchrist,CB,Clemson,195,4.45,38.5,26.0,119.0,6.81,4.12,2011,5,10,5.833333333,0.0
3865,3935,DeJon Gomes,S,Nebraska,208,4.5,31.0,13.0,110.0,0.0,0.0,2011,5,11,5.916666667,0.0
3866,3936,Cameron Graham,TE,Louisville,244,5.0,31.0,18.0,105.0,7.19,4.51,2011,6,3,6.25,0.0
3867,3938,Adam Grant,OT,Arizona,325,5.54,26.5,25.0,99.0,8.25,5.0,2011,6,6,6.5,0.0
3868,3939,John Graves,DT,Virginia Tech,286,5.09,28.5,29.0,114.0,7.49,4.49,2011,6,3,6.25,0.0
3869,3940,A.J. Green,WR,Georgia,211,4.48,34.5,18.0,126.0,6.91,4.21,2011,6,4,6.333333333,0.0
3870,3941,Alex Green,RB,Hawaii,225,4.45,34.0,20.0,114.0,6.91,4.15,2011,6,0,6.0,0.0
3871,3942,Virgil Green,TE,Nevada,249,4.54,42.5,23.0,130.0,6.9,4.4,2011,6,3,6.25,0.0
3872,3943,Tori Gurley,WR,South Carolina,216,4.53,33.5,15.0,118.0,7.05,4.25,2011,6,4,6.333333333,0.0
3873,3944,Lawrence Guy,DT,Arizona State,305,4.96,29.0,28.0,0.0,7.6,4.43,2011,6,4,6.333333333,0.0
3874,3945,Eric Hagg,S,Nebraska,209,4.62,34.5,18.0,121.0,6.73,4.19,2011,6,1,6.083333333,0.0
3875,3946,Chris Hairston,OT,Clemson,326,5.38,29.0,33.0,96.0,7.9,4.7,2011,6,6,6.5,0.0
3876,3947,Jamel Hamler,WR,Fresno State,193,4.59,32.0,4.0,112.0,7.16,4.18,2011,6,1,6.083333333,0.0
3877,3948,Leonard Hankerson,WR,Miami (FL),209,4.4,36.0,14.0,117.0,6.94,4.21,2011,6,1,6.083333333,0.0
3878,3949,Daniel Hardy,TE,Idaho,249,4.78,0.0,18.0,0.0,0.0,0.0,2011,6,4,6.333333333,0.0
3879,3950,Jamie Harper,RB,Clemson,233,4.53,36.5,24.0,120.0,7.16,4.39,2011,5,11,5.916666667,0.0
3880,3951,Brandon Harris,CB,Miami (FL),191,4.46,35.5,13.0,113.0,6.77,4.12,2011,5,9,5.75,0.0
3881,3952,Dwayne Harris,WR,East Carolina,203,4.53,34.0,10.0,111.0,6.77,4.21,2011,5,10,5.833333333,0.0
3882,3953,Stanley Havili,FB,USC,227,4.64,0.0,0.0,0.0,0.0,0.0,2011,6,0,6.0,0.0
3883,3954,Roy Helu,RB,Nebraska,219,4.4,36.5,11.0,119.0,6.67,4.01,2011,5,11,5.916666667,0.0
3884,3955,Alex Henery,K,Nebraska,177,4.87,0.0,0.0,0.0,0.0,0.0,2011,6,1,6.083333333,0.0
3885,3956,Chas Henry,P,Florida,219,4.85,0.0,0.0,0.0,0.0,0.0,2011,6,3,6.25,0.0
3886,3957,Ricky Henry,OG,Nebraska,308,5.68,24.0,20.0,90.0,7.98,4.68,2011,6,3,6.25,0.0
3887,3958,Mark Herzlich,OLB,Boston Col.,244,4.91,32.5,29.0,112.0,7.32,4.46,2011,6,4,6.333333333,0.0
3888,3959,Cameron Heyward,DE,Ohio State,294,4.95,30.0,0.0,0.0,0.0,0.0,2011,6,5,6.416666667,0.0
3889,3960,Will Hill,S,Florida,202,4.64,31.0,0.0,123.0,0.0,4.19,2011,6,1,6.083333333,0.0
3890,3961,Jermale Hines,S,Ohio State,219,4.59,31.0,19.0,0.0,6.9,4.21,2011,6,1,6.083333333,0.0
3891,3962,Kyle Hix,OT,Texas,319,5.44,32.0,24.0,104.0,7.77,4.78,2011,6,7,6.583333333,0.0
3892,3963,Brandon Hogan,CB,West Virginia,192,4.43,0.0,19.0,0.0,0.0,0.0,2011,5,10,5.833333333,0.0
3893,3964,Doug Hogue,OLB,Syracuse,235,4.62,36.0,18.0,121.0,7.09,4.57,2011,6,2,6.166666667,0.0
3894,3965,Andre Holmes,WR,Hillsdale,210,4.51,35.0,11.0,130.0,6.69,4.31,2011,6,4,6.333333333,0.0
3895,3966,Ross Homan,OLB,Ohio State,240,4.66,35.5,32.0,111.0,7.21,4.34,2011,6,1,6.083333333,0.0
3896,3967,Davon House,CB,New Mexico State,200,4.44,33.5,14.0,109.0,6.65,4.12,2011,6,0,6.0,0.0
3897,3968,Rob Housler,TE,Florida Atlantic,248,4.46,37.0,22.0,117.0,6.9,4.21,2011,6,5,6.416666667,0.0
3898,3969,Justin Houston,OLB,Georgia,270,4.62,36.5,30.0,125.0,6.95,4.37,2011,6,3,6.25,0.0
3899,3970,Rodney Hudson,C,Florida State,299,5.27,25.5,27.0,95.0,8.03,4.96,2011,6,2,6.166666667,0.0
3900,3971,Kevin Hughes,OT,SE Louisiana,302,5.31,29.5,22.0,95.0,8.29,4.97,2011,6,4,6.333333333,0.0
3901,3972,Jeremiha Hunter,OLB,Iowa,239,4.77,31.5,20.0,116.0,0.0,0.0,2011,6,0,6.0,0.0
3902,3973,Kendall Hunter,RB,Oklahoma State,199,4.46,35.0,24.0,122.0,6.74,4.21,2011,5,7,5.583333333,0.0
3903,3974,Zach Hurd,OG,Connecticut,316,5.28,28.0,0.0,101.0,7.73,4.77,2011,6,7,6.583333333,0.0
3904,3975,Maurice Hurt,OG,Florida,318,5.39,0.0,18.0,0.0,0.0,0.0,2011,6,3,6.25,0.0
3905,3976,Henry Hynoski,FB,Pittsburgh,257,5.06,30.5,24.0,111.0,0.0,0.0,2011,6,0,6.0,0.0
3906,3977,Ben Ijalana,OG,Villanova,317,5.2,0.0,0.0,0.0,0.0,0.0,2011,6,4,6.333333333,0.0
3907,3978,Mark Ingram,RB,Alabama,215,4.62,31.5,21.0,118.0,7.13,4.62,2011,5,9,5.75,0.0
3908,3979,Nate Irving,ILB,North Carolina State,240,4.74,0.0,0.0,0.0,0.0,0.0,2011,6,1,6.083333333,0.0
3909,3980,Andrew Jackson,OG,Fresno State,299,5.27,28.0,25.0,98.0,7.55,4.65,2011,6,5,6.416666667,0.0
3910,3981,Jaiquawn Jarrett,S,Temple,198,4.62,30.0,14.0,113.0,6.95,4.14,2011,6,0,6.0,0.0
3911,3982,Josh Jasper,K,LSU,174,5.06,0.0,0.0,0.0,0.0,0.0,2011,5,10,5.833333333,0.0
3912,3983,Lestar Jean,WR,Florida Atlantic,215,4.61,37.5,14.0,113.0,7.45,4.43,2011,6,3,6.25,0.0
3913,3984,Jarvis Jenkins,DT,Clemson,310,5.03,26.5,17.0,98.0,7.42,4.83,2011,6,4,6.333333333,0.0
3914,3985,Jerrel Jernigan,WR,Troy,185,4.46,37.5,11.0,124.0,7.07,4.25,2011,5,9,5.75,0.0
3915,3986,Carl Johnson,OG,Florida,361,5.4,25.5,25.0,96.0,0.0,5.03,2011,6,5,6.416666667,0.0
3916,3987,Jeron Johnson,S,Boise State,212,4.51,0.0,23.0,0.0,0.0,0.0,2011,5,10,5.833333333,0.0
3917,3989,Jerrod Johnson,QB,Texas A&M,251,4.75,29.0,0.0,119.0,7.28,4.31,2011,6,5,6.416666667,0.0
3918,3990,Ronald Johnson,WR,USC,199,4.46,0.0,16.0,0.0,0.0,0.0,2011,5,11,5.916666667,0.0
3919,3991,Greg Jones,ILB,Michigan State,242,4.75,31.5,21.0,117.0,7.27,4.27,2011,6,0,6.0,0.0
3920,3992,Julio Jones,WR,Alabama,220,4.34,38.5,17.0,135.0,6.66,4.25,2011,6,3,6.25,0.0
3921,3993,Taiwan Jones,RB,East. Washington,194,4.33,0.0,13.0,0.0,0.0,0.0,2011,6,0,6.0,0.0
3922,3994,Cameron Jordan,DE,California,287,4.74,31.0,25.0,117.0,7.07,4.37,2011,6,4,6.333333333,0.0
3923,3995,Elijah Joseph,ILB,Temple,243,4.8,0.0,0.0,0.0,0.0,0.0,2011,6,1,6.083333333,0.0
3924,3996,Colin Kaepernick,QB,Nevada,233,4.53,32.5,0.0,115.0,6.85,4.18,2011,6,5,6.416666667,0.0
3925,3997,Jason Kelce,C,Cincinnati,280,4.89,30.5,0.0,110.0,7.22,4.14,2011,6,3,6.25,0.0
3926,3998,Lance Kendricks,TE,Wisconsin,243,4.65,34.5,25.0,122.0,6.94,4.15,2011,6,3,6.25,0.0
3927,3999,Shiloh Keo,S,Idaho,219,4.74,32.5,24.0,110.0,6.55,3.9,2011,5,11,5.916666667,0.0
3928,4000,Jeremy Kerley,WR,TCU,189,4.56,34.5,16.0,120.0,0.0,0.0,2011,5,9,5.75,0.0
3929,4001,Ryan Kerrigan,DE,Purdue,267,4.67,33.5,31.0,122.0,7.18,4.39,2011,6,4,6.333333333,0.0
3930,4002,Daniel Kilgore,OG,Appalachian State,308,5.28,32.5,23.0,105.0,7.59,4.68,2011,6,3,6.25,0.0
3931,4003,Jarriel King,OT,South Carolina,317,5.03,30.0,23.0,114.0,7.6,4.77,2011,6,5,6.416666667,0.0
3932,4004,Karl Klug,DE,Iowa,275,4.85,0.0,22.0,0.0,0.0,0.0,2011,6,3,6.25,0.0
3933,4005,Rich Lapham,OT,Boston Col.,315,5.34,0.0,0.0,0.0,0.0,0.0,2011,6,8,6.666666667,0.0
3934,4006,Joe Lefeged,S,Rutgers,210,4.42,36.5,18.0,122.0,6.82,4.13,2011,6,0,6.0,0.0
3935,4007,Mark LeGree,S,Appalachian State,210,4.49,31.0,21.0,116.0,6.9,4.09,2011,5,11,5.916666667,0.0
3936,4008,Orie Lemon,ILB,Oklahoma State,242,4.87,30.0,27.0,113.0,7.45,4.4,2011,6,1,6.083333333,0.0
3937,4009,Mikel Leshoure,RB,Illinois,227,4.56,38.0,21.0,122.0,6.82,4.4,2011,6,0,6.0,0.0
3938,4010,Pep Levingston,DE,LSU,292,4.86,29.5,0.0,104.0,7.29,4.62,2011,6,3,6.25,0.0
3939,4011,Dion Lewis,RB,Pittsburgh,193,4.56,34.5,17.0,112.0,6.9,4.18,2011,5,7,5.583333333,0.0
3940,4012,Alex Linnenkohl,C,Oregon State,304,5.36,26.5,24.0,89.0,7.67,4.62,2011,6,2,6.166666667,0.0
3941,4013,Greg Little,WR,North Carolina,231,4.51,40.5,27.0,129.0,6.8,4.21,2011,6,2,6.166666667,0.0
3942,4014,Corey Liuget,DT,Illinois,298,4.97,27.5,27.0,102.0,7.48,4.68,2011,6,2,6.166666667,0.0
3943,4015,Greg Lloyd,ILB,Connecticut,246,4.8,32.0,22.0,109.0,7.17,4.46,2011,6,1,6.083333333,0.0
3944,4016,Derrick Locke,RB,Kentucky,188,4.37,37.5,16.0,118.0,6.98,4.15,2011,5,8,5.666666667,0.0
3945,4017,Jake Locker,QB,Washington,231,4.51,35.0,0.0,120.0,6.77,4.12,2011,6,2,6.166666667,0.0
3946,4018,Ricardo Lockette,WR,Fort Valley State,211,4.34,35.5,0.0,127.0,7.15,4.19,2011,6,2,6.166666667,0.0
3947,4019,DeMarcus Love,OT,Arkansas,315,5.18,26.5,27.0,97.0,7.84,4.84,2011,6,4,6.333333333,0.0
3948,4020,Scott Lutrus,OLB,Connecticut,241,4.68,38.0,0.0,121.0,6.89,4.09,2011,6,2,6.166666667,0.0
3949,4021,Jeff Maehl,WR,Oregon,190,4.56,33.5,0.0,115.0,6.42,3.94,2011,6,1,6.083333333,0.0
3950,4022,Ryan Mallett,QB,Arkansas,253,5.37,24.0,0.0,103.0,0.0,0.0,2011,6,7,6.583333333,0.0
3951,4023,Owen Marecic,FB,Stanford,248,4.87,28.5,22.0,102.0,7.1,4.56,2011,6,0,6.0,0.0
3952,4024,Curtis Marsh,CB,Utah State,197,4.42,37.5,12.0,123.0,6.87,4.07,2011,6,0,6.0,0.0
3953,4025,Casey Matthews,ILB,Oregon,231,4.78,0.0,13.0,0.0,0.0,0.0,2011,6,1,6.083333333,0.0
3954,4026,Cliff Matthews,DE,South Carolina,257,4.81,32.0,17.0,112.0,7.21,4.37,2011,6,3,6.25,0.0
3955,4027,Byron Maxwell,CB,Clemson,202,4.43,33.0,24.0,124.0,0.0,0.0,2011,6,0,6.0,0.0
3956,4028,Colin McCarthy,ILB,Miami (FL),238,4.59,36.5,23.0,119.0,6.93,4.2,2011,6,1,6.083333333,0.0
3957,4029,Terrell McClain,DT,South Florida,297,4.98,28.0,29.0,104.0,7.48,4.56,2011,6,2,6.166666667,0.0
3958,4030,DeAndre McDaniel,S,Clemson,217,4.63,35.0,0.0,116.0,0.0,0.0,2011,6,0,6.0,0.0
3959,4031,Greg McElroy,QB,Alabama,220,4.84,33.0,0.0,107.0,7.11,4.45,2011,6,2,6.166666667,0.0
3960,4032,Andrew McGee,CB,Oklahoma State,195,4.71,34.0,0.0,117.0,0.0,0.0,2011,5,11,5.916666667,0.0
3961,4033,Pernell McPhee,DE,Mississippi State,278,4.91,28.5,20.0,107.0,7.13,4.59,2011,6,3,6.25,0.0
3962,4034,Bruce Miller,OLB,Central Florida,254,4.81,31.0,35.0,113.0,7.05,4.34,2011,6,1,6.083333333,0.0
3963,4035,Von Miller,OLB,Texas A&M,246,4.42,37.0,21.0,126.0,6.7,4.06,2011,6,3,6.25,0.0
3964,4036,Dontay Moch,OLB,Nevada,248,4.4,42.0,21.0,128.0,7.09,4.38,2011,6,1,6.083333333,0.0
3965,4037,John Moffitt,OG,Wisconsin,319,5.51,30.5,23.0,102.0,7.79,4.53,2011,6,4,6.333333333,0.0
3966,4038,Mike Mohamed,ILB,California,239,4.65,32.0,21.0,115.0,6.7,4.0,2011,6,3,6.25,0.0
3967,4040,Denarius Moore,WR,Tennessee,194,4.43,36.0,13.0,118.0,6.78,4.15,2011,6,0,6.0,0.0
3968,4041,Rahim Moore,S,UCLA,202,4.58,35.0,11.0,115.0,6.98,3.96,2011,6,0,6.0,0.0
3969,4042,Joseph Morgan,WR,Michigan State,189,4.38,35.5,10.0,123.0,6.91,4.25,2011,6,0,6.0,0.0
3970,4043,Adrian Moten,OLB,Maryland,228,4.53,31.0,18.0,114.0,7.05,4.21,2011,6,2,6.166666667,0.0
3971,4044,Jonas Mouton,OLB,Michigan,239,4.84,31.5,0.0,115.0,7.08,4.34,2011,6,1,6.083333333,0.0
3972,4045,O.J. Murdock,WR,Fort Hays State,197,4.5,34.5,15.0,116.0,0.0,4.37,2011,5,10,5.833333333,0.0
3973,4046,DeMarco Murray,RB,Oklahoma,213,4.37,34.5,21.0,124.0,7.28,4.18,2011,6,0,6.0,0.0
3974,4047,Chris Neild,DT,West Virginia,319,5.06,29.0,30.0,106.0,7.56,4.46,2011,6,2,6.166666667,0.0
3975,4048,Drake Nevis,DT,LSU,294,5.06,30.5,31.0,112.0,7.71,4.65,2011,6,1,6.083333333,0.0
3976,4049,Jamar Newsome,WR,Central Florida,200,4.46,38.5,13.0,129.0,6.83,4.22,2011,6,0,6.0,0.0
3977,4050,Cam Newton,QB,Auburn,248,4.56,35.0,0.0,126.0,6.92,4.18,2011,6,5,6.416666667,0.0
3978,4051,Derek Newton,OT,Arkansas State,311,5.0,25.5,24.0,100.0,7.76,5.0,2011,6,5,6.416666667,0.0
3979,4052,Kris O'Dowd,C,USC,304,5.12,32.5,31.0,105.0,7.67,4.59,2011,6,4,6.333333333,0.0
3980,4053,Schuylar Oordt,TE,New Mexico,261,4.63,36.0,18.0,119.0,6.83,4.25,2011,6,6,6.5,0.0
3981,4054,Cheta Ozougwu,DE,Rice,247,4.84,34.5,26.0,119.0,7.06,4.31,2011,6,2,6.166666667,0.0
3982,4055,Stephen Paea,DT,Oregon State,303,4.98,0.0,49.0,0.0,0.0,0.0,2011,6,1,6.083333333,0.0
3983,4056,Martin Parker,DT,Richmond,303,4.95,29.0,22.0,104.0,7.56,4.57,2011,6,2,6.166666667,0.0
3984,4057,Johnny Patrick,CB,Louisville,191,4.59,32.0,13.0,110.0,0.0,4.16,2011,5,11,5.916666667,0.0
3985,4058,Niles Paul,WR,Nebraska,224,4.45,34.5,24.0,117.0,6.9,4.14,2011,6,1,6.083333333,0.0
3986,4059,Mike Person,OG,Montana State,299,5.07,28.0,21.0,108.0,7.44,4.5,2011,6,4,6.333333333,0.0
3987,4060,Patrick Peterson,CB,LSU,219,4.31,38.0,15.0,126.0,6.58,4.07,2011,6,0,6.0,0.0
3988,4061,Austin Pettis,WR,Boise State,209,4.56,33.5,14.0,120.0,6.68,3.88,2011,6,3,6.25,0.0
3989,4062,Zack Pianalto,TE,North Carolina,256,4.78,32.0,22.0,108.0,6.85,4.41,2011,6,3,6.25,0.0
3990,4063,Kealoha Pilares,WR,Hawaii,199,4.42,0.0,19.0,0.0,0.0,0.0,2011,5,10,5.833333333,0.0
3991,4064,Jason Pinkston,OT,Pittsburgh,317,5.39,26.5,0.0,98.0,7.88,4.91,2011,6,3,6.25,0.0
3992,4065,Christian Ponder,QB,Florida State,229,4.63,34.0,0.0,116.0,6.85,4.09,2011,6,2,6.166666667,0.0
3993,4066,Josh Portis,QB,California (PA),211,4.59,40.0,0.0,126.0,6.84,4.12,2011,6,3,6.25,0.0
3994,4067,Mike Pouncey,OG,Florida,303,5.12,25.0,0.0,96.0,7.66,4.64,2011,6,5,6.416666667,0.0
3995,4068,Jerrell Powe,DT,Mississippi,335,5.25,25.0,27.0,93.0,8.17,5.06,2011,6,2,6.166666667,0.0
3996,4069,Bilal Powell,RB,Louisville,207,4.51,0.0,18.0,0.0,0.0,0.0,2011,5,10,5.833333333,0.0
3997,4070,Robert Quinn,DE,North Carolina,265,4.62,34.0,22.0,116.0,7.13,4.4,2011,6,4,6.333333333,0.0
3998,4071,Will Rackley,OG,Lehigh,309,5.39,23.5,29.0,99.0,7.91,4.94,2011,6,3,6.25,0.0
3999,4072,Brooks Reed,OLB,Arizona,263,4.65,30.5,30.0,113.0,7.11,4.28,2011,6,2,6.166666667,0.0
4000,4073,D'Aundre Reed,DE,Arizona,261,4.84,35.5,30.0,119.0,7.24,4.32,2011,6,4,6.333333333,0.0
4001,4074,Jah Reid,OT,Central Florida,327,5.32,29.5,28.0,111.0,7.73,4.65,2011,6,7,6.583333333,0.0
4002,4075,Allen Reisner,FB,Iowa,248,4.9,28.0,14.0,108.0,7.31,4.59,2011,6,2,6.166666667,0.0
4003,4076,Stevan Ridley,RB,LSU,225,4.65,36.0,18.0,118.0,6.78,4.21,2011,5,11,5.916666667,0.0
4004,4077,Aldrick Robinson,WR,SMU,184,4.35,40.0,17.0,126.0,6.65,4.09,2011,5,10,5.833333333,0.0
4005,4078,Jacquizz Rodgers,RB,Oregon State,196,4.59,33.0,0.0,113.0,7.31,4.26,2011,5,6,5.5,0.0
4006,4079,Jake Rogers,K,Cincinnati,213,5.06,0.0,0.0,0.0,0.0,0.0,2011,6,2,6.166666667,0.0
4007,4080,Justin Rogers,CB,Richmond,180,4.45,33.0,14.0,114.0,7.21,4.2,2011,5,10,5.833333333,0.0
4008,4081,Brian Rolle,OLB,Ohio State,229,4.53,33.0,28.0,115.0,6.89,4.26,2011,5,10,5.833333333,0.0
4009,4082,Greg Romeus,DE,Pittsburgh,264,4.79,0.0,0.0,0.0,0.0,0.0,2011,6,5,6.416666667,0.0
4010,4083,Evan Royster,RB,Penn State,212,4.65,34.0,20.0,113.0,7.07,4.18,2011,6,0,6.0,0.0
4011,4084,Chris Rucker,CB,Michigan State,195,4.54,0.0,10.0,0.0,0.0,0.0,2011,6,0,6.0,0.0
4012,4085,Kyle Rudolph,TE,Notre Dame,259,4.83,0.0,0.0,0.0,0.0,0.0,2011,6,6,6.5,0.0
4013,4086,Kevin Rutland,CB,Missouri,190,4.58,35.5,12.0,118.0,6.92,4.15,2011,6,0,6.0,0.0
4014,4087,Brandon Saine,RB,Ohio State,220,4.4,34.5,22.0,113.0,6.98,4.25,2011,5,11,5.916666667,0.0
4015,4088,Greg Salas,WR,Hawaii,210,4.53,37.0,15.0,120.0,6.65,4.1,2011,6,1,6.083333333,0.0
4016,4089,DeMarco Sampson,WR,San Diego State,204,4.41,0.0,14.0,0.0,0.0,0.0,2011,6,2,6.166666667,0.0
4017,4091,Jock Sanders,WR,West Virginia,181,4.5,34.5,19.0,121.0,6.78,4.13,2011,5,6,5.5,0.0
4018,4092,Robert Sands,S,West Virginia,217,4.53,35.0,12.0,124.0,7.03,4.06,2011,6,4,6.333333333,0.0
4019,4093,Dane Sanzenbacher,WR,Ohio State,182,4.56,33.5,0.0,118.0,6.46,3.97,2011,5,11,5.916666667,0.0
4020,4094,Tyler Sash,S,Iowa,211,4.62,33.0,11.0,108.0,6.9,4.27,2011,6,0,6.0,0.0
4021,4095,Weslye Saunders,TE,South Carolina,270,4.93,33.5,19.0,116.0,0.0,0.0,2011,6,5,6.416666667,0.0
4022,4096,Steve Schilling,OG,Michigan,308,5.18,25.5,30.0,98.0,7.73,4.62,2011,6,4,6.333333333,0.0
4023,4097,Caleb Schlauderaff,OG,Utah,305,5.18,0.0,0.0,0.0,0.0,0.0,2011,6,4,6.333333333,0.0
4024,4098,Da'Rel Scott,RB,Maryland,211,4.4,34.0,19.0,117.0,7.15,4.2,2011,5,11,5.916666667,0.0
4025,4099,Da'Norris Searcy,S,North Carolina,223,4.55,33.0,27.0,120.0,6.87,4.09,2011,5,11,5.916666667,0.0
4026,4100,Jabaal Sheard,DE,Pittsburgh,264,4.68,31.0,0.0,115.0,0.0,0.0,2011,6,3,6.25,0.0
4027,4101,Kelvin Sheppard,ILB,LSU,250,4.7,33.5,22.0,110.0,0.0,4.28,2011,6,2,6.166666667,0.0
4028,4102,Anthony Sherman,FB,Connecticut,242,4.74,32.5,32.0,111.0,7.23,4.41,2011,5,10,5.833333333,0.0
4029,4103,Richard Sherman,CB,Stanford,195,4.54,38.0,16.0,125.0,6.82,4.33,2011,6,3,6.25,0.0
4030,4104,Derek Sherrod,OT,Mississippi State,321,5.18,28.0,23.0,97.0,7.43,4.63,2011,6,5,6.416666667,0.0
4031,4105,Cecil Shorts,WR,Mount Union,205,4.5,34.5,21.0,114.0,6.5,4.07,2011,6,0,6.0,0.0
4032,4106,Sealver Siliga,DT,Utah,305,5.38,29.0,29.0,100.0,7.7,4.75,2011,6,2,6.166666667,0.0
4033,4107,David Sims,S,Iowa State,200,4.5,37.5,24.0,120.0,0.0,4.28,2011,5,9,5.75,0.0
4034,4108,Buster Skrine,CB,Tenn-Chattanooga,186,4.37,37.0,20.0,122.0,6.44,3.9,2011,5,9,5.75,0.0
4035,4109,Aldon Smith,DE,Missouri,263,4.74,34.0,20.0,118.0,7.19,4.5,2011,6,4,6.333333333,0.0
4036,4110,D.J. Smith,OLB,Appalachian State,239,4.71,31.0,20.0,104.0,7.35,4.45,2011,5,11,5.916666667,0.0
4037,4111,Derrell Smith,ILB,Syracuse,243,4.76,0.0,0.0,0.0,0.0,0.0,2011,6,0,6.0,0.0
4038,4112,Jimmy Smith,CB,Colorado,211,4.42,36.0,24.0,123.0,6.93,4.06,2011,6,2,6.166666667,0.0
4039,4113,Keith Smith,WR,San Jose State,214,4.65,0.0,0.0,0.0,0.0,0.0,2011,6,2,6.166666667,0.0
4040,4114,Lee Smith,TE,Marshall,266,4.94,29.0,25.0,108.0,7.13,4.28,2011,6,6,6.5,0.0
4041,4115,Torrey Smith,WR,Maryland,204,4.41,41.0,19.0,126.0,6.72,4.13,2011,6,1,6.083333333,0.0
4042,4116,Tyron Smith,OT,USC,307,4.93,0.0,29.0,0.0,0.0,0.0,2011,6,5,6.416666667,0.0
4043,4117,Willie Smith,OT,East Carolina,310,5.4,30.5,0.0,106.0,7.95,4.83,2011,6,5,6.416666667,0.0
4044,4118,Nate Solder,OT,Colorado,319,4.96,32.0,21.0,110.0,7.44,4.34,2011,6,8,6.666666667,0.0
4045,4119,Owen Spencer,WR,North Carolina State,195,4.51,37.5,6.0,125.0,6.86,4.18,2011,6,2,6.166666667,0.0
4046,4120,Ricky Stanzi,QB,Iowa,223,4.87,32.5,0.0,110.0,6.95,4.43,2011,6,4,6.333333333,0.0
4047,4121,Luke Stocker,TE,Tennessee,258,4.68,33.0,27.0,115.0,7.03,4.4,2011,6,5,6.416666667,0.0
4048,4122,Quan Sturdivant,ILB,North Carolina,241,4.75,34.0,21.0,115.0,0.0,4.5,2011,6,1,6.083333333,0.0
4049,4123,Jerrard Tarrant,S,Georgia Tech,204,4.57,33.0,14.0,114.0,6.92,4.21,2011,6,0,6.0,0.0
4050,4124,Vai Taua,RB,Nevada,213,4.65,34.5,20.0,112.0,6.89,4.18,2011,5,9,5.75,0.0
4051,4125,Adrian Taylor,DT,Oklahoma,311,5.22,0.0,34.0,0.0,0.0,0.0,2011,6,3,6.25,0.0
4052,4126,Phil Taylor,DT,Baylor,334,5.09,29.5,31.0,100.0,7.75,4.77,2011,6,3,6.25,0.0
4053,4127,Tyrod Taylor,QB,Virginia Tech,217,4.47,37.5,0.0,126.0,6.78,4.09,2011,6,1,6.083333333,0.0
4054,4128,Zane Taylor,C,Utah,309,5.52,25.5,33.0,104.0,8.15,4.77,2011,6,2,6.166666667,0.0
4055,4129,Daniel Thomas,RB,Kansas State,230,4.62,0.0,21.0,0.0,0.0,0.0,2011,6,0,6.0,0.0
4056,4130,J.T. Thomas,OLB,West Virginia,241,4.65,30.5,23.0,114.0,7.23,4.28,2011,6,1,6.083333333,0.0
4057,4131,Josh Thomas,CB,Buffalo,191,4.46,38.5,13.0,126.0,6.99,4.15,2011,5,10,5.833333333,0.0
4058,4132,Julius Thomas,TE,Portland State,246,4.64,35.5,16.0,111.0,6.96,4.31,2011,6,5,6.416666667,0.0
4059,4133,Isaiah Thompson,OG,Houston,300,6.0,25.0,23.0,82.0,9.04,5.56,2011,6,3,6.25,0.0
4060,4134,Brandyn Thompson,CB,Boise State,189,4.5,33.5,13.0,114.0,6.66,4.12,2011,5,9,5.75,0.0
4061,4135,Cedric Thornton,DT,Southern Arkansas,309,5.25,27.0,23.0,101.0,7.7,4.71,2011,6,3,6.25,0.0
4062,4136,Jordan Todman,RB,Connecticut,203,4.4,38.0,25.0,126.0,7.24,4.18,2011,5,9,5.75,0.0
4063,4137,Terrence Toliver,WR,LSU,212,4.52,32.0,0.0,122.0,6.48,4.03,2011,6,3,6.25,0.0
4064,4138,Scott Tolzien,QB,Wisconsin,212,4.92,29.5,0.0,116.0,6.84,4.12,2011,6,2,6.166666667,0.0
4065,4139,Devon Torrence,CB,Ohio State,199,4.68,33.0,0.0,111.0,6.95,4.09,2011,6,0,6.0,0.0
4066,4140,Terrance Turner,WR,Indiana,220,4.53,41.0,16.0,128.0,6.77,4.15,2011,6,2,6.166666667,0.0
4067,4142,Julian Vandervelde,OG,Iowa,301,5.12,31.0,23.0,104.0,7.46,4.59,2011,6,2,6.166666667,0.0
4068,4143,Shane Vereen,RB,California,210,4.49,34.0,31.0,115.0,6.95,4.28,2011,5,10,5.833333333,0.0
4069,4144,Danny Watkins,OG,Baylor,310,5.36,26.0,29.0,92.0,7.61,4.62,2011,6,3,6.25,0.0
4070,4145,J.J. Watt,DE,Wisconsin,290,4.81,37.0,34.0,120.0,6.88,4.21,2011,6,5,6.416666667,0.0
4071,4146,Ryan Whalen,WR,Stanford,202,4.53,38.5,18.0,123.0,6.67,4.09,2011,6,1,6.083333333,0.0
4072,4147,Chris White,ILB,Mississippi State,240,4.65,34.0,17.0,115.0,6.95,4.25,2011,6,3,6.25,0.0
4073,4148,Johnny White,RB,North Carolina,209,4.5,32.5,0.0,117.0,7.07,4.31,2011,5,10,5.833333333,0.0
4074,4149,Markus White,DE,Florida State,266,4.86,32.5,14.0,117.0,7.25,4.51,2011,6,3,6.25,0.0
4075,4150,Colby Whitlock,DT,Texas Tech,302,5.27,30.5,25.0,105.0,7.73,4.75,2011,6,2,6.166666667,0.0
4076,4151,Muhammad Wilkerson,DT,Temple,315,4.96,26.0,27.0,106.0,7.31,4.59,2011,6,4,6.333333333,0.0
4077,4152,Deunta Williams,S,North Carolina,205,4.53,0.0,0.0,0.0,0.0,0.0,2011,6,2,6.166666667,0.0
4078,4153,Marshall Williams,WR,Wake Forest,188,4.56,35.5,9.0,123.0,6.61,4.09,2011,6,1,6.083333333,0.0
4079,4154,Nate Williams,S,Washington,211,4.68,30.5,17.0,114.0,6.98,4.15,2011,6,0,6.0,0.0
4080,4155,Aaron Williams,CB,Texas,204,4.55,37.5,18.0,127.0,6.72,4.07,2011,6,0,6.0,0.0
4081,4156,D.J. Williams,TE,Arkansas,245,4.59,33.5,20.0,111.0,7.29,4.51,2011,6,2,6.166666667,0.0
4082,4157,Ian Williams,DT,Notre Dame,319,5.21,28.5,31.0,98.0,0.0,4.78,2011,6,1,6.083333333,0.0
4083,4158,Keith Williams,OG,Nebraska,318,5.28,24.5,23.0,93.0,8.42,5.03,2011,6,4,6.333333333,0.0
4084,4159,Ryan Williams,RB,Virginia Tech,212,4.59,40.0,19.0,123.0,6.96,4.18,2011,5,9,5.75,0.0
4085,4160,Zack Williams,C,Washington State,309,5.18,30.0,28.0,103.0,7.54,4.62,2011,6,3,6.25,0.0
4086,4161,Lawrence Wilson,OLB,Connecticut,229,4.71,32.5,24.0,113.0,7.31,4.5,2011,6,1,6.083333333,0.0
4087,4162,Martez Wilson,ILB,Illinois,250,4.42,36.0,23.0,124.0,7.04,4.28,2011,6,4,6.333333333,0.0
4088,4163,Ryan Winterswyk,DE,Boise State,268,4.96,30.0,18.0,111.0,7.01,4.37,2011,6,4,6.333333333,0.0
4089,4164,Stefen Wisniewski,C,Penn State,313,5.29,28.5,30.0,100.0,7.51,4.63,2011,6,3,6.25,0.0
4090,4165,K.J. Wright,OLB,Mississippi State,246,4.71,32.0,20.0,120.0,7.26,4.46,2011,6,3,6.25,0.0
4091,4166,Shareece Wright,CB,USC,185,4.41,34.5,16.0,113.0,0.0,0.0,2011,5,11,5.916666667,0.0
4092,4167,T.J. Yates,QB,North Carolina,219,5.06,29.5,0.0,104.0,6.96,4.12,2011,6,3,6.25,0.0
4093,4168,Jimmy Young,WR,TCU,204,4.5,37.0,19.0,115.0,7.08,4.18,2011,6,0,6.0,0.0
4094,4169,Titus Young,WR,Boise State,174,4.43,0.0,0.0,123.0,0.0,0.0,2011,5,11,5.916666667,0.0
4095,4170,Lee Ziemba,OT,Auburn,317,5.5,29.0,20.0,95.0,7.74,4.65,2011,6,6,6.5,0.0
4096,4171,Seyi Ajirotutu,WR,Fresno State,204,4.6,36.0,14.0,115.0,7.22,4.39,2010,6,3,6.25,0.0
4097,4172,Rahim Alem,DE,LSU,251,4.75,30.5,0.0,106.0,7.54,4.8,2010,6,3,6.25,0.0
4098,4173,Charles Alexander,DT,LSU,300,5.4,0.0,0.0,0.0,0.0,0.0,2010,6,4,6.333333333,0.0
4099,4174,Danario Alexander,WR,Missouri,215,4.62,0.0,0.0,0.0,0.0,0.0,2010,6,5,6.416666667,0.0
4100,4175,Nate Allen,S,South Florida,207,4.5,0.0,16.0,0.0,0.0,0.0,2010,6,0,6.0,0.0
4101,4176,Tyson Alualu,DE,California,295,4.87,35.5,21.0,116.0,7.15,4.43,2010,6,2,6.166666667,0.0
4102,4177,Jonathon Amaya,S,Nevada,203,4.43,28.0,8.0,118.0,0.0,0.0,2010,6,1,6.083333333,0.0
4103,4178,Pat Angerer,ILB,Iowa,235,4.71,35.0,26.0,110.0,7.04,4.29,2010,6,0,6.0,0.0
4104,4179,Lucien Antoine,S,Oklahoma State,215,4.62,32.0,28.0,120.0,7.38,4.47,2010,6,0,6.0,0.0
4105,4180,Javier Arenas,CB,Alabama,197,4.6,0.0,0.0,112.0,0.0,0.0,2010,5,9,5.75,0.0
4106,4181,Alric Arnett,WR,West Virginia,188,4.52,40.0,0.0,122.0,7.03,4.43,2010,6,2,6.166666667,0.0
4107,4182,Jon Asamoah,OG,Illinois,305,5.07,0.0,0.0,0.0,0.0,0.0,2010,6,4,6.333333333,0.0
4108,4183,Larry Asante,S,Nebraska,212,4.62,37.5,14.0,118.0,7.0,4.17,2010,6,0,6.0,0.0
4109,4184,Geno Atkins,DT,Georgia,293,4.75,33.0,34.0,117.0,7.33,4.43,2010,6,1,6.083333333,0.0
4110,4185,Brandon Banks,WR,Kansas State,149,4.37,31.0,0.0,113.0,6.88,4.29,2010,5,7,5.583333333,0.0
4111,4186,Kevin Basped,DE,Nevada,258,4.75,29.0,26.0,104.0,7.54,4.88,2010,6,4,6.333333333,0.0
4112,4187,Zane Beadles,OG,Utah,310,5.28,0.0,27.0,0.0,0.0,0.0,2010,6,4,6.333333333,0.0
4113,4188,Jason Beauchamp,ILB,UNLV,244,4.89,39.5,21.0,120.0,7.1,0.0,2010,6,3,6.25,0.0
4114,4189,Chris Bell,WR,Norfolk State,211,4.5,35.0,15.0,117.0,6.76,4.35,2010,6,2,6.166666667,0.0
4115,4190,Joique Bell,RB,Wayne State (MI),220,4.68,36.5,0.0,120.0,6.84,4.17,2010,5,11,5.916666667,0.0
4116,4191,Arrelious Benn,WR,Illinois,219,4.57,37.0,20.0,118.0,0.0,0.0,2010,6,1,6.083333333,0.0
4117,4192,Eric Berry,S,Tennessee,211,4.4,43.0,19.0,130.0,6.8,4.23,2010,6,0,6.0,0.0
4118,4193,Jahvid Best,RB,California,199,4.34,32.5,18.0,113.0,6.75,4.17,2010,5,10,5.833333333,0.0
4119,4194,Ciron Black,OG,LSU,327,5.53,25.5,23.0,91.0,8.52,5.13,2010,6,4,6.333333333,0.0
4120,4195,LeGarrette Blount,RB,Oregon,241,4.7,35.0,18.0,117.0,6.85,4.49,2010,6,0,6.0,0.0
4121,4196,Nyan Boateng,WR,California,204,4.66,36.0,14.0,112.0,7.35,4.69,2010,6,1,6.083333333,0.0
4122,4197,Kyle Bosworth,OLB,UCLA,236,4.69,32.5,25.0,117.0,6.67,4.11,2010,6,1,6.083333333,0.0
4123,4198,Brent Bowden,P,Virginia Tech,202,4.8,0.0,0.0,0.0,0.0,0.0,2010,6,2,6.166666667,0.0
4124,4199,Navorro Bowman,OLB,Penn State,242,4.7,29.5,26.0,115.0,6.91,4.59,2010,6,0,6.0,0.0
4125,4200,Sam Bradford,QB,Oklahoma,236,4.79,0.0,0.0,0.0,0.0,0.0,2010,6,4,6.333333333,0.0
4126,4201,Dezmon Briscoe,WR,Kansas,207,4.66,33.0,9.0,115.0,7.1,4.57,2010,6,2,6.166666667,0.0
4127,4202,Dorian Brooks,OG,James Madison,306,5.15,23.0,26.0,100.0,7.73,4.66,2010,6,2,6.166666667,0.0
4128,4203,Chris Brown,RB,Oklahoma,210,4.55,36.0,17.0,115.0,0.0,0.0,2010,5,10,5.833333333,0.0
4129,4204,Antonio Brown,WR,Central Michigan,186,4.56,33.5,13.0,105.0,6.98,4.18,2010,5,10,5.833333333,0.0
4130,4205,Charles Brown,OT,USC,303,5.21,31.5,21.0,0.0,0.0,0.0,2010,6,5,6.416666667,0.0
4131,4206,Cornelius Brown,CB,Texas-El Paso,198,4.59,31.5,11.0,118.0,6.87,4.24,2010,5,11,5.916666667,0.0
4132,4207,Jarrett Brown,QB,West Virginia,224,4.5,34.5,0.0,114.0,7.24,4.39,2010,6,3,6.25,0.0
4133,4208,Levi Brown,QB,Troy,229,4.93,31.5,20.0,106.0,7.07,4.43,2010,6,3,6.25,0.0
4134,4209,Dez Bryant,WR,Oklahoma State,225,4.52,0.0,0.0,0.0,0.0,0.0,2010,6,2,6.166666667,0.0
4135,4210,Bryan Bulaga,OT,Iowa,314,5.2,27.5,26.0,98.0,7.7,4.75,2010,6,5,6.416666667,0.0
4136,4211,Morgan Burnett,S,Georgia Tech,209,4.51,0.0,16.0,0.0,0.0,0.0,2010,6,1,6.083333333,0.0
4137,4212,Crezdon Butler,CB,Clemson,191,4.43,39.5,17.0,121.0,7.08,4.23,2010,6,0,6.0,0.0
4138,4213,Donald Butler,ILB,Washington,245,4.61,0.0,35.0,0.0,0.0,0.0,2010,6,1,6.083333333,0.0
4139,4214,Jeff Byers,C,USC,301,5.04,0.0,33.0,0.0,0.0,0.0,2010,6,3,6.25,0.0
4140,4215,Nate Byham,TE,Pittsburgh,268,4.97,29.0,0.0,109.0,0.0,0.0,2010,6,4,6.333333333,0.0
4141,4216,Kyle Calloway,OT,Iowa,323,5.46,23.5,22.0,92.0,7.96,4.86,2010,6,6,6.5,0.0
4142,4217,Lee Campbell,ILB,Minnesota,247,4.88,34.0,17.0,108.0,7.27,4.4,2010,6,2,6.166666667,0.0
4143,4218,Bruce Campbell,OT,Maryland,314,4.75,32.0,34.0,101.0,7.58,4.69,2010,6,6,6.5,0.0
4144,4219,Sean Canfield,QB,Oregon State,223,4.93,29.5,0.0,100.0,7.26,4.39,2010,6,4,6.333333333,0.0
4145,4220,Selvish Capers,OT,West Virginia,308,5.11,30.5,19.0,106.0,7.68,4.68,2010,6,5,6.416666667,0.0
4146,4222,Alex Carrington,DE,Arkansas State,285,4.92,0.0,26.0,0.0,0.0,0.0,2010,6,5,6.416666667,0.0
4147,4223,Nolan Carroll,CB,Maryland,204,4.42,0.0,0.0,0.0,0.0,0.0,2010,5,11,5.916666667,0.0
4148,4224,Brandon Carter,OG,Texas Tech,329,5.34,24.5,22.0,102.0,7.82,4.94,2010,6,6,6.5,0.0
4149,4225,Chris Carter,WR,California-Davis,191,4.49,0.0,12.0,0.0,0.0,0.0,2010,5,11,5.916666667,0.0
4150,4226,Chris Chancellor,CB,Clemson,177,4.49,34.0,14.0,115.0,6.85,4.07,2010,5,9,5.75,0.0
4151,4227,Kam Chancellor,S,Virginia Tech,231,4.62,32.0,22.0,116.0,7.36,4.41,2010,6,3,6.25,0.0
4152,4228,Jamar Chaney,ILB,Mississippi State,242,4.54,39.0,26.0,124.0,6.9,4.29,2010,6,1,6.083333333,0.0
4153,4229,Barry Church,S,Toledo,222,4.69,36.0,19.0,121.0,6.65,4.17,2010,6,1,6.083333333,0.0
4154,4230,Daryll Clark,QB,Penn State,235,4.72,0.0,21.0,0.0,0.0,0.0,2010,6,2,6.166666667,0.0
4155,4231,Jimmy Clausen,QB,Notre Dame,222,4.76,0.0,0.0,0.0,0.0,0.0,2010,6,3,6.25,0.0
4156,4232,Keenan Clayton,OLB,Oklahoma,229,4.59,41.5,27.0,124.0,0.0,0.0,2010,6,1,6.083333333,0.0
4157,4233,Terrence Cody,DT,Alabama,354,5.71,20.5,0.0,90.0,8.19,5.03,2010,6,4,6.333333333,0.0
4158,4234,Justin Cole,OLB,San Jose State,242,4.76,34.5,22.0,117.0,7.13,4.42,2010,6,3,6.25,0.0
4159,4235,Harry Coleman,S,LSU,211,4.56,33.0,13.0,115.0,7.24,4.42,2010,6,1,6.083333333,0.0
4160,4236,Antonio Coleman,OLB,Auburn,255,4.76,0.0,18.0,113.0,0.0,0.0,2010,6,1,6.083333333,0.0
4161,4237,Kurt Coleman,S,Ohio State,192,4.55,0.0,19.0,0.0,0.0,0.0,2010,5,10,5.833333333,0.0
4162,4238,John Conner,FB,Kentucky,246,4.64,35.0,24.0,111.0,7.15,4.32,2010,5,11,5.916666667,0.0
4163,4239,Kavell Conner,OLB,Clemson,242,4.59,33.5,24.0,110.0,7.36,4.6,2010,6,0,6.0,0.0
4164,4240,Chris Cook,CB,Virginia,212,4.45,38.0,7.0,132.0,6.88,4.23,2010,6,2,6.166666667,0.0
4165,4241,Erik Cook,C,New Mexico,318,5.55,25.0,19.0,94.0,8.24,4.99,2010,6,6,6.5,0.0
4166,4242,Riley Cooper,WR,Florida,222,4.53,33.0,0.0,114.0,0.0,0.0,2010,6,3,6.25,0.0
4167,4243,Perrish Cox,CB,Oklahoma State,195,4.58,32.5,12.0,113.0,0.0,0.0,2010,5,11,5.916666667,0.0
4168,4244,Jermaine Cunningham,DE,Florida,266,4.89,0.0,0.0,0.0,0.0,0.0,2010,6,3,6.25,0.0
4169,4245,Rennie Curran,OLB,Georgia,235,4.75,34.5,25.0,0.0,0.0,0.0,2010,5,11,5.916666667,0.0
4170,4246,Anthony Davis,OT,Rutgers,323,5.36,33.0,21.0,99.0,8.17,4.97,2010,6,5,6.416666667,0.0
4171,4247,Dexter Davis,OLB,Arizona State,244,4.62,35.0,25.0,109.0,7.08,4.3,2010,6,1,6.083333333,0.0
4172,4248,Hall Davis,DE,Louisiana-Lafayette,271,4.84,0.0,28.0,0.0,0.0,0.0,2010,6,4,6.333333333,0.0
4173,4249,Brandon Deaderick,DT,Alabama,314,5.08,0.0,0.0,0.0,0.0,0.0,2010,6,4,6.333333333,0.0
4174,4250,Eric Decker,WR,Minnesota,217,4.54,0.0,15.0,0.0,0.0,0.0,2010,6,3,6.25,0.0
4175,4251,Chris DeGeare,OG,Wake Forest,325,5.12,32.5,27.0,103.0,7.84,4.9,2010,6,4,6.333333333,0.0
4176,4252,Dorin Dickerson,TE,Pittsburgh,226,4.4,43.5,24.0,125.0,6.96,4.3,2010,6,1,6.083333333,0.0
4177,4253,Ed Dickson,TE,Oregon,249,4.59,34.0,23.0,115.0,7.32,4.59,2010,6,4,6.333333333,0.0
4178,4254,Phillip Dillard,ILB,Nebraska,245,4.65,31.5,0.0,106.0,7.16,4.43,2010,6,0,6.0,0.0
4179,4255,Andre Dixon,RB,Connecticut,205,4.56,40.0,0.0,117.0,6.99,4.19,2010,6,1,6.083333333,0.0
4180,4256,Anthony Dixon,RB,Mississippi State,233,4.67,33.0,15.0,121.0,7.09,4.49,2010,6,1,6.083333333,0.0
4181,4257,Matt Dodge,P,East Carolina,224,0.0,0.0,0.0,0.0,0.0,0.0,2010,6,1,6.083333333,0.0
4182,4258,Jim Dray,TE,Stanford,246,4.82,0.0,17.0,0.0,0.0,0.0,2010,6,5,6.416666667,0.0
4183,4259,Vladimir Ducasse,OT,Massachusetts,332,5.21,26.0,29.0,91.0,8.25,4.97,2010,6,4,6.333333333,0.0
4184,4260,Carlos Dunlap,DE,Florida,277,4.68,31.5,21.0,111.0,7.21,4.61,2010,6,6,6.5,0.0
4185,4261,Jonathan Dwyer,RB,Georgia Tech,229,4.64,33.0,15.0,107.0,7.56,4.67,2010,5,11,5.916666667,0.0
4186,4262,Marcus Easley,WR,Connecticut,210,4.39,34.0,16.0,123.0,6.94,4.6,2010,6,3,6.25,0.0
4187,4263,A.J. Edds,OLB,Iowa,246,4.62,33.0,16.0,117.0,7.19,4.28,2010,6,4,6.333333333,0.0
4188,4264,Armanti Edwards,WR,Appalachian State,187,4.41,0.0,0.0,0.0,0.0,0.0,2010,5,11,5.916666667,0.0
4189,4265,Brody Eldridge,TE,Oklahoma,261,4.72,31.5,0.0,0.0,0.0,0.0,2010,6,5,6.416666667,0.0
4190,4266,Dedrick Epps,TE,Miami (FL),250,4.7,0.0,19.0,0.0,0.0,0.0,2010,6,3,6.25,0.0
4191,4267,Jacoby Ford,WR,Clemson,186,4.28,33.5,15.0,115.0,7.0,4.44,2010,5,9,5.75,0.0
4192,4268,Jason Fox,OT,Miami (FL),303,5.45,0.0,23.0,0.0,0.0,0.0,2010,6,7,6.583333333,0.0
4193,4269,Dominique Franks,CB,Oklahoma,194,4.46,33.5,10.0,117.0,7.32,4.33,2010,5,11,5.916666667,0.0
4194,4270,Junior Galette,OLB,Temple,257,4.77,33.5,25.0,113.0,7.04,4.16,2010,6,2,6.166666667,0.0
4195,4271,Clifton Geathers,DE,South Carolina,299,4.98,36.0,26.0,112.0,7.69,0.0,2010,6,7,6.583333333,0.0
4196,4273,Riar Geer,FB,Colorado,256,5.0,33.0,13.0,106.0,7.13,4.29,2010,6,3,6.25,0.0
4197,4274,Toby Gerhart,RB,Stanford,231,4.5,38.0,22.0,118.0,6.94,4.25,2010,6,0,6.0,0.0
4198,4275,David Gettis,WR,Baylor,217,4.43,34.5,15.0,124.0,6.94,4.41,2010,6,3,6.25,0.0
4199,4276,Brandon Ghee,CB,Wake Forest,192,4.37,37.0,15.0,127.0,6.75,4.07,2010,6,0,6.0,0.0
4200,4277,Thaddeus Gibson,OLB,Ohio State,243,4.78,32.0,32.0,115.0,6.84,4.27,2010,6,2,6.166666667,0.0
4201,4278,Mardy Gilyard,WR,Cincinnati,187,4.61,39.0,0.0,116.0,6.92,4.4,2010,6,0,6.0,0.0
4202,4279,Travis Goethel,ILB,Arizona State,240,4.81,35.0,21.0,111.0,6.93,4.54,2010,6,2,6.166666667,0.0
4203,4280,Brandon Graham,OLB,Michigan,268,4.71,0.0,31.0,0.0,0.0,0.0,2010,6,1,6.083333333,0.0
4204,4281,Garrett Graham,TE,Wisconsin,243,4.71,34.5,20.0,112.0,7.09,4.35,2010,6,3,6.25,0.0
4205,4282,Jimmy Graham,TE,Miami (FL),260,4.53,38.5,0.0,120.0,6.9,4.45,2010,6,6,6.5,0.0
4206,4283,Marshay Green,CB,Mississippi,180,4.52,35.5,0.0,124.0,6.66,4.11,2010,5,9,5.75,0.0
4207,4284,Kurtis Gregory,OG,Missouri,305,5.31,25.5,26.0,91.0,7.62,4.93,2010,6,4,6.333333333,0.0
4208,4285,Clint Gresham,LS,TCU,236,5.08,0.0,0.0,0.0,0.0,0.0,2010,6,3,6.25,0.0
4209,4286,Jermaine Gresham,TE,Oklahoma,261,4.66,35.0,20.0,113.0,7.07,4.53,2010,6,5,6.416666667,0.0
4210,4287,Everson Griffen,DE,USC,273,4.65,0.0,32.0,0.0,0.0,0.0,2010,6,3,6.25,0.0
4211,4288,Cody Grimm,S,Virginia Tech,203,4.55,35.5,11.0,117.0,6.58,0.0,2010,5,11,5.916666667,0.0
4212,4289,Rob Gronkowski,TE,Arizona,264,4.68,0.0,23.0,0.0,0.0,0.0,2010,6,6,6.5,0.0
4213,4290,Joe Haden,CB,Florida,193,4.52,35.0,18.0,125.0,6.94,4.34,2010,5,11,5.916666667,0.0
4214,4291,Max Hall,QB,BYU,209,4.84,32.0,0.0,102.0,7.07,4.35,2010,6,1,6.083333333,0.0
4215,4292,Clay Harbor,FB,Missouri State,252,4.62,40.0,30.0,120.0,0.0,4.37,2010,6,3,6.25,0.0
4216,4293,Montario Hardesty,RB,Tennessee,225,4.49,41.0,21.0,124.0,6.87,4.14,2010,6,0,6.0,0.0
4217,4294,Greg Hardy,DE,Mississippi,281,4.82,35.0,21.0,117.0,7.25,4.65,2010,6,4,6.333333333,0.0
4218,4295,Chris Hawkins,CB,LSU,187,4.43,35.0,16.0,118.0,6.91,4.46,2010,6,0,6.0,0.0
4219,4296,Joe Hawley,C,UNLV,297,5.21,26.0,35.0,105.0,7.5,4.73,2010,6,3,6.25,0.0
4220,4297,Aaron Hernandez,TE,Florida,245,4.64,0.0,0.0,0.0,0.0,0.0,2010,6,2,6.166666667,0.0
4221,4298,Tim Hiller,QB,West. Michigan,229,4.97,32.5,18.0,118.0,7.1,4.54,2010,6,4,6.333333333,0.0
4222,4299,Shay Hodge,WR,Mississippi,209,4.62,33.5,11.0,117.0,6.9,4.32,2010,6,1,6.083333333,0.0
4223,4300,Trindon Holliday,WR,LSU,166,4.34,42.0,10.0,116.0,6.54,4.48,2010,5,5,5.416666667,0.0
4224,4301,Michael Hoomanawanui,TE,Illinois,264,4.77,0.0,25.0,0.0,0.0,0.0,2010,6,4,6.333333333,0.0
4225,4302,Lamarr Houston,DT,Texas,305,4.84,33.5,30.0,114.0,7.61,4.71,2010,6,3,6.25,0.0
4226,4303,Jerry Hughes,OLB,TCU,255,4.65,34.5,26.0,118.0,6.99,4.15,2010,6,2,6.166666667,0.0
4227,4304,Josh Hull,ILB,Penn State,237,4.93,32.5,25.0,115.0,6.86,4.07,2010,6,3,6.25,0.0
4228,4305,Carl Ihenacho,OLB,San Jose State,255,4.86,0.0,20.0,0.0,0.0,0.0,2010,6,2,6.166666667,0.0
4229,4306,Mike Iupati,OG,Idaho,331,5.24,27.5,27.0,92.0,7.85,4.93,2010,6,5,6.416666667,0.0
4230,4307,Brian Jackson,CB,Oklahoma,202,4.65,35.5,20.0,120.0,6.76,4.22,2010,6,1,6.083333333,0.0
4231,4308,Kareem Jackson,CB,Alabama,196,4.4,37.5,13.0,118.0,6.92,4.14,2010,5,10,5.833333333,0.0
4232,4309,Rashawn Jackson,FB,Virginia,239,4.75,34.5,0.0,117.0,0.0,0.0,2010,6,1,6.083333333,0.0
4233,4310,Brandon James,RB,Florida,176,4.47,0.0,14.0,0.0,0.0,0.0,2010,5,6,5.5,0.0
4234,4311,Javarris James,RB,Miami (FL),212,4.58,36.0,21.0,115.0,0.0,0.0,2010,6,0,6.0,0.0
4235,4312,A.J. Jefferson,CB,Fresno State,193,4.42,44.0,7.0,126.0,6.72,4.0,2010,6,0,6.0,0.0
4236,4313,John Jerry,OT,Mississippi,328,5.15,27.5,0.0,101.0,7.93,4.69,2010,6,5,6.416666667,0.0
4237,4314,Micah Johnson,ILB,Kentucky,258,4.99,29.0,31.0,0.0,0.0,0.0,2010,6,1,6.083333333,0.0
4238,4315,Mike Johnson,OG,Alabama,312,5.37,25.0,0.0,91.0,8.15,5.01,2010,6,5,6.416666667,0.0
4239,4316,Stafon Johnson,RB,USC,214,4.62,35.5,13.0,118.0,0.0,0.0,2010,5,11,5.916666667,0.0
4240,4317,Kyle Jolly,OT,North Carolina,311,5.36,21.5,20.0,89.0,7.89,4.87,2010,6,6,6.5,0.0
4241,4318,Arthur Jones,DT,Syracuse,301,5.04,0.0,0.0,0.0,0.0,0.0,2010,6,3,6.25,0.0
4242,4319,Donald Jones,WR,Youngstown State,214,4.46,41.0,20.0,119.0,6.9,4.2,2010,6,0,6.0,0.0
4243,4320,Reshad Jones,S,Georgia,214,4.51,39.5,24.0,118.0,7.43,4.54,2010,6,1,6.083333333,0.0
4244,4321,Chad Jones,S,LSU,221,4.59,36.0,9.0,115.0,6.83,4.14,2010,6,2,6.166666667,0.0
4245,4322,Linval Joseph,DT,East Carolina,328,5.09,30.0,39.0,100.0,8.12,4.71,2010,6,4,6.333333333,0.0
4246,4324,Kevin Jurovich,WR,San Jose State,188,4.45,0.0,14.0,0.0,0.0,0.0,2010,5,11,5.916666667,0.0
4247,4325,Mike Kafka,QB,Northwestern,225,4.93,32.0,0.0,110.0,6.96,4.37,2010,6,3,6.25,0.0
4248,4326,Sergio Kindle,OLB,Texas,250,4.65,36.5,25.0,118.0,7.26,4.53,2010,6,3,6.25,0.0
4249,4327,Jammie Kirlew,DE,Indiana,260,5.05,33.0,26.0,111.0,7.5,4.74,2010,6,1,6.083333333,0.0
4250,4328,Matt Kopa,OT,Stanford,300,5.14,0.0,0.0,0.0,0.0,0.0,2010,6,6,6.5,0.0
4251,4329,Keaton Kristick,OLB,Oregon State,234,4.7,34.0,16.0,120.0,6.96,4.21,2010,6,3,6.25,0.0
4252,4330,Brandon LaFell,WR,LSU,211,4.58,36.0,0.0,115.0,6.81,4.23,2010,6,2,6.166666667,0.0
4253,4331,Brandon Lang,DE,Troy,266,5.0,28.5,20.0,104.0,0.0,4.68,2010,6,4,6.333333333,0.0
4254,4332,Ted Larsen,C,North Carolina State,304,5.19,24.0,26.0,96.0,7.81,4.66,2010,6,3,6.25,0.0
4255,4333,Shawn Lauvao,OG,Arizona State,315,5.22,26.5,33.0,101.0,7.56,4.51,2010,6,3,6.25,0.0
4256,4334,Simoni Lawrence,OLB,Minnesota,232,4.59,40.0,21.0,123.0,7.3,4.43,2010,6,0,6.0,0.0
4257,4335,Boris Lee,ILB,Troy,238,4.94,32.5,27.0,112.0,0.0,0.0,2010,6,0,6.0,0.0
4258,4336,Sean Lee,ILB,Penn State,236,4.71,37.5,24.0,120.0,0.0,0.0,2010,6,2,6.166666667,0.0
4259,4337,Dan LeFevour,QB,Central Michigan,230,4.6,29.5,0.0,110.0,6.93,4.22,2010,6,3,6.25,0.0
4260,4338,Kendrick Lewis,S,Mississippi,198,4.73,31.5,16.0,116.0,6.88,4.33,2010,6,0,6.0,0.0
4261,4339,Myron Lewis,S,Vanderbilt,203,4.42,37.0,10.0,126.0,0.0,0.0,2010,6,2,6.166666667,0.0
4262,4340,Thaddeus Lewis,QB,Duke,215,4.84,28.0,0.0,107.0,0.0,0.0,2010,6,0,6.0,0.0
4263,4341,Trevard Lindley,CB,Kentucky,183,4.51,38.5,9.0,116.0,6.81,4.27,2010,5,11,5.916666667,0.0
4264,4342,Scott Long,WR,Louisville,216,4.46,41.5,20.0,123.0,6.45,4.09,2010,6,2,6.166666667,0.0
4265,4343,Erik Lorig,DE,Stanford,281,4.86,0.0,0.0,0.0,0.0,0.0,2010,6,3,6.25,0.0
4266,4344,Robert Malone,P,Fresno State,235,4.84,0.0,19.0,0.0,0.0,0.0,2010,6,2,6.166666667,0.0
4267,4345,Darius Marshall,RB,Marshall,190,4.59,35.5,14.0,109.0,0.0,4.39,2010,5,9,5.75,0.0
4268,4346,Jeron Mastrud,TE,Kansas State,256,4.82,0.0,0.0,0.0,0.0,0.0,2010,6,5,6.416666667,0.0
4269,4347,Ryan Mathews,RB,Fresno State,218,4.37,36.0,19.0,121.0,7.0,4.33,2010,6,0,6.0,0.0
4270,4348,Sam Maxwell,OLB,Kentucky,246,4.98,33.0,0.0,108.0,7.37,4.52,2010,6,2,6.166666667,0.0
4271,4349,Taylor Mays,S,USC,230,4.31,41.0,24.0,125.0,0.0,0.0,2010,6,3,6.25,0.0
4272,4350,Kyle McCarthy,S,Notre Dame,205,4.58,34.0,24.0,117.0,6.74,4.13,2010,6,0,6.0,0.0
4273,4351,Rolando McClain,ILB,Alabama,254,4.68,0.0,24.0,0.0,0.0,0.0,2010,6,3,6.25,0.0
4274,4352,Albert McClellan,ILB,Marshall,247,4.75,36.5,26.0,119.0,7.24,4.21,2010,6,1,6.083333333,0.0
4275,4353,Dexter McCluster,WR,Mississippi,172,4.53,37.5,20.0,118.0,0.0,4.06,2010,5,9,5.75,0.0
4276,4354,Devin McCourty,CB,Rutgers,193,4.38,36.0,16.0,126.0,6.7,4.07,2010,5,11,5.916666667,0.0
4277,4355,Anthony McCoy,TE,USC,259,4.71,35.5,19.0,113.0,6.99,4.57,2010,6,4,6.333333333,0.0
4278,4356,Colt McCoy,QB,Texas,216,4.79,0.0,0.0,114.0,0.0,0.0,2010,6,1,6.083333333,0.0
4279,4357,Gerald McCoy,DT,Oklahoma,295,5.04,30.5,23.0,114.0,7.32,4.48,2010,6,4,6.333333333,0.0
4280,4358,Chris McGaha,WR,Arizona State,201,4.52,40.0,19.0,122.0,0.0,4.21,2010,6,1,6.083333333,0.0
4281,4359,Joe McKnight,RB,USC,198,4.4,36.5,18.0,120.0,0.0,0.0,2010,5,11,5.916666667,0.0
4282,4360,Mike McLaughlin,ILB,Boston Col.,242,4.84,38.5,29.0,114.0,6.85,4.11,2010,6,0,6.0,0.0
4283,4361,Sherrick McManis,CB,Northwestern,195,4.48,0.0,0.0,0.0,0.0,0.0,2010,5,11,5.916666667,0.0
4284,4362,Shawnbrey McNeal,RB,SMU,194,4.53,36.0,14.0,117.0,0.0,0.0,2010,5,9,5.75,0.0
4285,4363,Kerry Meier,WR,Kansas,224,4.62,35.0,13.0,115.0,0.0,4.23,2010,6,2,6.166666667,0.0
4286,4364,Zoltan Mesko,P,Michigan,240,4.79,0.0,16.0,0.0,0.0,0.0,2010,6,4,6.333333333,0.0
4287,4365,Greg Middleton,DE,Indiana,268,4.96,38.0,0.0,116.0,7.65,4.69,2010,6,3,6.25,0.0
4288,4366,Lonyae Miller,RB,Fresno State,221,4.43,36.5,26.0,120.0,7.2,4.54,2010,5,11,5.916666667,0.0
4289,4367,Brandon Minor,RB,Michigan,214,4.59,0.0,0.0,0.0,0.0,0.0,2010,6,0,6.0,0.0
4290,4368,Koa Misi,OLB,Utah,251,4.75,38.0,0.0,127.0,7.07,4.27,2010,6,3,6.25,0.0
4291,4369,Carlton Mitchell,WR,South Florida,215,4.46,36.0,16.0,122.0,6.96,4.55,2010,6,3,6.25,0.0
4292,4370,Earl Mitchell,DT,Arizona,296,4.75,28.5,25.0,107.0,7.68,4.55,2010,6,2,6.166666667,0.0
4293,4371,Arthur Moats,OLB,James Madison,246,4.64,36.5,24.0,122.0,7.22,4.37,2010,6,0,6.0,0.0
4294,4372,Tony Moeaki,TE,Iowa,245,4.69,34.0,18.0,113.0,7.1,4.42,2010,6,3,6.25,0.0
4295,4373,Joshua Moore,CB,Kansas State,188,4.5,36.5,2.0,122.0,6.74,4.07,2010,5,11,5.916666667,0.0
4296,4375,Derrick Morgan,DE,Georgia Tech,266,4.77,34.0,0.0,112.0,7.12,4.43,2010,6,3,6.25,0.0
4297,4376,Roddrick Muckelroy,OLB,Texas,246,4.68,31.0,19.0,110.0,7.25,4.39,2010,6,2,6.166666667,0.0
4298,4377,Aleric Mullins,DT,North Carolina,321,4.95,0.0,0.0,0.0,0.0,0.0,2010,6,1,6.083333333,0.0
4299,4378,Jerome Murphy,CB,South Florida,196,4.5,38.0,16.0,127.0,6.87,4.05,2010,6,0,6.0,0.0
4300,4379,Mike Neal,DT,Purdue,294,4.87,33.0,31.0,113.0,7.53,4.53,2010,6,3,6.25,0.0
4301,4380,Marshall Newhouse,OG,TCU,319,4.99,25.0,25.0,97.0,7.4,4.6,2010,6,4,6.333333333,0.0
4302,4381,Eric Norwood,OLB,South Carolina,245,4.71,36.5,0.0,115.0,7.08,4.23,2010,6,1,6.083333333,0.0
4303,4382,Jared Odrick,DT,Penn State,304,5.03,29.0,26.0,106.0,7.22,4.59,2010,6,5,6.416666667,0.0
4304,4383,Vince Oghobaase,DT,Duke,303,5.46,26.0,27.0,90.0,7.84,0.0,2010,6,5,6.416666667,0.0
4305,4384,Russell Okung,OT,Oklahoma State,307,5.18,0.0,38.0,0.0,0.0,0.0,2010,6,5,6.416666667,0.0
4306,4385,Eric Olsen,C,Notre Dame,306,5.25,29.5,35.0,93.0,7.5,4.82,2010,6,4,6.333333333,0.0
4307,4386,Jeff Owens,DT,Georgia,304,4.97,30.0,44.0,101.0,0.0,4.68,2010,6,1,6.083333333,0.0
4308,4387,Akwasi Owusu-Ansah,CB,Indiana (PA),207,4.32,35.5,0.0,120.0,6.84,4.32,2010,6,0,6.0,0.0
4309,4388,Preston Parker,WR,Florida State,199,4.59,35.0,16.0,117.0,0.0,4.16,2010,5,11,5.916666667,0.0
4310,4389,Alex Parsons,OG,USC,309,5.12,27.0,23.0,99.0,0.0,0.0,2010,6,4,6.333333333,0.0
4311,4390,Pat Paschall,RB,North Dakota State,209,4.65,38.5,15.0,118.0,7.02,4.33,2010,6,0,6.0,0.0
4312,4391,Colin Peek,TE,Alabama,254,4.93,0.0,19.0,0.0,0.0,0.0,2010,6,5,6.416666667,0.0
4313,4392,Cole Pemberton,OT,Colorado State,315,5.37,22.5,18.0,96.0,7.65,4.77,2010,6,7,6.583333333,0.0
4314,4393,David Pender,CB,Purdue,180,4.37,39.0,8.0,124.0,0.0,0.0,2010,6,0,6.0,0.0
4315,4394,Jared Perry,WR,Missouri,178,4.51,33.5,11.0,121.0,6.75,4.39,2010,6,1,6.083333333,0.0
4316,4395,Corey Peters,DT,Kentucky,300,4.98,33.0,0.0,98.0,7.56,4.76,2010,6,3,6.25,0.0
4317,4396,Mitch Petrus,OG,Arkansas,310,5.34,0.0,45.0,0.0,0.0,0.0,2010,6,3,6.25,0.0
4318,4397,Aaron Pettrey,K,Ohio State,202,4.94,0.0,0.0,0.0,0.0,0.0,2010,6,1,6.083333333,0.0
4319,4398,Jason Pierre-Paul,DE,South Florida,270,4.71,30.5,19.0,115.0,7.18,4.67,2010,6,5,6.416666667,0.0
4320,4399,Tony Pike,QB,Cincinnati,223,4.9,28.5,0.0,108.0,7.06,4.53,2010,6,6,6.5,0.0
4321,4400,Josh Pinkard,S,USC,214,4.58,0.0,0.0,0.0,0.0,0.0,2010,6,1,6.083333333,0.0
4322,4401,Dennis Pitta,TE,BYU,245,4.68,34.0,27.0,113.0,6.72,4.17,2010,6,4,6.333333333,0.0
4323,4402,Nick Polk,S,Indiana,211,4.55,38.0,14.0,121.0,0.0,0.0,2010,5,11,5.916666667,0.0
4324,4403,Maurkice Pouncey,C,Florida,304,5.25,0.0,0.0,95.0,7.74,4.92,2010,6,4,6.333333333,0.0
4325,4404,Brian Price,DT,UCLA,303,5.12,28.5,34.0,96.0,0.0,0.0,2010,6,1,6.083333333,0.0
4326,4405,Taylor Price,WR,Ohio,204,4.4,37.0,16.0,114.0,6.82,4.34,2010,6,0,6.0,0.0
4327,4406,Andrew Quarless,TE,Penn State,254,4.68,32.0,23.0,112.0,0.0,0.0,2010,6,4,6.333333333,0.0
4328,4407,Scott Ravanesi,P,Southern Illinois,191,4.85,0.0,0.0,0.0,0.0,0.0,2010,6,0,6.0,0.0
4329,4408,David Reed,WR,Utah,191,4.56,37.0,15.0,114.0,6.95,4.38,2010,6,0,6.0,0.0
4330,4409,Dace Richardson,OG,Iowa,320,5.76,23.5,19.0,87.0,8.58,5.38,2010,6,5,6.416666667,0.0
4331,4410,Perry Riley,OLB,LSU,239,4.69,35.5,0.0,119.0,6.97,4.25,2010,6,1,6.083333333,0.0
4332,4411,Andre Roberts,WR,Citadel,195,4.4,36.0,15.0,120.0,6.77,4.15,2010,5,11,5.916666667,0.0
4333,4412,Patrick Robinson,CB,Florida State,190,4.46,39.0,15.0,122.0,6.78,0.0,2010,5,11,5.916666667,0.0
4334,4413,Zac Robinson,QB,Oklahoma State,214,4.68,35.0,0.0,110.0,7.24,4.4,2010,6,2,6.166666667,0.0
4335,4414,Dennis Rogan,S,Tennessee,185,4.73,38.0,0.0,118.0,0.0,4.1,2010,5,9,5.75,0.0
4336,4415,Myron Rolle,S,Florida State,215,4.59,36.0,21.0,124.0,6.94,4.15,2010,6,2,6.166666667,0.0
4337,4416,Devin Ross,CB,Arizona,183,4.64,40.0,16.0,119.0,7.07,0.0,2010,5,10,5.833333333,0.0
4338,4417,Jay Ross,DT,East Carolina,313,5.1,32.0,30.0,100.0,7.83,4.64,2010,6,3,6.25,0.0
4339,4418,Rodger Saffold,OT,Indiana,316,5.21,29.5,27.0,113.0,7.42,4.67,2010,6,5,6.416666667,0.0
4340,4419,Emmanuel Sanders,WR,SMU,186,4.4,39.5,12.0,126.0,6.64,4.1,2010,5,11,5.916666667,0.0
4341,4420,Ricky Sapp,OLB,Clemson,252,4.65,34.0,23.0,114.0,7.29,4.41,2010,6,4,6.333333333,0.0
4342,4421,O'Brien Schofield,OLB,Wisconsin,221,4.63,0.0,0.0,0.0,0.0,0.0,2010,6,2,6.166666667,0.0
4343,4422,Charles Scott,RB,LSU,238,4.68,30.5,0.0,111.0,6.98,4.47,2010,5,11,5.916666667,0.0
4344,4423,Chris Scott,OG,Tennessee,319,5.52,22.5,19.0,90.0,8.24,5.03,2010,6,5,6.416666667,0.0
4345,4424,George Selvie,DE,South Florida,252,4.93,30.5,24.0,109.0,7.48,4.63,2010,6,4,6.333333333,0.0
4346,4426,Darryl Sharpton,ILB,Miami (FL),236,4.81,0.0,24.0,0.0,7.19,4.42,2010,5,11,5.916666667,0.0
4347,4427,Cameron Sheffield,OLB,Troy,257,4.92,33.0,0.0,115.0,7.23,4.53,2010,6,2,6.166666667,0.0
4348,4428,Malcolm Sheppard,DT,Arkansas,285,5.11,28.0,19.0,100.0,7.81,4.78,2010,6,2,6.166666667,0.0
4349,4429,Jordan Shipley,WR,Texas,193,4.6,36.5,16.0,116.0,0.0,0.0,2010,5,11,5.916666667,0.0
4350,4430,John Skelton,QB,Fordham,243,4.85,33.5,0.0,108.0,7.17,4.33,2010,6,5,6.416666667,0.0
4351,4431,Riley Skinner,QB,Wake Forest,214,5.05,30.0,0.0,101.0,7.04,4.29,2010,6,0,6.0,0.0
4352,4432,D'Anthony Smith,DT,Louisiana Tech,304,5.01,0.0,0.0,0.0,0.0,0.0,2010,6,2,6.166666667,0.0
4353,4433,Shelley Smith,OG,Colorado State,300,5.03,34.0,26.0,112.0,7.67,4.71,2010,6,3,6.25,0.0
4354,4434,Jevan Snead,QB,Mississippi,219,5.04,33.0,0.0,106.0,7.08,4.33,2010,6,3,6.25,0.0
4355,4435,Amari Spievey,CB,Iowa,195,4.52,35.0,0.0,116.0,0.0,0.0,2010,5,11,5.916666667,0.0
4356,4436,Brandon Spikes,ILB,Florida,249,5.05,29.0,0.0,111.0,6.97,0.0,2010,6,3,6.25,0.0
4357,4437,C.J. Spiller,RB,Clemson,196,4.37,0.0,18.0,0.0,0.0,0.0,2010,5,11,5.916666667,0.0
4358,4438,James Starks,RB,Buffalo,218,4.5,36.0,15.0,119.0,6.89,4.23,2010,6,2,6.166666667,0.0
4359,4439,Darian Stewart,S,South Carolina,213,4.53,37.0,12.0,122.0,0.0,4.32,2010,5,11,5.916666667,0.0
4360,4440,Darrell Stuckey,S,Kansas,205,4.46,39.5,17.0,120.0,0.0,0.0,2010,5,11,5.916666667,0.0
4361,4441,Ndamukong Suh,DT,Nebraska,307,5.03,35.5,32.0,105.0,7.21,4.44,2010,6,4,6.333333333,0.0
4362,4442,Brett Swenson,K,Michigan State,178,0.0,0.0,12.0,0.0,0.0,0.0,2010,5,8,5.666666667,0.0
4363,4443,Stevenson Sylvester,OLB,Utah,231,4.71,0.0,23.0,0.0,0.0,0.0,2010,6,2,6.166666667,0.0
4364,4444,Ben Tate,RB,Auburn,220,4.34,40.5,26.0,124.0,6.91,4.12,2010,5,11,5.916666667,0.0
4365,4445,Golden Tate,WR,Notre Dame,199,4.42,35.0,17.0,120.0,7.12,4.34,2010,5,10,5.833333333,0.0
4366,4446,Daniel Te'o-Nesheim,DE,Washington,263,4.73,37.0,29.0,121.0,6.91,4.18,2010,6,3,6.25,0.0
4367,4447,Tim Tebow,QB,Florida,236,4.71,38.5,0.0,115.0,6.66,4.17,2010,6,3,6.25,0.0
4368,4448,Matt Tennant,C,Boston Col.,300,5.15,25.0,27.0,98.0,7.6,4.62,2010,6,5,6.416666667,0.0
4369,4449,Mike Tepper,OG,California,324,5.31,26.5,28.0,94.0,7.95,5.25,2010,6,5,6.416666667,0.0
4370,4450,Cam Thomas,DT,North Carolina,330,5.16,29.0,31.0,102.0,7.68,4.78,2010,6,4,6.333333333,0.0
4371,4451,Demaryius Thomas,WR,Georgia Tech,224,4.52,0.0,0.0,0.0,0.0,0.0,2010,6,3,6.25,0.0
4372,4452,Earl Thomas,CB,Texas,208,4.43,0.0,21.0,113.0,0.0,0.0,2010,5,10,5.833333333,0.0
4373,4453,Kevin Thomas,CB,USC,192,4.41,34.5,19.0,126.0,6.82,4.18,2010,6,0,6.0,0.0
4374,4454,Syd'Quan Thompson,CB,California,186,4.75,33.0,0.0,117.0,6.73,4.26,2010,5,9,5.75,0.0
4375,4455,Walter Thurmond,CB,Oregon,189,4.53,0.0,0.0,0.0,0.0,0.0,2010,5,11,5.916666667,0.0
4376,4456,Leigh Tiffin,K,Alabama,209,0.0,0.0,0.0,0.0,0.0,0.0,2010,6,1,6.083333333,0.0
4377,4457,Manase Tonga,FB,BYU,245,4.84,32.0,19.0,105.0,7.44,4.69,2010,5,11,5.916666667,0.0
4378,4458,Keith Toston,RB,Oklahoma State,213,4.66,32.0,22.0,110.0,0.0,4.67,2010,6,0,6.0,0.0
4379,4459,Adrian Tracy,OLB,William & Mary,248,4.76,35.5,20.0,110.0,7.08,4.34,2010,6,3,6.25,0.0
4380,4460,Nate Triplett,OLB,Minnesota,250,4.7,33.0,20.0,115.0,7.02,4.37,2010,6,3,6.25,0.0
4381,4461,Torell Troup,DT,Central Florida,314,5.12,29.0,34.0,98.0,7.61,4.73,2010,6,3,6.25,0.0
4382,4462,Verran Tucker,WR,California,200,4.65,0.0,0.0,0.0,0.0,0.0,2010,6,2,6.166666667,0.0
4383,4463,Adam Ulatoski,OG,Texas,300,5.52,26.0,24.0,94.0,7.98,4.99,2010,6,5,6.416666667,0.0
4384,4464,Jared Veldheer,OT,Hillsdale,312,5.06,33.5,32.0,109.0,7.4,4.51,2010,6,8,6.666666667,0.0
4385,4465,Alterraun Verner,CB,UCLA,189,4.52,32.0,11.0,116.0,6.7,4.12,2010,5,10,5.833333333,0.0
4386,4466,Stephan Virgil,CB,Virginia Tech,183,4.69,34.0,12.0,113.0,7.11,4.35,2010,5,11,5.916666667,0.0
4387,4467,Jamar Wall,CB,Texas Tech,204,4.52,0.0,15.0,0.0,0.0,0.0,2010,5,10,5.833333333,0.0
4388,4468,J.D. Walton,C,Baylor,300,5.19,27.0,24.0,101.0,7.6,4.69,2010,6,3,6.25,0.0
4389,4469,Ed Wang,OT,Virginia Tech,314,5.18,27.0,29.0,96.0,0.0,4.7,2010,6,5,6.416666667,0.0
4390,4470,T.J. Ward,S,Oregon,211,4.56,34.0,19.0,121.0,0.0,0.0,2010,5,10,5.833333333,0.0
4391,4471,Donovan Warren,S,Michigan,193,4.62,0.0,12.0,113.0,0.0,0.0,2010,5,11,5.916666667,0.0
4392,4472,Lorenzo Washington,DT,Alabama,291,5.21,30.0,25.0,107.0,7.4,4.68,2010,6,4,6.333333333,0.0
4393,4473,Daryl Washington,OLB,TCU,230,4.58,31.0,17.0,114.0,0.0,0.0,2010,6,2,6.166666667,0.0
4394,4474,Tony Washington,OT,Appalachian State,311,5.25,29.5,33.0,114.0,7.52,4.84,2010,6,6,6.5,0.0
4395,4475,Dekoda Watson,OLB,Florida State,240,4.55,40.0,24.0,134.0,7.06,4.11,2010,6,1,6.083333333,0.0
4396,4477,Sean Weatherspoon,OLB,Missouri,239,4.62,40.0,34.0,123.0,6.99,4.38,2010,6,1,6.083333333,0.0
4397,4478,Thomas Welch,OT,Vanderbilt,307,5.42,29.0,29.0,105.0,7.67,4.8,2010,6,6,6.5,0.0
4398,4479,Chastin West,WR,Fresno State,212,4.59,33.5,15.0,113.0,0.0,0.0,2010,6,0,6.0,0.0
4399,4480,Blair White,WR,Michigan State,209,4.49,33.5,18.0,115.0,6.69,4.03,2010,6,2,6.166666667,0.0
4400,4481,Jeremy Williams,WR,Tulane,206,4.59,36.0,14.0,117.0,6.73,0.0,2010,6,0,6.0,0.0
4401,4482,Damian Williams,WR,USC,197,4.52,38.0,19.0,118.0,6.79,4.24,2010,6,1,6.083333333,0.0
4402,4483,Dan Williams,DT,Tennessee,327,5.19,32.0,27.0,96.0,7.88,4.87,2010,6,2,6.166666667,0.0
4403,4484,Keiland Williams,RB,LSU,233,4.52,0.0,0.0,0.0,0.0,0.0,2010,5,11,5.916666667,0.0
4404,4485,Kyle Williams,WR,Arizona State,188,4.4,33.0,11.0,118.0,7.0,4.19,2010,5,10,5.833333333,0.0
4405,4486,Mike Williams,WR,Syracuse,221,4.53,33.5,8.0,116.0,6.9,4.31,2010,6,1,6.083333333,0.0
4406,4487,Stephen Williams,WR,Toledo,210,4.5,36.5,15.0,125.0,6.81,4.11,2010,6,4,6.333333333,0.0
4407,4488,Trent Williams,OT,Oklahoma,315,4.81,34.5,23.0,113.0,7.64,4.63,2010,6,5,6.416666667,0.0
4408,4489,C.J. Wilson,DE,East Carolina,290,4.83,33.0,32.0,116.0,0.0,4.77,2010,6,3,6.25,0.0
4409,4490,E.J. Wilson,DE,North Carolina,286,4.97,29.5,23.0,0.0,0.0,0.0,2010,6,2,6.166666667,0.0
4410,4491,Kion Wilson,ILB,South Florida,239,4.87,36.5,27.0,123.0,0.0,4.53,2010,6,0,6.0,0.0
4411,4492,Kyle Wilson,CB,Boise State,194,4.43,0.0,25.0,0.0,0.0,0.0,2010,5,10,5.833333333,0.0
4412,4493,Lindsey Witten,DE,Connecticut,250,4.7,36.5,23.0,115.0,7.32,4.62,2010,6,4,6.333333333,0.0
4413,4494,Ryan Wolfe,WR,UNLV,205,4.65,0.0,13.0,0.0,0.0,0.0,2010,6,1,6.083333333,0.0
4414,4495,Justin Woodall,S,Alabama,223,4.64,34.0,13.0,118.0,6.88,4.17,2010,6,1,6.083333333,0.0
4415,4496,Al Woods,DT,LSU,309,5.15,37.0,0.0,109.0,7.45,4.67,2010,6,4,6.333333333,0.0
4416,4497,Corey Wootton,DE,Northwestern,270,4.92,0.0,20.0,0.0,0.0,0.0,2010,6,6,6.5,0.0
4417,4498,Jason Worilds,OLB,Virginia Tech,254,4.65,38.0,24.0,114.0,6.95,4.29,2010,6,1,6.083333333,0.0
4418,4499,Doug Worthington,DT,Ohio State,292,5.02,0.0,19.0,0.0,0.0,0.0,2010,6,5,6.416666667,0.0
4419,4500,Major Wright,S,Florida,206,4.44,37.5,14.0,119.0,6.95,4.36,2010,5,11,5.916666667,0.0
4420,4501,Sam Young,OT,Notre Dame,316,5.2,29.5,29.0,104.0,7.73,4.87,2010,6,8,6.666666667,0.0
4421,4502,Willie Young,DE,North Carolina State,251,4.88,38.0,25.0,118.0,7.24,4.56,2010,6,5,6.416666667,0.0
4422,4503,Kevin Akins,OLB,Boston Col.,218,4.73,31.5,15.0,117.0,6.78,4.15,2009,6,2,6.166666667,0.0
4423,4504,Asher Allen,CB,Georgia,194,4.48,35.0,22.0,115.0,6.93,4.3,2009,5,9,5.75,0.0
4424,4505,Roger Allen,OG,Missouri Western State,326,5.25,0.0,0.0,0.0,0.0,0.0,2009,6,3,6.25,0.0
4425,4506,Stanley Arnoux,ILB,Wake Forest,232,4.56,31.5,19.0,121.0,7.22,4.39,2009,6,0,6.0,0.0
4426,4507,Robert Ayers,DE,Tennessee,272,4.77,29.5,18.0,102.0,7.56,4.51,2009,6,3,6.25,0.0
4427,4508,Chris Baker,DT,Kansas State,326,4.94,35.5,24.0,106.0,8.06,4.9,2009,6,2,6.166666667,0.0
4428,4509,Ramses Barden,WR,Cal Poly,229,4.51,33.5,17.0,118.0,0.0,4.26,2009,6,6,6.5,0.0
4429,4510,Kevin Barnes,CB,Maryland,187,4.45,38.5,0.0,128.0,6.72,3.96,2009,6,0,6.0,0.0
4430,4511,Connor Barwin,OLB,Cincinnati,256,4.47,40.5,21.0,128.0,6.87,4.18,2009,6,4,6.333333333,0.0
4431,4512,Will Beatty,OT,Connecticut,307,5.06,33.5,27.0,107.0,7.62,4.77,2009,6,6,6.5,0.0
4432,4513,Travis Beckum,TE,Wisconsin,243,4.61,0.0,28.0,0.0,0.0,0.0,2009,6,3,6.25,0.0
4433,4514,Darry Beckwith,ILB,LSU,242,4.63,26.5,23.0,110.0,7.39,4.5,2009,6,0,6.0,0.0
4434,4515,Joel Bell,OT,Furman,315,5.11,30.0,27.0,109.0,7.55,4.57,2009,6,7,6.583333333,0.0
4435,4516,Kahlil Bell,RB,UCLA,212,4.74,34.5,15.0,114.0,6.87,4.2,2009,5,11,5.916666667,0.0
4436,4517,Michael Bennett,DE,Texas A&M,274,4.86,31.0,24.0,110.0,0.0,0.0,2009,6,3,6.25,0.0
4437,4518,Demonte' Bolden,DT,Tennessee,285,4.95,31.5,0.0,109.0,7.5,4.78,2009,6,3,6.25,0.0
4438,4519,Jason Boltus,QB,Hartwick,225,4.82,31.5,26.0,111.0,7.0,4.47,2009,6,3,6.25,0.0
4439,4520,Rhett Bomar,QB,SMU,225,4.7,0.0,25.0,106.0,6.91,4.06,2009,6,2,6.166666667,0.0
4440,4521,Alex Boone,OT,Ohio State,328,5.16,27.5,33.0,103.0,7.83,4.69,2009,6,7,6.583333333,0.0
4441,4522,Ron Brace,DT,Boston Col.,330,5.48,28.0,32.0,99.0,8.15,4.73,2009,6,3,6.25,0.0
4442,4523,Tom Brandstater,QB,Fresno State,220,4.87,28.5,0.0,106.0,6.93,4.37,2009,6,5,6.416666667,0.0
4443,4524,Marquez Branson,FB,Central Arkansas,247,4.55,35.0,22.0,109.0,0.0,0.0,2009,6,2,6.166666667,0.0
4444,4525,Justin Brantly,P,Texas A&M,249,4.83,0.0,0.0,0.0,0.0,0.0,2009,6,3,6.25,0.0
4445,4526,Robert Brewster,OT,Ball State,325,5.29,30.5,23.0,98.0,7.68,4.75,2009,6,4,6.333333333,0.0
4446,4527,Travis Bright,OG,BYU,321,5.26,35.5,34.0,108.0,7.75,4.72,2009,6,4,6.333333333,0.0
4447,4528,Jasper Brinkley,ILB,South Carolina,252,4.67,35.5,26.0,114.0,7.03,4.32,2009,6,2,6.166666667,0.0
4448,4529,Kenny Britt,WR,Rutgers,218,4.47,37.0,23.0,124.0,0.0,4.47,2009,6,3,6.25,0.0
4449,4530,Eben Britton,OT,Arizona,309,5.14,28.5,24.0,100.0,7.87,4.91,2009,6,6,6.5,0.0
4450,4531,Jared Bronson,TE,Central Washington,253,4.7,32.5,0.0,116.0,7.15,4.33,2009,6,4,6.333333333,0.0
4451,4532,Nathan Brown,QB,Central Arkansas,219,4.86,30.5,0.0,106.0,7.43,4.44,2009,6,1,6.083333333,0.0
4452,4533,Andre Brown,RB,North Carolina State,224,4.37,37.0,24.0,115.0,7.35,4.33,2009,6,0,6.0,0.0
4453,4534,Cody Brown,OLB,Connecticut,244,4.76,36.5,26.0,120.0,7.1,4.4,2009,6,2,6.166666667,0.0
4454,4535,Donald Brown,RB,Connecticut,210,4.46,41.5,0.0,125.0,6.93,4.1,2009,5,10,5.833333333,0.0
4455,4536,Everette Brown,DE,Florida State,256,4.65,31.5,26.0,114.0,7.55,4.53,2009,6,1,6.083333333,0.0
4456,4537,Rob Bruggeman,C,Iowa,293,5.05,0.0,30.0,0.0,0.0,0.0,2009,6,4,6.333333333,0.0
4457,4538,David Bruton,S,Notre Dame,219,4.4,41.5,19.0,132.0,6.6,4.28,2009,6,2,6.166666667,0.0
4458,4539,David Buehler,K,USC,227,4.57,0.0,25.0,0.0,0.0,0.0,2009,6,2,6.166666667,0.0
4459,4540,Joe Burnett,CB,Central Florida,192,4.58,35.5,22.0,118.0,6.68,4.25,2009,5,9,5.75,0.0
4460,4541,Darius Butler,CB,Connecticut,183,4.41,43.0,0.0,134.0,6.92,4.18,2009,5,10,5.833333333,0.0
4461,4542,Deon Butler,WR,Penn State,182,4.31,34.5,12.0,118.0,7.01,4.48,2009,5,10,5.833333333,0.0
4462,4543,Victor Butler,OLB,Oregon State,248,4.72,33.0,24.0,113.0,7.21,4.4,2009,6,2,6.166666667,0.0
4463,4544,Jairus Byrd,CB,Oregon,207,4.68,0.0,0.0,0.0,0.0,0.0,2009,5,10,5.833333333,0.0
4464,4545,Demetrius Byrd,WR,LSU,199,4.35,31.5,0.0,117.0,0.0,0.0,2009,6,0,6.0,0.0
4465,4546,Gerald Cadogan,OT,Penn State,309,4.99,25.0,26.0,95.0,8.05,4.8,2009,6,5,6.416666667,0.0
4466,4547,Antoine Caldwell,C,Alabama,309,5.24,28.0,23.0,111.0,7.96,5.04,2009,6,3,6.25,0.0
4467,4548,Ian Campbell,DE,Kansas State,265,4.99,0.0,0.0,109.0,6.93,4.28,2009,6,4,6.333333333,0.0
4468,4549,Trevor Canfield,OG,Cincinnati,307,5.28,0.0,29.0,0.0,0.0,0.0,2009,6,4,6.333333333,0.0
4469,4550,Hunter Cantwell,QB,Louisville,235,5.22,26.0,0.0,99.0,7.4,4.59,2009,6,4,6.333333333,0.0
4470,4551,Don Carey,CB,Norfolk State,192,4.49,0.0,18.0,0.0,0.0,0.0,2009,5,11,5.916666667,0.0
4471,4552,Rudy Carpenter,QB,Arizona State,218,4.89,29.0,11.0,100.0,7.25,4.47,2009,6,2,6.166666667,0.0
4472,4554,James Casey,FB,Rice,246,4.69,36.0,28.0,111.0,7.0,4.48,2009,6,3,6.25,0.0
4473,4555,Jonathan Casillas,OLB,Wisconsin,228,4.5,0.0,24.0,0.0,0.0,0.0,2009,6,1,6.083333333,0.0
4474,4556,Jeremy Childs,WR,Boise State,200,4.47,33.5,0.0,115.0,6.9,4.26,2009,6,0,6.0,0.0
4475,4557,Patrick Chung,S,Oregon,212,4.49,34.0,25.0,119.0,0.0,0.0,2009,5,11,5.916666667,0.0
4476,4558,Chris Clemons,S,Clemson,208,4.33,37.5,19.0,127.0,7.27,4.38,2009,6,0,6.0,0.0
4477,4559,Glen Coffee,RB,Alabama,209,4.5,36.0,24.0,121.0,7.35,4.51,2009,6,0,6.0,0.0
4478,4560,Chase Coffman,TE,Missouri,244,4.83,0.0,0.0,0.0,0.0,0.0,2009,6,6,6.5,0.0
4479,4561,Austin Collie,WR,BYU,200,4.53,34.0,17.0,120.0,6.78,4.24,2009,6,1,6.083333333,0.0
4480,4562,Britton Colquitt,P,Tennessee,205,4.89,0.0,0.0,0.0,0.0,0.0,2009,6,3,6.25,0.0
4481,4563,Jason Cook,FB,Mississippi,244,4.71,0.0,21.0,0.0,0.0,0.0,2009,5,11,5.916666667,0.0
4482,4564,Emanuel Cook,S,South Carolina,197,4.57,35.0,18.0,116.0,0.0,0.0,2009,5,10,5.833333333,0.0
4483,4565,Jared Cook,TE,South Carolina,246,4.49,41.0,23.0,123.0,0.0,0.0,2009,6,5,6.416666667,0.0
4484,4566,Jon Cooper,C,Oklahoma,291,5.09,29.5,31.0,105.0,7.46,4.6,2009,6,2,6.166666667,0.0
4485,4567,Quan Cosby,WR,Texas,196,4.5,0.0,0.0,0.0,7.28,4.47,2009,5,9,5.75,0.0
4486,4568,Michael Crabtree,WR,Texas Tech,215,4.54,0.0,0.0,0.0,0.0,0.0,2009,6,1,6.083333333,0.0
4487,4569,Aaron Curry,OLB,Wake Forest,254,4.52,37.0,25.0,124.0,7.15,4.51,2009,6,2,6.166666667,0.0
4488,4570,Brian Cushing,OLB,USC,243,4.64,35.0,30.0,120.0,6.84,4.22,2009,6,3,6.25,0.0
4489,4571,Chase Daniel,QB,Missouri,218,4.79,33.0,0.0,0.0,7.28,4.31,2009,6,0,6.0,0.0
4490,4572,Rulon Davis,DE,California,281,5.0,30.0,20.0,111.0,0.0,0.0,2009,6,5,6.416666667,0.0
4491,4573,C.J. Davis,OG,Pittsburgh,308,5.51,25.5,21.0,88.0,8.09,4.93,2009,6,2,6.166666667,0.0
4492,4574,James Davis,RB,Clemson,218,4.45,32.0,17.0,109.0,7.15,4.37,2009,5,11,5.916666667,0.0
4493,4575,Nate Davis,QB,Ball State,226,4.95,26.5,0.0,99.0,0.0,0.0,2009,6,1,6.083333333,0.0
4494,4576,Vontae Davis,CB,Illinois,203,4.4,36.0,25.0,125.0,6.75,4.07,2009,5,11,5.916666667,0.0
4495,4577,Will Davis,DE,Illinois,261,4.84,33.0,27.0,115.0,7.38,4.45,2009,6,2,6.166666667,0.0
4496,4578,Louis Delmas,S,West. Michigan,202,4.52,37.0,12.0,126.0,6.67,4.17,2009,5,11,5.916666667,0.0
4497,4579,Jarett Dillard,WR,Rice,191,4.5,42.5,13.0,129.0,7.1,4.41,2009,5,10,5.833333333,0.0
4498,4580,Davon Drew,TE,East Carolina,256,4.78,29.5,17.0,113.0,7.28,4.56,2009,6,4,6.333333333,0.0
4499,4581,Dominique Edison,WR,Stephen F. Austin,204,4.42,37.0,0.0,120.0,0.0,4.18,2009,6,2,6.166666667,0.0
4500,4582,Pannel Egboh,DE,Stanford,276,4.86,31.5,26.0,116.0,7.24,4.4,2009,6,6,6.5,0.0
4501,4583,Dannell Ellerbe,ILB,Georgia,236,4.63,35.0,0.0,118.0,7.0,4.23,2009,6,1,6.083333333,0.0
4502,4584,Kevin Ellison,OLB,USC,227,4.75,0.0,32.0,0.0,0.0,0.0,2009,6,1,6.083333333,0.0
4503,4585,Larry English,OLB,Northern Illinois,255,4.74,36.0,24.0,107.0,7.26,4.38,2009,6,2,6.166666667,0.0
4504,4586,Maurice Evans,DE,Penn State,274,4.78,29.0,17.0,107.0,7.32,4.57,2009,6,1,6.083333333,0.0
4505,4587,Paul Fanaika,OG,Arizona State,327,5.48,0.0,15.0,0.0,0.0,0.0,2009,6,5,6.416666667,0.0
4506,4588,Marlon Favorite,DT,LSU,314,5.09,0.0,26.0,0.0,0.0,0.0,2009,6,1,6.083333333,0.0
4507,4589,Ray Feinga,OG,BYU,337,5.32,0.0,30.0,0.0,0.0,0.0,2009,6,4,6.333333333,0.0
4508,4590,Anthony Felder,ILB,California,233,4.69,0.0,28.0,116.0,0.0,0.0,2009,6,2,6.166666667,0.0
4509,4591,Robby Felix,C,Texas-El Paso,302,5.2,29.0,33.0,97.0,7.96,4.73,2009,6,3,6.25,0.0
4510,4592,Tony Fiammetta,FB,Syracuse,245,4.58,34.0,30.0,112.0,7.31,4.49,2009,6,0,6.0,0.0
4511,4593,Alex Fletcher,C,Stanford,297,5.39,28.0,30.0,96.0,7.78,4.65,2009,6,2,6.166666667,0.0
4512,4594,Bradley Fletcher,CB,Iowa,196,4.44,38.5,20.0,122.0,7.04,4.29,2009,6,0,6.0,0.0
4513,4595,Matt Fodge,P,Oklahoma State,193,4.93,0.0,0.0,0.0,0.0,0.0,2009,6,0,6.0,0.0
4514,4596,Moise Fokou,OLB,Maryland,233,4.65,31.0,12.0,121.0,7.09,4.28,2009,6,1,6.083333333,0.0
4515,4597,Zack Follett,OLB,California,236,4.69,37.0,0.0,117.0,7.31,0.0,2009,6,2,6.166666667,0.0
4516,4598,Arian Foster,RB,Tennessee,226,4.69,0.0,23.0,0.0,0.0,0.0,2009,6,1,6.083333333,0.0
4517,4599,Brooks Foster,WR,North Carolina,211,4.44,0.0,27.0,0.0,0.0,0.0,2009,6,0,6.0,0.0
4518,4600,Ramon Foster,OT,Tennessee,328,5.57,26.0,20.0,92.0,7.96,4.98,2009,6,5,6.416666667,0.0
4519,4601,Coye Francies,CB,San Jose State,185,4.63,36.0,24.0,123.0,6.81,4.24,2009,6,0,6.0,0.0
4520,4602,Marcus Freeman,OLB,Ohio State,239,4.51,37.0,30.0,113.0,6.98,4.12,2009,6,1,6.083333333,0.0
4521,4603,Josh Freeman,QB,Kansas State,248,4.9,33.5,0.0,119.0,7.11,4.43,2009,6,6,6.5,0.0
4522,4605,Xavier Fulton,OT,Illinois,302,5.01,31.0,27.0,111.0,7.35,4.56,2009,6,4,6.333333333,0.0
4523,4606,Graham Gano,K,Florida State,194,0.0,0.0,0.0,0.0,0.0,0.0,2009,6,0,6.0,0.0
4524,4607,Juan Garcia,OG,Washington,307,5.28,25.0,34.0,93.0,8.0,4.87,2009,6,2,6.166666667,0.0
4525,4608,Andrew Gardner,OT,Georgia Tech,304,4.96,0.0,0.0,0.0,0.0,0.0,2009,6,7,6.583333333,0.0
4526,4609,Dan Gay,OG,Baylor,308,5.48,22.5,18.0,86.0,8.67,5.42,2009,6,4,6.333333333,0.0
4527,4610,Brandon Gibson,WR,Washington State,210,4.59,0.0,0.0,0.0,0.0,0.0,2009,6,0,6.0,0.0
4528,4611,Jarron Gilbert,DE,San Jose State,288,4.81,35.5,28.0,119.0,7.7,4.56,2009,6,5,6.416666667,0.0
4529,4612,Cody Glenn,OLB,Nebraska,244,4.67,0.0,25.0,0.0,0.0,0.0,2009,6,0,6.0,0.0
4530,4613,Mike Goodson,RB,Texas A&M,208,4.43,39.5,14.0,118.0,6.89,4.22,2009,6,0,6.0,0.0
4531,4614,Adrian Grady,DT,Louisville,298,5.18,32.0,31.0,105.0,7.68,4.72,2009,6,1,6.083333333,0.0
4532,4615,Tyronne Green,OG,Auburn,309,5.4,0.0,22.0,0.0,0.0,0.0,2009,6,2,6.166666667,0.0
4533,4616,Courtney Greene,S,Rutgers,212,4.55,34.5,21.0,116.0,7.35,4.16,2009,6,0,6.0,0.0
4534,4617,Shonn Greene,RB,Iowa,227,4.55,37.0,19.0,121.0,7.1,4.4,2009,5,10,5.833333333,0.0
4535,4618,Sean Griffin,LS,Michigan,242,5.08,0.0,14.0,0.0,0.0,0.0,2009,6,1,6.083333333,0.0
4536,4619,Dan Gronkowski,TE,Maryland,255,4.79,33.0,26.0,122.0,6.92,4.26,2009,6,5,6.416666667,0.0
4537,4620,Michael Hamlin,S,Clemson,214,4.57,37.5,17.0,117.0,7.14,4.42,2009,6,2,6.166666667,0.0
4538,4621,Cullen Harper,QB,Clemson,225,4.86,30.0,19.0,105.0,7.43,4.49,2009,6,3,6.25,0.0
4539,4622,Graham Harrell,QB,Texas Tech,223,4.95,29.5,0.0,98.0,7.45,4.56,2009,6,2,6.166666667,0.0
4540,4623,Sunny Harris,DT,Michigan State,298,4.88,25.5,28.0,106.0,8.18,4.87,2009,6,4,6.333333333,0.0
4541,4624,Cary Harris,CB,USC,187,4.66,0.0,18.0,0.0,0.0,0.0,2009,5,11,5.916666667,0.0
4542,4625,Nic Harris,OLB,Oklahoma,234,4.83,31.5,15.0,109.0,7.05,4.37,2009,6,2,6.166666667,0.0
4543,4626,Macho Harris,CB,Virginia Tech,198,4.46,33.5,0.0,118.0,6.68,3.98,2009,5,11,5.916666667,0.0
4544,4627,Brian Hartline,WR,Ohio State,195,4.49,34.5,0.0,120.0,6.65,4.12,2009,6,2,6.166666667,0.0
4545,4628,Percy Harvin,WR,Florida,192,4.39,0.0,19.0,0.0,0.0,0.0,2009,5,11,5.916666667,0.0
4546,4629,Brett Helms,C,LSU,286,5.39,0.0,25.0,0.0,0.0,0.0,2009,6,2,6.166666667,0.0
4547,4630,Darrius Heyward-Bey,WR,Maryland,210,4.3,38.5,16.0,126.0,6.8,4.18,2009,6,2,6.166666667,0.0
4548,4631,Sammie Hill,DT,Colorado,329,5.12,28.0,27.0,109.0,7.89,4.97,2009,6,4,6.333333333,0.0
4549,4632,Anthony Hill,TE,North Carolina State,262,4.84,30.5,21.0,107.0,7.31,4.56,2009,6,5,6.416666667,0.0
4550,4633,P.J. Hill,RB,Wisconsin,222,4.63,0.0,0.0,0.0,0.0,0.0,2009,5,10,5.833333333,0.0
4551,4634,Stephen Hodge,OLB,TCU,234,4.59,35.0,22.0,115.0,7.21,4.34,2009,6,0,6.0,0.0
4552,4635,Chase Holbrook,QB,New Mexico State,242,5.12,27.0,0.0,108.0,7.93,4.65,2009,6,4,6.333333333,0.0
4553,4636,Lendy Holmes,S,Oklahoma,206,4.65,32.0,16.0,112.0,7.28,4.32,2009,6,0,6.0,0.0
4554,4637,Ziggy Hood,DT,Missouri,300,4.83,33.0,34.0,108.0,7.5,4.55,2009,6,3,6.25,0.0
4555,4638,Brian Hoyer,QB,Michigan State,215,5.02,32.0,0.0,109.0,7.1,4.42,2009,6,2,6.166666667,0.0
4556,4639,Kevin Huber,P,Cincinnati,220,4.87,0.0,0.0,0.0,0.0,0.0,2009,6,1,6.083333333,0.0
4557,4640,Brandon Hughes,CB,Oregon State,182,4.4,36.5,8.0,128.0,6.9,4.23,2009,5,10,5.833333333,0.0
4558,4641,Juaquin Iglesias,WR,Oklahoma,210,4.44,34.5,0.0,116.0,0.0,4.4,2009,6,1,6.083333333,0.0
4559,4642,Cornelius Ingram,TE,Florida,245,4.68,33.0,21.0,0.0,7.12,4.53,2009,6,4,6.333333333,0.0
4560,4643,Jake Ingram,LS,Hawaii,232,4.9,0.0,15.0,0.0,0.0,0.0,2009,6,3,6.25,0.0
4561,4644,Corvey Irvin,DT,Georgia,301,4.96,24.5,24.0,97.0,7.44,4.73,2009,6,3,6.25,0.0
4562,4645,Greg Isdaner,OG,West Virginia,325,5.28,27.0,24.0,92.0,7.96,5.07,2009,6,3,6.25,0.0
4563,4646,Mortty Ivy,ILB,West Virginia,248,4.78,25.5,18.0,104.0,7.35,4.75,2009,6,1,6.083333333,0.0
4564,4647,Tyson Jackson,DE,LSU,296,4.94,28.5,0.0,102.0,7.64,4.8,2009,6,4,6.333333333,0.0
4565,4648,Tim Jamison,DE,Michigan,256,4.95,30.0,21.0,107.0,7.56,4.6,2009,6,2,6.166666667,0.0
4566,4649,Ricky Jean-Francois,DT,LSU,295,5.19,26.0,25.0,93.0,0.0,0.0,2009,6,3,6.25,0.0
4567,4650,Malcolm Jenkins,CB,Ohio State,204,4.51,33.0,15.0,124.0,6.59,4.08,2009,6,0,6.0,0.0
4568,4651,Rashad Jennings,RB,Liberty,231,4.52,34.0,29.0,120.0,6.86,4.2,2009,6,1,6.083333333,0.0
4569,4652,Peria Jerry,DT,Mississippi,299,4.98,0.0,0.0,0.0,0.0,0.0,2009,6,2,6.166666667,0.0
4570,4653,Taurus Johnson,WR,South Florida,206,4.49,35.5,18.0,121.0,7.37,4.24,2009,6,0,6.0,0.0
4571,4654,Bruce Johnson,CB,Miami (FL),170,4.42,34.5,6.0,125.0,6.71,4.05,2009,5,9,5.75,0.0
4572,4656,David Johnson,FB,Arkansas State,260,4.73,32.5,21.0,113.0,7.28,4.43,2009,6,1,6.083333333,0.0
4573,4657,D.J. Johnson,CB,Jackson State,197,4.5,32.0,7.0,116.0,7.0,4.3,2009,6,1,6.083333333,0.0
4574,4658,Gartrell Johnson,RB,Colorado State,219,4.67,34.0,20.0,114.0,0.0,0.0,2009,5,10,5.833333333,0.0
4575,4659,Herman Johnson,OG,LSU,364,5.5,0.0,21.0,0.0,0.0,0.0,2009,6,7,6.583333333,0.0
4576,4660,Ian Johnson,RB,Boise State,212,4.41,33.0,26.0,116.0,6.93,4.18,2009,5,11,5.916666667,0.0
4577,4661,Jeremiah Johnson,RB,Oregon,209,4.57,35.0,20.0,115.0,0.0,0.0,2009,5,9,5.75,0.0
4578,4662,Manuel Johnson,WR,Oklahoma,189,4.5,0.0,0.0,0.0,0.0,0.0,2009,5,11,5.916666667,0.0
4579,4663,Michael Johnson,DE,Georgia Tech,266,4.61,38.5,28.0,128.0,7.42,4.37,2009,6,7,6.583333333,0.0
4580,4664,Quinn Johnson,FB,LSU,246,4.72,32.0,16.0,115.0,0.0,0.0,2009,6,1,6.083333333,0.0
4581,4665,Rashad Johnson,S,Alabama,203,4.49,37.0,15.0,120.0,7.09,4.23,2009,5,11,5.916666667,0.0
4582,4666,Aaron Kelly,WR,Clemson,204,4.49,38.0,11.0,119.0,7.25,4.45,2009,6,4,6.333333333,0.0
4583,4667,Andy Kemp,OG,Wisconsin,313,5.35,25.5,23.0,91.0,7.86,4.86,2009,6,5,6.416666667,0.0
4584,4668,Anthony Kimble,RB,Stanford,216,4.54,36.0,17.0,122.0,7.08,4.4,2009,6,0,6.0,0.0
4585,4669,Mitch King,DT,Iowa,280,4.81,33.5,23.0,109.0,7.6,4.58,2009,6,1,6.083333333,0.0
4586,4670,Terrance Knighton,DT,Temple,321,4.93,28.0,0.0,103.0,7.9,4.78,2009,6,3,6.25,0.0
4587,4671,Johnny Knox,WR,Abilene Christian,185,4.34,35.0,0.0,122.0,6.81,4.15,2009,5,11,5.916666667,0.0
4588,4672,Troy Kropog,OT,Tulane,309,5.3,30.0,21.0,100.0,7.65,4.84,2009,6,5,6.416666667,0.0
4589,4673,Paul Kruger,DE,Utah,263,4.79,32.5,24.0,108.0,7.52,4.47,2009,6,4,6.333333333,0.0
4590,4674,James Laurinaitis,ILB,Ohio State,244,4.72,33.0,22.0,115.0,6.93,4.24,2009,6,2,6.166666667,0.0
4591,4675,Quinten Lawrence,WR,McNeese State,184,4.4,0.0,20.0,0.0,0.0,0.0,2009,6,0,6.0,0.0
4592,4676,Andy Levitre,OG,Oregon State,305,5.33,30.5,23.0,103.0,0.0,4.52,2009,6,3,6.25,0.0
4593,4677,DeAndre Levy,OLB,Wisconsin,236,4.56,0.0,19.0,119.0,0.0,0.0,2009,6,2,6.166666667,0.0
4594,4678,Cornelius Lewis,OT,Tennessee State,332,5.22,24.5,29.0,90.0,0.0,0.0,2009,6,3,6.25,0.0
4595,4679,Keenan Lewis,CB,Oregon State,208,4.47,33.5,19.0,123.0,0.0,0.0,2009,6,1,6.083333333,0.0
4596,4680,Kyle Link,OT,McNeese State,305,5.45,0.0,19.0,0.0,0.0,0.0,2009,6,5,6.416666667,0.0
4597,4681,Phil Loadholt,OT,Oklahoma,332,5.45,29.0,24.0,95.0,8.18,5.06,2009,6,8,6.666666667,0.0
4598,4682,Marlon Lucky,RB,Nebraska,216,4.5,33.5,18.0,114.0,7.1,0.0,2009,5,11,5.916666667,0.0
4599,4683,Jonathan Luigs,C,Arkansas,301,5.14,31.0,26.0,99.0,7.69,4.79,2009,6,4,6.333333333,0.0
4600,4684,Alex Mack,C,California,311,5.17,0.0,0.0,0.0,0.0,0.0,2009,6,4,6.333333333,0.0
4601,4685,Jeremy Maclin,WR,Missouri,198,4.43,0.0,0.0,0.0,0.0,0.0,2009,6,0,6.0,0.0
4602,4686,Alex Magee,DT,Purdue,298,4.82,29.5,30.0,103.0,7.52,4.55,2009,6,3,6.25,0.0
4603,4687,Kaluka Maiava,OLB,USC,229,4.65,0.0,30.0,110.0,6.98,4.2,2009,5,11,5.916666667,0.0
4604,4688,Marcus Mailei,FB,Weber State,248,4.87,35.0,22.0,113.0,7.36,4.33,2009,6,0,6.0,0.0
4605,4689,Brennan Marion,WR,Tulsa,187,4.52,0.0,0.0,0.0,0.0,0.0,2009,5,11,5.916666667,0.0
4606,4690,Sen'Derrick Marks,DT,Auburn,306,5.0,33.0,0.0,0.0,0.0,0.0,2009,6,2,6.166666667,0.0
4607,4691,Orion Martin,DE,Virginia Tech,262,4.7,32.0,24.0,108.0,7.9,4.63,2009,6,2,6.166666667,0.0
4608,4692,Sherrod Martin,CB,Troy,198,4.43,36.0,12.0,123.0,6.6,3.98,2009,6,1,6.083333333,0.0
4609,4693,Jose Martinez,K,Texas-El Paso,197,4.96,0.0,0.0,0.0,0.0,0.0,2009,5,9,5.75,0.0
4610,4694,Mohamed Massaquoi,WR,Georgia,210,4.51,36.5,0.0,127.0,0.0,0.0,2009,6,1,6.083333333,0.0
4611,4695,Tim Masthay,P,Kentucky,198,4.8,0.0,8.0,0.0,0.0,0.0,2009,6,1,6.083333333,0.0
4612,4696,Clay Matthews,OLB,USC,240,4.58,35.5,23.0,121.0,6.9,4.18,2009,6,3,6.25,0.0
4613,4697,Rey Maualuga,ILB,USC,249,4.91,0.0,23.0,83.0,0.0,0.0,2009,6,2,6.166666667,0.0
4614,4698,Josh Mauga,ILB,Nevada,243,4.61,0.0,0.0,0.0,0.0,0.0,2009,6,1,6.083333333,0.0
4615,4699,Aaron Maybin,DE,Penn State,249,4.64,38.0,22.0,124.0,7.52,4.38,2009,6,4,6.333333333,0.0
4616,4700,Darcel McBath,S,Texas Tech,198,4.53,38.0,14.0,119.0,6.8,4.16,2009,6,0,6.0,0.0
4617,4701,Marcus McClinton,S,Kentucky,210,4.49,37.0,16.0,120.0,7.45,4.22,2009,6,0,6.0,0.0
4618,4702,LeSean McCoy,RB,Pittsburgh,198,4.5,0.0,0.0,0.0,0.0,0.0,2009,5,10,5.833333333,0.0
4619,4703,Stephen McGee,QB,Texas A&M,225,4.61,33.0,0.0,112.0,7.34,4.49,2009,6,3,6.25,0.0
4620,4704,Ryan McKee,OT,Southern Miss,296,5.03,0.0,0.0,0.0,0.0,0.0,2009,6,6,6.5,0.0
4621,4705,Tyrone McKenzie,OLB,South Florida,243,4.76,0.0,27.0,112.0,0.0,0.0,2009,6,2,6.166666667,0.0
4622,4707,Scott McKillop,ILB,Pittsburgh,244,4.7,35.5,27.0,119.0,7.0,4.39,2009,6,1,6.083333333,0.0
4623,4708,Kenny McKinley,WR,South Carolina,189,4.37,37.0,0.0,113.0,6.96,4.1,2009,6,0,6.0,0.0
4624,4709,Gerald McRath,ILB,Southern Miss,231,4.49,34.0,19.0,123.0,7.24,4.35,2009,6,2,6.166666667,0.0
4625,4710,Andrew Means,WR,Indiana,214,4.36,34.5,12.0,116.0,6.85,4.21,2009,6,1,6.083333333,0.0
4626,4711,Jamon Meredith,OT,South Carolina,304,4.99,28.0,31.0,105.0,8.01,4.82,2009,6,5,6.416666667,0.0
4627,4712,Mike Mickens,CB,Cincinnati,184,4.53,0.0,0.0,0.0,0.0,0.0,2009,5,11,5.916666667,0.0
4628,4713,Mo Miller,OG,Michigan State,327,5.38,28.5,21.0,97.0,8.42,5.03,2009,6,3,6.25,0.0
4629,4714,Roy Miller,DT,Texas,310,4.93,32.0,36.0,103.0,8.01,4.74,2009,6,1,6.083333333,0.0
4630,4715,Khalif Mitchell,DT,East Carolina,318,5.04,30.0,30.0,109.0,7.45,4.71,2009,6,5,6.416666667,0.0
4631,4716,Marko Mitchell,WR,Nevada,218,4.43,32.0,9.0,116.0,7.04,4.33,2009,6,4,6.333333333,0.0
4632,4717,Fili Moala,DT,USC,305,5.07,30.5,25.0,100.0,0.0,0.0,2009,6,4,6.333333333,0.0
4633,4718,Eugene Monroe,OT,Virginia,309,5.18,28.5,23.0,110.0,7.86,4.78,2009,6,5,6.416666667,0.0
4634,4719,D.J. Moore,CB,Vanderbilt,192,4.56,39.5,17.0,118.0,7.01,4.28,2009,5,9,5.75,0.0
4635,4720,Kyle Moore,DE,USC,272,4.76,30.5,22.0,105.0,7.4,4.47,2009,6,5,6.416666667,0.0
4636,4721,William Moore,S,Missouri,221,4.49,37.0,16.0,123.0,6.81,4.26,2009,6,0,6.0,0.0
4637,4722,Knowshon Moreno,RB,Georgia,217,4.5,35.5,25.0,115.0,6.84,4.27,2009,5,11,5.916666667,0.0
4638,4723,Cameron Morrah,TE,California,244,4.61,32.5,24.0,115.0,6.99,4.36,2009,6,3,6.25,0.0
4639,4724,Thomas Morstead,P,SMU,225,4.83,0.0,19.0,0.0,0.0,0.0,2009,6,4,6.333333333,0.0
4640,4725,Ryan Mouton,CB,Hawaii,187,4.47,39.5,18.0,129.0,0.0,0.0,2009,5,9,5.75,0.0
4641,4726,Captain Munnerlyn,CB,South Carolina,182,4.41,37.5,19.0,121.0,7.15,4.2,2009,5,8,5.666666667,0.0
4642,4727,Louis Murphy,WR,Florida,203,4.32,0.0,12.0,0.0,0.0,0.0,2009,6,2,6.166666667,0.0
4643,4728,Lydon Murtha,OT,Nebraska,306,4.82,35.0,25.0,110.0,7.06,4.34,2009,6,7,6.583333333,0.0
4644,4729,Rob Myers,FB,Utah State,243,4.58,0.0,0.0,0.0,0.0,0.0,2009,6,3,6.25,0.0
4645,4730,Shawn Nelson,TE,Southern Miss,240,4.52,33.0,19.0,115.0,6.96,4.46,2009,6,5,6.416666667,0.0
4646,4731,Hakeem Nicks,WR,North Carolina,212,4.51,36.0,0.0,0.0,0.0,0.0,2009,6,1,6.083333333,0.0
4647,4732,Troy Nolan,S,Arizona State,206,4.58,31.5,12.0,117.0,7.06,4.3,2009,6,0,6.0,0.0
4648,4733,Jordan Norwood,WR,Penn State,179,4.58,38.0,0.0,119.0,6.8,4.2,2009,5,11,5.916666667,0.0
4649,4734,Chris Ogbonnaya,RB,Texas,220,4.57,35.0,19.0,111.0,6.85,4.29,2009,6,0,6.0,0.0
4650,4735,Kevin Ogletree,WR,Virginia,196,4.36,36.0,0.0,122.0,6.67,4.08,2009,6,0,6.0,0.0
4651,4736,Michael Oher,OT,Mississippi,309,5.16,30.5,21.0,103.0,7.81,4.6,2009,6,4,6.333333333,0.0
4652,4737,Seth Olsen,OG,Iowa,306,5.23,24.5,23.0,90.0,7.59,4.7,2009,6,5,6.416666667,0.0
4653,4738,Brian Orakpo,DE,Texas,263,4.63,39.5,31.0,0.0,0.0,0.0,2009,6,3,6.25,0.0
4654,4739,Branden Ore,RB,West Liberty,214,4.61,36.0,21.0,112.0,7.35,4.44,2009,5,11,5.916666667,0.0
4655,4740,Greg Orton,WR,Purdue,207,4.61,38.0,22.0,125.0,6.9,4.33,2009,6,3,6.25,0.0
4656,4741,Wopamo Osaisai,CB,Stanford,197,4.44,0.0,14.0,0.0,0.0,0.0,2009,5,10,5.833333333,0.0
4657,4742,Chris Owens,CB,San Jose State,181,4.44,34.5,14.0,110.0,6.93,4.16,2009,5,10,5.833333333,0.0
4658,4743,Curtis Painter,QB,Purdue,225,4.87,29.0,0.0,102.0,7.0,4.48,2009,6,3,6.25,0.0
4659,4744,Ryan Palmer,CB,Texas,190,4.54,36.5,16.0,121.0,7.12,4.29,2009,5,8,5.666666667,0.0
4660,4745,Anthony Parker,OG,Tennessee,297,5.08,0.0,24.0,0.0,0.0,0.0,2009,6,2,6.166666667,0.0
4661,4746,Augustus Parrish,OT,Kent State,302,5.29,0.0,21.0,78.0,0.0,0.0,2009,6,4,6.333333333,0.0
4662,4747,Bear Pascoe,TE,Fresno State,251,4.89,26.5,0.0,107.0,7.65,4.55,2009,6,5,6.416666667,0.0
4663,4748,Darius Passmore,WR,Marshall,188,4.46,33.5,0.0,0.0,0.0,0.0,2009,6,0,6.0,0.0
4664,4749,Cedric Peerman,RB,Virginia,216,4.34,40.0,27.0,117.0,6.99,4.29,2009,5,9,5.75,0.0
4665,4750,Derek Pegues,S,Mississippi State,199,4.54,36.0,23.0,119.0,7.08,4.3,2009,5,10,5.833333333,0.0
4666,4751,Brandon Pettigrew,TE,Oklahoma State,263,4.8,33.0,22.0,118.0,7.12,4.37,2009,6,5,6.416666667,0.0
4667,4752,Jason Phillips,ILB,TCU,239,4.6,34.0,20.0,120.0,0.0,4.32,2009,6,1,6.083333333,0.0
4668,4753,John Phillips,TE,Virginia,251,4.78,33.5,20.0,112.0,6.84,4.27,2009,6,5,6.416666667,0.0
4669,4754,Zach Potter,DE,Nebraska,279,4.9,31.0,20.0,106.0,7.75,4.48,2009,6,7,6.583333333,0.0
4670,4755,Jerraud Powers,CB,Auburn,188,4.43,36.5,15.0,122.0,7.09,4.08,2009,5,9,5.75,0.0
4671,4756,Myron Pryor,DT,Kentucky,319,5.03,30.0,0.0,107.0,8.16,4.75,2009,6,0,6.0,0.0
4672,4758,Glover Quin,S,New Mexico,204,4.5,38.0,22.0,119.0,7.39,4.43,2009,5,11,5.916666667,0.0
4673,4759,Richard Quinn,TE,North Carolina,264,4.88,32.5,24.0,119.0,7.5,4.62,2009,6,4,6.333333333,0.0
4674,4760,B.J. Raji,DT,Boston Col.,337,5.12,32.0,33.0,103.0,7.9,4.69,2009,6,1,6.083333333,0.0
4675,4761,Mike Reilly,QB,Central Washington,214,4.74,30.5,0.0,109.0,6.76,4.11,2009,6,3,6.25,0.0
4676,4762,Garrett Reynolds,OT,North Carolina,309,5.32,22.0,19.0,94.0,7.87,4.88,2009,6,8,6.666666667,0.0
4677,4763,Darryl Richard,DT,Georgia Tech,303,5.08,25.5,17.0,0.0,0.0,0.0,2009,6,2,6.166666667,0.0
4678,4764,David Richmond,WR,San Jose State,197,4.59,36.5,0.0,0.0,0.0,4.42,2009,6,2,6.166666667,0.0
4679,4765,Javon Ringer,RB,Michigan State,205,4.5,34.0,23.0,115.0,6.87,4.11,2009,5,9,5.75,0.0
4680,4766,Duke Robinson,OG,Oklahoma,329,5.32,0.0,0.0,0.0,0.0,0.0,2009,6,5,6.416666667,0.0
4681,4767,Lee Robinson,OLB,Alcorn State,249,4.71,32.5,24.0,113.0,7.57,4.67,2009,6,2,6.166666667,0.0
4682,4768,Brian Robiskie,WR,Ohio State,209,4.46,37.5,0.0,0.0,6.72,4.19,2009,6,3,6.25,0.0
4683,4769,Louie Sakoda,K,Utah,176,4.82,0.0,0.0,0.0,0.0,0.0,2009,5,8,5.666666667,0.0
4684,4770,Mark Sanchez,QB,USC,227,4.93,32.5,0.0,116.0,7.06,4.21,2009,6,2,6.166666667,0.0
4685,4771,Jamarca Sanford,S,Mississippi,214,4.43,33.5,29.0,116.0,7.02,4.2,2009,5,10,5.833333333,0.0
4686,4772,Lydell Sargeant,CB,Penn State,190,4.48,35.0,15.0,117.0,7.0,4.21,2009,5,9,5.75,0.0
4687,4773,Bernard Scott,RB,Abilene Christian,200,4.44,36.0,21.0,125.0,6.82,4.08,2009,5,10,5.833333333,0.0
4688,4774,Darell Scott,DT,Clemson,312,4.92,30.5,29.0,107.0,8.28,4.84,2009,6,3,6.25,0.0
4689,4775,Matt Shaughnessy,DE,Wisconsin,266,4.86,30.5,24.0,112.0,7.68,4.88,2009,6,5,6.416666667,0.0
4690,4776,Kory Sheets,RB,Purdue,208,4.39,37.0,15.0,121.0,7.18,4.39,2009,5,11,5.916666667,0.0
4691,4777,A.Q. Shipley,C,Penn State,304,5.19,31.0,33.0,100.0,7.46,4.4,2009,6,1,6.083333333,0.0
4692,4778,Lawrence Sidbury,DE,Richmond,266,4.53,35.0,28.0,120.0,7.46,4.43,2009,6,2,6.166666667,0.0
4693,4779,Clint Sintim,OLB,Virginia,256,4.75,34.5,0.0,119.0,7.37,4.4,2009,6,3,6.25,0.0
4694,4780,Matt Slauson,OG,Nebraska,316,5.26,34.0,0.0,110.0,7.86,4.86,2009,6,5,6.416666667,0.0
4695,4781,Alphonso Smith,CB,Wake Forest,193,4.47,34.0,13.0,125.0,7.09,4.38,2009,5,9,5.75,0.0
4696,4782,Andre Smith,OT,Alabama,332,5.28,0.0,0.0,0.0,0.0,0.0,2009,6,4,6.333333333,0.0
4697,4783,DeAngelo Smith,CB,Cincinnati,194,4.5,31.5,17.0,109.0,7.27,4.35,2009,5,11,5.916666667,0.0
4698,4784,Jason Smith,OT,Baylor,309,5.09,24.0,33.0,96.0,7.53,4.69,2009,6,5,6.416666667,0.0
4699,4785,Sean Smith,CB,Utah,214,4.47,34.0,10.0,119.0,6.92,4.15,2009,6,3,6.25,0.0
4700,4786,Brannan Southerland,FB,Georgia,242,4.69,38.0,28.0,120.0,7.4,4.4,2009,6,0,6.0,0.0
4701,4787,Kory Sperry,TE,Colorado State,238,4.69,33.5,20.0,122.0,7.0,4.24,2009,6,5,6.416666667,0.0
4702,4788,C.J. Spillman,S,Marshall,197,4.45,41.5,0.0,122.0,7.05,4.33,2009,6,0,6.0,0.0
4703,4789,Matthew Stafford,QB,Georgia,225,4.81,30.5,0.0,107.0,7.06,4.47,2009,6,2,6.166666667,0.0
4704,4790,Sammie Stroughter,WR,Oregon State,189,4.45,30.0,13.0,110.0,7.03,4.28,2009,5,9,5.75,0.0
4705,4791,Stryker Sulak,DE,Missouri,251,4.63,31.0,22.0,113.0,7.31,4.58,2009,6,4,6.333333333,0.0
4706,4792,Tyrell Sutton,RB,Northwestern,211,4.64,33.0,0.0,114.0,6.94,4.32,2009,5,8,5.666666667,0.0
4707,4793,Sam Swank,K,Wake Forest,193,4.95,0.0,0.0,0.0,0.0,0.0,2009,6,0,6.0,0.0
4708,4794,Nate Swift,WR,Nebraska,203,4.63,35.5,12.0,110.0,6.78,4.24,2009,6,1,6.083333333,0.0
4709,4795,Brandon Tate,WR,North Carolina,183,4.52,0.0,0.0,0.0,0.0,0.0,2009,6,0,6.0,0.0
4710,4796,Terrance Taylor,DT,Michigan,306,5.08,30.0,37.0,104.0,7.78,5.06,2009,6,0,6.0,0.0
4711,4797,Curtis Taylor,S,LSU,209,4.49,37.5,13.0,129.0,7.25,4.23,2009,6,2,6.166666667,0.0
4712,4798,Jaimie Thomas,OG,Maryland,323,5.29,0.0,20.0,0.0,0.0,0.0,2009,6,4,6.333333333,0.0
4713,4799,Mike Thomas,WR,Arizona,195,4.3,40.5,0.0,126.0,6.65,4.28,2009,5,8,5.666666667,0.0
4714,4800,Morgan Trent,CB,Michigan,193,4.5,38.0,23.0,127.0,7.05,4.01,2009,6,1,6.083333333,0.0
4715,4801,Fenuki Tupou,OT,Oregon,314,5.2,25.5,24.0,94.0,8.33,5.02,2009,6,5,6.416666667,0.0
4716,4802,Patrick Turner,WR,USC,223,4.59,0.0,0.0,0.0,0.0,0.0,2009,6,5,6.416666667,0.0
4717,4803,Brandon Underwood,S,Cincinnati,198,4.48,36.5,16.0,125.0,7.0,4.2,2009,6,1,6.083333333,0.0
4718,4804,Tiquan Underwood,WR,Rutgers,184,4.31,41.5,7.0,129.0,6.62,4.11,2009,6,1,6.083333333,0.0
4719,4805,Max Unger,C,Oregon,309,5.26,24.5,22.0,93.0,7.39,4.5,2009,6,5,6.416666667,0.0
4720,4806,Kraig Urbik,OG,Wisconsin,328,5.25,24.0,29.0,94.0,7.87,4.89,2009,6,5,6.416666667,0.0
4721,4807,Jose Valdez,OT,Arkansas,315,5.16,29.5,15.0,100.0,7.93,4.93,2009,6,4,6.333333333,0.0
4722,4809,Louis Vasquez,OG,Texas Tech,333,5.22,0.0,39.0,0.0,0.0,0.0,2009,6,5,6.416666667,0.0
4723,4810,Chip Vaughn,S,Wake Forest,221,4.42,37.0,21.0,125.0,7.03,4.12,2009,6,1,6.083333333,0.0
4724,4811,David Veikune,DE,Hawaii,257,4.75,33.0,35.0,110.0,7.2,4.46,2009,6,2,6.166666667,0.0
4725,4812,Brandon Walker,OG,Notre Dame,306,5.09,34.0,26.0,109.0,0.0,5.07,2009,6,3,6.25,0.0
4726,4813,Derek Walker,DE,Illinois,268,4.98,37.5,24.0,115.0,7.31,4.41,2009,6,4,6.333333333,0.0
4727,4814,Vance Walker,DT,Georgia Tech,304,5.32,33.0,29.0,0.0,0.0,0.0,2009,6,2,6.166666667,0.0
4728,4815,Mike Wallace,WR,Mississippi,199,4.33,40.0,14.0,129.0,6.9,4.27,2009,6,0,6.0,0.0
4729,4816,Donald Washington,CB,Ohio State,197,4.5,45.0,9.0,135.0,6.84,4.2,2009,6,0,6.0,0.0
4730,4817,Jason Watkins,OT,Florida,318,5.51,24.5,18.0,90.0,7.89,5.03,2009,6,6,6.5,0.0
4731,4818,Lardarius Webb,CB,Nicholls State,179,4.35,36.5,15.0,121.0,6.77,4.1,2009,5,10,5.833333333,0.0
4732,4819,Beanie Wells,RB,Ohio State,235,4.38,33.5,25.0,128.0,0.0,0.0,2009,6,1,6.083333333,0.0
4733,4820,Pat White,QB,West Virginia,197,4.55,35.0,0.0,117.0,7.06,4.42,2009,6,0,6.0,0.0
4734,4821,Otis Wiley,S,Michigan State,213,4.64,0.0,0.0,0.0,0.0,0.0,2009,6,1,6.083333333,0.0
4735,4822,Jaison Williams,WR,Oregon,237,4.47,35.5,14.0,118.0,7.37,4.56,2009,6,4,6.333333333,0.0
4736,4823,Worrell Williams,ILB,California,240,4.75,35.0,23.0,111.0,0.0,0.0,2009,5,11,5.916666667,0.0
4737,4824,Brandon Williams,DE,Texas Tech,261,4.78,33.0,0.0,112.0,7.23,4.49,2009,6,2,6.166666667,0.0
4738,4825,Derrick Williams,WR,Penn State,194,4.47,33.0,15.0,0.0,0.0,0.0,2009,5,11,5.916666667,0.0
4739,4826,Eddie Williams,FB,Idaho,239,4.79,0.0,23.0,0.0,0.0,0.0,2009,6,1,6.083333333,0.0
4740,4827,Edwin Williams,C,Maryland,308,5.4,28.5,22.0,99.0,8.15,4.98,2009,6,2,6.166666667,0.0
4741,4828,Javarris Williams,RB,Tennessee State,223,4.51,33.5,25.0,116.0,0.0,0.0,2009,5,9,5.75,0.0
4742,4829,Drew Willy,QB,Buffalo,215,4.9,30.5,0.0,109.0,7.18,4.45,2009,6,3,6.25,0.0
4743,4830,John Parker Wilson,QB,Alabama,219,4.75,29.5,0.0,105.0,7.53,4.59,2009,6,1,6.083333333,0.0
4744,4831,Eric Wood,C,Louisville,310,5.19,30.5,30.0,99.0,7.56,4.51,2009,6,4,6.333333333,0.0
4745,4832,Morris Wooten,ILB,Arizona State,231,5.0,0.0,15.0,117.0,0.0,0.0,2009,6,0,6.0,0.0
4746,4833,Jahi Word-Daniels,CB,Georgia Tech,197,4.59,35.5,24.0,122.0,0.0,0.0,2009,6,0,6.0,0.0
4747,4834,DeAndre Wright,CB,New Mexico,198,4.52,34.5,17.0,122.0,7.0,4.44,2009,5,11,5.916666667,0.0
4748,4835,Jarius Wynn,DE,Georgia,275,4.94,31.5,19.0,107.0,7.4,4.58,2009,6,3,6.25,0.0
4749,4836,Husain Abdullah,S,Washington State,204,4.63,32.5,16.0,115.0,7.07,0.0,2008,6,0,6.0,0.0
4750,4837,Jamar Adams,S,Michigan,212,4.59,34.0,0.0,121.0,6.9,4.49,2008,6,2,6.166666667,0.0
4751,4838,Xavier Adibi,OLB,Virginia Tech,232,4.69,30.0,0.0,110.0,0.0,4.47,2008,6,2,6.166666667,0.0
4752,4839,Erik Ainge,QB,Tennessee,225,4.98,21.5,0.0,108.0,7.51,4.6,2008,6,5,6.416666667,0.0
4753,4840,Branden Albert,OG,Virginia,309,5.17,26.0,23.0,111.0,7.97,4.78,2008,6,6,6.5,0.0
4754,4841,Steve Allen,ILB,West Texas A&M,236,4.87,0.0,17.0,111.0,0.0,0.0,2008,6,0,6.0,0.0
4755,4842,Anthony Alridge,RB,Houston,170,4.36,30.5,0.0,134.0,6.88,0.0,2008,5,9,5.75,0.0
4756,4843,Danny Amendola,WR,Texas Tech,183,4.58,27.5,13.0,103.0,6.81,4.25,2008,5,10,5.833333333,0.0
4757,4844,Adrian Arrington,WR,Michigan,203,4.55,0.0,0.0,0.0,0.0,0.0,2008,6,3,6.25,0.0
4758,4845,Donnie Avery,WR,Houston,192,4.43,0.0,16.0,0.0,0.0,0.0,2008,5,11,5.916666667,0.0
4759,4846,Cliff Avril,OLB,Purdue,253,4.51,32.5,27.0,117.0,6.9,4.51,2008,6,3,6.25,0.0
4760,4847,Sam Baker,OT,USC,309,5.5,0.0,28.0,0.0,0.0,0.0,2008,6,5,6.416666667,0.0
4761,4848,Kentwan Balmer,DT,North Carolina,308,5.29,29.0,33.0,103.0,7.65,4.82,2008,6,4,6.333333333,0.0
4762,4849,Dominique Barber,S,Minnesota,210,4.68,34.0,23.0,117.0,7.08,4.34,2008,6,0,6.0,0.0
4763,4850,Gary Barnidge,TE,Louisville,243,4.61,31.0,22.0,117.0,6.92,4.23,2008,6,6,6.5,0.0
4764,4851,Josh Barrett,S,Arizona State,223,4.34,31.5,17.0,121.0,7.07,4.27,2008,6,2,6.166666667,0.0
4765,4852,Kirk Barton,OT,Ohio State,310,5.01,0.0,34.0,0.0,0.0,0.0,2008,6,4,6.333333333,0.0
4766,4853,Beau Bell,ILB,UNLV,244,4.9,0.0,25.0,0.0,0.0,0.0,2008,6,1,6.083333333,0.0
4767,4854,Demetress Bell,OT,Michigan State,303,5.18,26.5,9.0,109.0,7.65,4.65,2008,6,5,6.416666667,0.0
4768,4855,Earl Bennett,WR,Vanderbilt,209,4.48,26.0,15.0,110.0,7.15,4.22,2008,5,11,5.916666667,0.0
4769,4856,Martellus Bennett,TE,Texas A&M,259,4.68,34.0,18.0,118.0,7.64,4.53,2008,6,6,6.5,0.0
4770,4857,Yvenson Bernard,RB,Oregon State,204,4.81,29.5,0.0,112.0,7.22,4.73,2008,5,8,5.666666667,0.0
4771,4858,Davone Bess,WR,Hawaii,194,4.64,31.5,12.0,118.0,6.97,4.27,2008,5,10,5.833333333,0.0
4772,4859,Kroy Biermann,OLB,Montana,246,4.85,31.5,29.0,112.0,7.08,4.56,2008,6,3,6.25,0.0
4773,4860,Adam Bishop,TE,Nevada,248,4.98,27.0,21.0,113.0,7.14,4.28,2008,6,5,6.416666667,0.0
4774,4861,James Blair,OG,West. Michigan,323,5.28,23.5,28.0,103.0,8.44,5.33,2008,6,3,6.25,0.0
4775,4862,Tommy Blake,DE,TCU,281,4.78,0.0,0.0,0.0,0.0,0.0,2008,6,3,6.25,0.0
4776,4863,Todd Blythe,WR,Iowa State,214,4.65,31.5,0.0,118.0,6.92,4.23,2008,6,5,6.416666667,0.0
4777,4864,Brian Bonner,S,TCU,196,4.61,31.0,17.0,113.0,7.21,4.43,2008,5,11,5.916666667,0.0
4778,4865,Barry Booker,DT,Virginia Tech,285,5.06,0.0,24.0,0.0,0.0,0.0,2008,6,4,6.333333333,0.0
4779,4866,John David Booty,QB,USC,218,4.82,22.5,0.0,99.0,0.0,4.58,2008,6,2,6.166666667,0.0
4780,4867,Alvin Bowen,OLB,Iowa State,223,4.79,34.0,15.0,119.0,7.21,4.3,2008,6,1,6.083333333,0.0
4781,4868,Adarius Bowman,WR,Oklahoma State,223,4.74,0.0,14.0,0.0,0.0,0.0,2008,6,3,6.25,0.0
4782,4869,Zack Bowman,CB,Nebraska,197,4.39,30.5,18.0,122.0,7.1,4.21,2008,6,0,6.0,0.0
4783,4870,Cory Boyd,RB,South Carolina,213,4.52,33.5,25.0,118.0,6.97,4.24,2008,6,0,6.0,0.0
4784,4871,Mark Bradford,WR,Stanford,211,4.69,36.5,19.0,120.0,7.12,4.47,2008,6,1,6.083333333,0.0
4785,4872,Tyvon Branch,CB,Connecticut,204,4.31,34.0,19.0,120.0,0.0,4.4,2008,5,11,5.916666667,0.0
4786,4873,Brandon Breazell,WR,UCLA,160,4.41,30.5,0.0,115.0,6.97,0.0,2008,6,0,6.0,0.0
4787,4874,Colt Brennan,QB,Hawaii,207,4.79,0.0,0.0,0.0,0.0,0.0,2008,6,2,6.166666667,0.0
4788,4875,Alex Brink,QB,Washington State,211,4.96,28.0,0.0,112.0,7.22,4.19,2008,6,2,6.166666667,0.0
4789,4876,Brian Brohm,QB,Louisville,230,4.81,30.0,0.0,115.0,7.13,4.55,2008,6,3,6.25,0.0
4790,4877,Durant Brooks,P,Georgia Tech,204,5.2,0.0,0.0,0.0,0.0,0.0,2008,6,0,6.0,0.0
4791,4878,Travis Brown,WR,New Mexico,202,4.49,30.0,13.0,120.0,7.18,4.38,2008,6,2,6.166666667,0.0
4792,4879,Duane Brown,OT,Virginia Tech,315,5.07,27.5,24.0,105.0,7.58,4.52,2008,6,4,6.333333333,0.0
4793,4880,Thomas Brown,RB,Georgia,204,4.51,36.0,25.0,128.0,7.17,0.0,2008,5,8,5.666666667,0.0
4794,4881,Titus Brown,OLB,Mississippi State,246,4.82,0.0,18.0,0.0,0.0,0.0,2008,6,2,6.166666667,0.0
4795,4882,Dorien Bryant,WR,Purdue,174,4.49,0.0,0.0,119.0,6.88,4.24,2008,5,10,5.833333333,0.0
4796,4883,Red Bryant,DT,Texas A&M,318,5.0,28.0,20.0,111.0,7.75,4.64,2008,6,4,6.333333333,0.0
4797,4884,Tim Bugg,LS,Indiana,257,5.12,0.0,17.0,0.0,0.0,0.0,2008,6,0,6.0,0.0
4798,4885,Keenan Burton,WR,Kentucky,201,4.44,38.5,10.0,125.0,6.77,4.2,2008,6,0,6.0,0.0
4799,4887,Ezra Butler,OLB,Nevada,245,4.65,0.0,0.0,0.0,0.0,0.0,2008,6,1,6.083333333,0.0
4800,4888,Andre Caldwell,WR,Florida,204,4.35,33.0,0.0,124.0,6.75,4.11,2008,6,0,6.0,0.0
4801,4889,Caleb Campbell,S,Army,229,4.57,0.0,24.0,0.0,0.0,0.0,2008,6,2,6.166666667,0.0
4802,4890,Calais Campbell,DE,Miami (FL),290,5.04,29.5,16.0,111.0,7.45,4.69,2008,6,8,6.666666667,0.0
4803,4891,John Carlson,TE,Notre Dame,251,4.88,30.5,20.0,113.0,7.12,4.28,2008,6,5,6.416666667,0.0
4804,4892,Art Carmody,K,Louisville,177,5.12,0.0,0.0,0.0,0.0,0.0,2008,5,9,5.75,0.0
4805,4893,Antoine Cason,CB,Arizona,191,4.45,35.5,20.0,128.0,0.0,4.08,2008,6,0,6.0,0.0
4806,4894,Simeon Castille,S,Alabama,195,4.63,31.5,0.0,119.0,7.07,4.36,2008,6,0,6.0,0.0
4807,4895,Jehuu Caulcrick,FB,Michigan State,254,4.69,33.0,16.0,109.0,7.4,4.72,2008,6,0,6.0,0.0
4808,4896,Jamaal Charles,RB,Texas,200,4.38,30.5,0.0,122.0,6.8,4.22,2008,5,11,5.916666667,0.0
4809,4897,Gosder Cherilus,OT,Boston Col.,314,5.14,23.0,24.0,102.0,7.6,4.82,2008,6,6,6.5,0.0
4810,4898,Tashard Choice,RB,Georgia Tech,215,4.48,34.0,20.0,119.0,6.88,0.0,2008,5,10,5.833333333,0.0
4811,4899,Ryan Clady,OT,Boise State,309,5.18,0.0,24.0,0.0,0.0,0.0,2008,6,6,6.5,0.0
4812,4900,Corey Clark,OT,Texas A&M,315,5.28,23.0,23.0,106.0,7.47,4.68,2008,6,5,6.416666667,0.0
4813,4901,Devin Clark,OT,New Mexico,305,5.3,21.0,25.0,95.0,8.38,5.03,2008,6,4,6.333333333,0.0
4814,4902,Joe Clermond,DE,Pittsburgh,249,5.15,25.5,20.0,107.0,7.61,4.73,2008,6,2,6.166666667,0.0
4815,4903,Anthony Collins,OT,Kansas,317,5.54,22.5,26.0,97.0,7.71,4.87,2008,6,5,6.416666667,0.0
4816,4904,Dan Connor,ILB,Penn State,231,4.67,0.0,0.0,0.0,0.0,0.0,2008,6,2,6.166666667,0.0
4817,4905,Brad Cottam,TE,Tennessee,270,4.63,33.0,24.0,0.0,0.0,0.0,2008,6,7,6.583333333,0.0
4818,4906,Oniel Cousins,OT,Texas-El Paso,308,5.11,24.5,23.0,107.0,7.9,4.8,2008,6,4,6.333333333,0.0
4819,4907,Shawn Crable,OLB,Michigan,245,4.61,28.0,29.0,111.0,7.29,4.55,2008,6,5,6.416666667,0.0
4820,4908,Angelo Craig,OLB,Cincinnati,252,5.07,30.5,21.0,118.0,0.0,0.0,2008,6,4,6.333333333,0.0
4821,4909,Andrew Crummey,OG,Maryland,299,5.32,0.0,0.0,0.0,0.0,0.0,2008,6,5,6.416666667,0.0
4822,4910,Bruce Davis,OLB,UCLA,252,4.78,29.0,19.0,109.0,7.34,4.47,2008,6,3,6.25,0.0
4823,4911,Fred Davis,TE,USC,255,4.68,0.0,24.0,0.0,0.0,0.0,2008,6,3,6.25,0.0
4824,4912,Kellen Davis,TE,Michigan State,262,4.59,28.0,22.0,118.0,7.25,4.38,2008,6,6,6.5,0.0
4825,4913,Calvin Dawson,RB,La-Monroe,199,4.5,0.0,0.0,0.0,0.0,0.0,2008,5,8,5.666666667,0.0
4826,4914,Thomas DeCoud,S,California,207,4.5,35.5,0.0,122.0,6.85,4.27,2008,6,1,6.083333333,0.0
4827,4915,Quintin Demps,S,Texas-El Paso,206,4.39,31.5,16.0,110.0,0.0,0.0,2008,6,0,6.0,0.0
4828,4916,Johnny Dingle,DE,West Virginia,265,4.95,0.0,23.0,108.0,0.0,0.0,2008,6,1,6.083333333,0.0
4829,4917,Dennis Dixon,QB,Oregon,195,4.58,0.0,0.0,0.0,0.0,0.0,2008,6,3,6.25,0.0
4830,4918,Marcus Dixon,DE,Kansas State,292,5.2,26.0,21.0,111.0,7.58,4.67,2008,6,4,6.333333333,0.0
4831,4919,Jordon Dizon,OLB,Colorado,229,4.71,30.5,0.0,118.0,7.01,4.35,2008,6,0,6.0,0.0
4832,4920,Glenn Dorsey,DT,LSU,297,5.12,0.0,0.0,0.0,0.0,0.0,2008,6,1,6.083333333,0.0
4833,4921,Lionel Dotson,DT,Arizona,296,5.38,25.0,0.0,99.0,7.62,4.75,2008,6,4,6.333333333,0.0
4834,4922,Early Doucet,WR,LSU,209,4.59,0.0,0.0,0.0,0.0,0.0,2008,6,0,6.0,0.0
4835,4923,Harry Douglas,WR,Louisville,176,4.51,31.0,0.0,120.0,6.57,4.12,2008,5,11,5.916666667,0.0
4836,4924,Mike Dragosavich,P,North Dakota State,212,4.85,0.0,0.0,0.0,0.0,0.0,2008,6,5,6.416666667,0.0
4837,4925,Franklin Dunbar,OT,Middle Tennessee State,327,5.58,24.5,27.0,101.0,8.36,5.18,2008,6,5,6.416666667,0.0
4838,4926,Jo-Lonn Dunbar,ILB,Boston Col.,231,4.79,27.0,19.0,112.0,0.0,0.0,2008,6,0,6.0,0.0
4839,4927,King Dunlap,OT,Auburn,310,5.28,0.0,21.0,0.0,0.0,0.0,2008,6,8,6.666666667,0.0
4840,4928,Chris Ellis,DE,Virginia Tech,263,4.71,27.0,0.0,109.0,7.64,4.65,2008,6,4,6.333333333,0.0
4841,4929,Sedrick Ellis,DT,USC,309,5.26,26.5,34.0,105.0,7.78,4.73,2008,6,0,6.0,0.0
4842,4930,De'Cody Fagg,WR,Florida State,211,4.61,0.0,0.0,0.0,0.0,0.0,2008,6,1,6.083333333,0.0
4843,4931,Robert Felton,OG,Arkansas,315,5.51,23.0,22.0,98.0,8.08,4.84,2008,6,4,6.333333333,0.0
4844,4932,Jerome Felton,FB,Furman,241,4.68,32.5,30.0,110.0,7.2,4.46,2008,6,0,6.0,0.0
4845,4933,Derek Fine,TE,Kansas,251,4.83,29.0,24.0,115.0,6.8,4.19,2008,6,3,6.25,0.0
4846,4934,Joe Jon Finley,TE,Oklahoma,254,4.85,0.0,22.0,0.0,0.0,0.0,2008,6,6,6.5,0.0
4847,4935,Jermichael Finley,TE,Texas,243,4.82,27.5,20.0,117.0,7.15,4.38,2008,6,4,6.333333333,0.0
4848,4936,Joe Flacco,QB,Pittsburgh,236,4.84,28.5,0.0,110.0,6.82,4.27,2008,6,6,6.5,0.0
4849,4938,Brandon Flowers,CB,Virginia Tech,189,4.55,30.0,14.0,117.0,0.0,0.0,2008,5,10,5.833333333,0.0
4850,4939,Andre Fluellen,DT,Florida State,296,5.0,0.0,28.0,0.0,0.0,0.0,2008,6,2,6.166666667,0.0
4851,4940,Matt Flynn,QB,LSU,231,4.79,28.0,0.0,109.0,7.21,4.34,2008,6,2,6.166666667,0.0
4852,4941,Wilrey Fontenot,CB,Arizona,171,4.4,34.0,18.0,128.0,7.29,4.26,2008,5,9,5.75,0.0
4853,4942,Justin Forsett,RB,California,194,4.62,26.5,26.0,112.0,6.96,0.0,2008,5,8,5.666666667,0.0
4854,4943,Matt Forte,RB,Tulane,217,4.44,33.0,23.0,118.0,6.84,4.23,2008,6,1,6.083333333,0.0
4855,4944,Will Franklin,WR,Missouri,214,4.37,34.5,0.0,0.0,0.0,0.0,2008,6,0,6.0,0.0
4856,4945,Pierre Garcon,WR,Mount Union,210,4.42,36.5,20.0,125.0,6.9,4.19,2008,6,0,6.0,0.0
4857,4946,Curtis Gatewood,OLB,Vanderbilt,248,4.72,28.5,22.0,111.0,6.9,4.22,2008,6,2,6.166666667,0.0
4858,4947,Jeremy Geathers,DE,UNLV,256,4.96,28.0,29.0,105.0,7.28,4.49,2008,6,2,6.166666667,0.0
4859,4948,Vernon Gholston,DE,Ohio State,266,4.65,35.5,37.0,125.0,7.12,4.4,2008,6,3,6.25,0.0
4860,4949,Breno Giacomini,OT,Louisville,303,5.2,22.5,23.0,108.0,7.56,4.63,2008,6,7,6.583333333,0.0
4861,4950,Mike Gibson,OG,California,305,5.27,27.0,31.0,110.0,7.21,4.64,2008,6,3,6.25,0.0
4862,4951,Wallace Gilberry,DE,Alabama,268,4.98,0.0,19.0,0.0,0.0,0.0,2008,6,2,6.166666667,0.0
4863,4952,Charles Godfrey,CB,Iowa,207,4.43,32.5,14.0,121.0,7.28,4.4,2008,6,0,6.0,0.0
4864,4953,Jonathan Goff,ILB,Vanderbilt,245,4.63,31.5,28.0,118.0,6.86,4.26,2008,6,2,6.166666667,0.0
4865,4954,Tavares Gooden,ILB,Miami (FL),234,4.62,35.0,22.0,118.0,0.0,0.0,2008,6,1,6.083333333,0.0
4866,4955,Michael Grant,CB,Arkansas,186,4.37,30.5,14.0,116.0,7.08,4.1,2008,5,10,5.833333333,0.0
4867,4956,Larry Grant,OLB,Ohio State,235,4.76,31.5,20.0,113.0,6.77,4.22,2008,6,1,6.083333333,0.0
4868,4957,John Greco,OT,Toledo,305,5.29,26.0,30.0,108.0,8.03,4.82,2008,6,5,6.416666667,0.0
4869,4958,BenJarvus Green-Ellis,RB,Mississippi,219,4.6,30.5,24.0,114.0,0.0,0.0,2008,5,11,5.916666667,0.0
4870,4959,Ryan Grice-Mullen,WR,Hawaii,187,4.53,27.5,17.0,118.0,6.91,4.16,2008,5,10,5.833333333,0.0
4871,4960,Marcus Griffin,S,Texas,201,4.69,31.5,13.0,119.0,7.09,4.32,2008,5,10,5.833333333,0.0
4872,4961,Quentin Groves,OLB,Auburn,259,4.53,29.5,30.0,120.0,7.31,4.42,2008,6,3,6.25,0.0
4873,4962,Letroy Guion,DT,Florida State,303,5.31,0.0,26.0,0.0,0.0,0.0,2008,6,3,6.25,0.0
4874,4963,Gary Guyton,OLB,Georgia Tech,245,4.47,36.5,15.0,126.0,7.07,4.42,2008,6,2,6.166666667,0.0
4875,4964,David Hale,OT,Weber State,314,5.27,26.0,25.0,100.0,7.69,4.75,2008,6,6,6.5,0.0
4876,4965,Vince Hall,ILB,Virginia Tech,232,4.89,0.0,0.0,0.0,0.0,0.0,2008,5,11,5.916666667,0.0
4877,4966,D.J. Hall,WR,Alabama,193,4.54,29.5,0.0,122.0,0.0,0.0,2008,6,2,6.166666667,0.0
4878,4967,James Hardy,WR,Indiana,217,4.45,31.5,18.0,125.0,6.84,4.2,2008,6,5,6.416666667,0.0
4879,4968,Justin Harper,WR,Virginia Tech,213,4.56,28.5,0.0,120.0,7.03,4.43,2008,6,3,6.25,0.0
4880,4969,Chris Harrington,DE,Texas A&M,264,4.84,0.0,21.0,117.0,0.0,0.0,2008,6,4,6.333333333,0.0
4881,4970,Marcus Harrison,DT,Arkansas,317,5.06,0.0,26.0,0.0,0.0,0.0,2008,6,3,6.25,0.0
4882,4971,Mike Hart,RB,Michigan,206,4.69,28.0,23.0,110.0,0.0,0.0,2008,5,9,5.75,0.0
4883,4972,Derrick Harvey,DE,Florida,271,4.84,28.5,31.0,113.0,7.27,4.36,2008,6,5,6.416666667,0.0
4884,4973,Lavelle Hawkins,WR,California,187,4.57,0.0,14.0,117.0,0.0,0.0,2008,5,11,5.916666667,0.0
4885,4974,Nick Hayden,DT,Wisconsin,291,5.14,27.0,34.0,108.0,7.55,4.54,2008,6,4,6.333333333,0.0
4886,4975,Geno Hayes,OLB,Florida State,226,4.64,26.5,22.0,116.0,7.22,4.48,2008,6,1,6.083333333,0.0
4887,4976,Joey Haynos,TE,Maryland,259,4.87,30.5,17.0,123.0,6.92,4.42,2008,6,8,6.666666667,0.0
4888,4977,Jonathan Hefney,S,Tennessee,190,4.52,29.0,14.0,117.0,7.1,4.44,2008,5,8,5.666666667,0.0
4889,4978,Erin Henderson,OLB,Maryland,244,4.73,31.0,23.0,113.0,7.16,4.5,2008,6,3,6.25,0.0
4890,4979,Chad Henne,QB,Michigan,230,4.92,25.5,0.0,106.0,7.17,4.4,2008,6,3,6.25,0.0
4891,4980,Marcus Henry,WR,Kansas,207,4.55,31.5,0.0,126.0,7.08,4.3,2008,6,4,6.333333333,0.0
4892,4981,Jacob Hester,FB,LSU,226,4.61,27.5,23.0,111.0,6.85,4.24,2008,5,11,5.916666667,0.0
4893,4982,Ali Highsmith,OLB,LSU,230,4.95,26.5,0.0,112.0,7.4,4.29,2008,6,0,6.0,0.0
4894,4983,Lex Hilliard,FB,Montana,231,4.68,32.0,0.0,122.0,7.01,4.2,2008,5,11,5.916666667,0.0
4895,4984,Peyton Hillis,FB,Arkansas,240,4.64,30.5,26.0,117.0,7.15,0.0,2008,6,1,6.083333333,0.0
4896,4985,Tony Hills,OT,Texas,309,5.16,0.0,0.0,0.0,0.0,0.0,2008,6,5,6.416666667,0.0
4897,4986,Louis Holmes,DE,Arizona,263,4.84,32.5,0.0,121.0,7.33,0.0,2008,6,4,6.333333333,0.0
4898,4987,Chris Horton,S,UCLA,212,4.54,28.5,14.0,109.0,7.34,4.35,2008,6,0,6.0,0.0
4899,4989,Marcus Howard,OLB,Georgia,237,4.45,34.5,27.0,0.0,0.0,0.0,2008,6,0,6.0,0.0
4900,4990,Paul Hubbard,WR,Wisconsin,221,4.49,29.5,15.0,126.0,0.0,0.0,2008,6,3,6.25,0.0
4901,4991,Mike Humpal,OLB,Iowa,244,4.82,31.0,20.0,119.0,7.07,4.25,2008,6,2,6.166666667,0.0
4902,4992,Jack Ikegwuonu,CB,Wisconsin,194,4.44,0.0,0.0,0.0,0.0,0.0,2008,5,10,5.833333333,0.0
4903,4993,Kenny Iwebema,DE,Iowa,274,4.91,29.0,26.0,109.0,7.62,4.75,2008,6,4,6.333333333,0.0
4904,4994,Chevis Jackson,CB,LSU,192,4.52,36.0,13.0,125.0,6.96,4.15,2008,6,0,6.0,0.0
4905,4995,DeSean Jackson,WR,California,169,4.35,0.0,0.0,120.0,0.0,0.0,2008,5,10,5.833333333,0.0
4906,4996,Dexter Jackson,WR,Appalachian State,182,4.33,29.5,0.0,122.0,6.81,4.38,2008,5,9,5.75,0.0
4907,4997,Lawrence Jackson,DE,USC,271,4.82,31.0,31.0,108.0,7.08,4.4,2008,6,4,6.333333333,0.0
4908,4998,Robert James,OLB,Arizona State,219,4.7,0.0,22.0,0.0,0.0,0.0,2008,5,10,5.833333333,0.0
4909,4999,Darnell Jenkins,WR,Miami (FL),187,4.52,26.5,13.0,115.0,7.33,4.37,2008,5,9,5.75,0.0
4910,5000,Mike Jenkins,CB,South Florida,197,4.38,34.0,18.0,117.0,7.21,4.4,2008,5,10,5.833333333,0.0
4911,5001,Stevie Johnson,WR,Michigan State,210,4.46,32.5,0.0,121.0,7.07,4.26,2008,6,2,6.166666667,0.0
4912,5002,Chris Johnson,RB,East Carolina,197,4.24,35.0,0.0,130.0,0.0,0.0,2008,5,11,5.916666667,0.0
4913,5003,Curtis Johnson,OLB,Clark Atlanta,242,4.69,26.0,25.0,0.0,0.0,0.0,2008,6,3,6.25,0.0
4914,5004,Jaymar Johnson,WR,Jackson State,177,4.5,32.0,14.0,118.0,6.75,4.18,2008,5,11,5.916666667,0.0
4915,5005,Josh Johnson,QB,San Diego,213,4.53,33.5,0.0,110.0,7.56,4.42,2008,6,3,6.25,0.0
4916,5006,Tyrell Johnson,S,Arkansas State,207,4.41,32.0,27.0,127.0,0.0,0.0,2008,6,0,6.0,0.0
4917,5007,Felix Jones,RB,Arkansas,207,4.44,33.5,0.0,124.0,6.9,4.19,2008,5,10,5.833333333,0.0
4918,5008,Jason Jones,DE,East. Michigan,273,4.76,25.5,18.0,123.0,7.29,4.32,2008,6,5,6.416666667,0.0
4919,5009,Steve Justice,C,Wake Forest,293,5.24,21.0,23.0,98.0,7.4,4.58,2008,6,3,6.25,0.0
4920,5010,Kolo Kapanui,TE,West Texas A&M,271,5.06,26.5,23.0,107.0,7.42,4.66,2008,6,3,6.25,0.0
4921,5011,Stanford Keglar,OLB,Purdue,239,4.58,34.0,29.0,126.0,6.7,3.98,2008,6,2,6.166666667,0.0
4922,5012,Bryan Kehl,OLB,BYU,242,4.67,34.0,26.0,119.0,6.88,4.23,2008,6,2,6.166666667,0.0
4923,5013,Brandon Keith,OT,New Mexico,343,5.27,26.0,31.0,0.0,0.0,0.0,2008,6,5,6.416666667,0.0
4924,5014,Sam Keller,QB,Nebraska,241,4.99,24.0,0.0,107.0,7.07,4.35,2008,6,4,6.333333333,0.0
4925,5015,Dustin Keller,TE,Purdue,242,4.53,38.0,26.0,131.0,6.88,4.14,2008,6,2,6.166666667,0.0
4926,5016,Malcolm Kelly,WR,Oklahoma,224,4.68,0.0,0.0,0.0,0.0,0.0,2008,6,4,6.333333333,0.0
4927,5017,Dennis Keyes,S,UCLA,205,4.59,30.5,15.0,112.0,7.25,4.41,2008,6,1,6.083333333,0.0
4928,5018,Justin King,CB,Penn State,192,4.31,34.0,14.0,127.0,7.14,4.31,2008,5,11,5.916666667,0.0
4929,5019,Kendall Langford,DE,Kansas State,287,4.95,27.0,24.0,114.0,7.72,4.69,2008,6,5,6.416666667,0.0
4930,5020,Spencer Larsen,ILB,Arizona,238,4.85,28.5,27.0,113.0,7.68,4.55,2008,6,2,6.166666667,0.0
4931,5021,Andrew Larson,P,California,202,4.94,0.0,0.0,0.0,0.0,0.0,2008,6,0,6.0,0.0
4932,5022,Trevor Laws,DT,Notre Dame,304,5.09,30.5,35.0,103.0,7.37,4.49,2008,6,1,6.083333333,0.0
4933,5023,Pat Lee,CB,Colorado,200,4.41,31.0,15.0,120.0,7.07,4.3,2008,6,0,6.0,0.0
4934,5024,Jeremy Leman,ILB,Illinois,245,4.82,0.0,26.0,0.0,0.0,0.0,2008,6,2,6.166666667,0.0
4935,5025,Kory Lichtensteiger,C,Bowling Green,298,5.25,23.0,0.0,104.0,7.6,4.56,2008,6,2,6.166666667,0.0
4936,5026,Rafael Little,RB,Kentucky,194,4.52,0.0,8.0,0.0,0.0,0.0,2008,5,9,5.75,0.0
4937,5027,Curtis Lofton,ILB,Oklahoma,246,4.79,24.5,23.0,105.0,7.69,4.56,2008,6,0,6.0,0.0
4938,5028,Chris Long,DE,Virginia,272,4.75,34.0,0.0,124.0,7.02,4.21,2008,6,3,6.25,0.0
4939,5029,Jake Long,OT,Michigan,313,5.22,27.5,37.0,102.0,7.44,4.73,2008,6,7,6.583333333,0.0
4940,5030,Dwight Lowery,CB,San Jose State,201,4.54,33.5,16.0,116.0,7.31,4.38,2008,5,11,5.916666667,0.0
4941,5031,Kregg Lumpkin,RB,Georgia,226,4.68,28.0,22.0,111.0,0.0,0.0,2008,5,11,5.916666667,0.0
4942,5032,Mario Manningham,WR,Michigan,181,4.59,32.0,16.0,117.0,7.34,4.27,2008,6,0,6.0,0.0
4943,5033,Durell Mapp,OLB,North Carolina,227,4.71,0.0,27.0,0.0,0.0,0.0,2008,6,1,6.083333333,0.0
4944,5034,Bryan Mattison,DE,Iowa,290,5.05,24.5,26.0,112.0,7.61,4.7,2008,6,3,6.25,0.0
4945,5035,Jerod Mayo,ILB,Tennessee,242,4.54,32.0,0.0,114.0,7.31,4.29,2008,6,1,6.083333333,0.0
4946,5036,Shaheer McBride,WR,Delaware State,205,4.61,29.0,0.0,112.0,7.12,4.48,2008,6,1,6.083333333,0.0
4947,5037,Jameel McClain,ILB,Syracuse,249,4.74,26.0,24.0,110.0,7.12,4.31,2008,6,1,6.083333333,0.0
4948,5038,James McClinton,DT,Kansas,293,5.47,21.5,23.0,97.0,7.5,4.73,2008,6,0,6.0,0.0
4949,5040,Chris McDuffie,OG,Clemson,330,5.3,0.0,29.0,0.0,0.0,0.0,2008,6,4,6.333333333,0.0
4950,5041,Darren McFadden,RB,Arkansas,211,4.33,33.0,0.0,128.0,0.0,0.0,2008,6,1,6.083333333,0.0
4951,5042,Mike McGlynn,OG,Pittsburgh,311,5.38,23.0,30.0,101.0,7.58,4.72,2008,6,4,6.333333333,0.0
4952,5043,Leodis McKelvin,CB,Troy,190,4.38,33.5,17.0,121.0,7.06,4.1,2008,5,10,5.833333333,0.0
4953,5044,Justin McKinney,CB,Kansas State,188,4.53,29.5,11.0,109.0,0.0,0.0,2008,5,9,5.75,0.0
4954,5045,Kalvin McRae,RB,Ohio,203,4.69,25.5,0.0,109.0,0.0,0.0,2008,5,9,5.75,0.0
4955,5046,Taylor Mehlhaff,K,Wisconsin,183,4.92,0.0,13.0,0.0,0.0,0.0,2008,5,10,5.833333333,0.0
4956,5047,Rashard Mendenhall,RB,Illinois,225,4.41,33.5,26.0,117.0,0.0,4.18,2008,5,10,5.833333333,0.0
4957,5048,Phillip Merling,DE,Clemson,276,4.73,0.0,17.0,0.0,0.0,0.0,2008,6,4,6.333333333,0.0
4958,5049,Ben Moffitt,ILB,South Florida,234,4.58,32.5,23.0,123.0,6.75,4.21,2008,6,1,6.083333333,0.0
4959,5050,Antwaun Molden,CB,East. Kentucky,198,4.39,37.5,23.0,129.0,6.85,4.14,2008,6,1,6.083333333,0.0
4960,5051,Marcus Monk,WR,Arkansas,222,4.56,34.5,9.0,119.0,7.08,4.3,2008,6,4,6.333333333,0.0
4961,5052,Dre Moore,DT,Maryland,305,4.84,28.0,31.0,105.0,7.73,4.55,2008,6,4,6.333333333,0.0
4962,5053,Evan Moore,TE,Stanford,233,4.74,27.0,16.0,110.0,7.08,4.43,2008,6,6,6.5,0.0
4963,5054,Kenneth Moore,WR,Wake Forest,195,4.47,28.0,0.0,120.0,7.09,4.3,2008,5,11,5.916666667,0.0
4964,5055,Anthony Morelli,QB,Penn State,231,5.07,26.5,16.0,108.0,7.43,4.6,2008,6,4,6.333333333,0.0
4965,5056,DaJuan Morgan,S,North Carolina State,205,4.5,33.0,21.0,119.0,7.12,4.41,2008,6,0,6.0,0.0
4966,5057,Josh Morgan,WR,Virginia Tech,219,4.46,0.0,0.0,0.0,0.0,0.0,2008,6,0,6.0,0.0
4967,5058,Bernard Morris,QB,Marshall,223,4.68,24.5,18.0,109.0,0.0,0.0,2008,6,3,6.25,0.0
4968,5059,Shawn Murphy,OG,Utah State,320,5.38,21.5,29.0,100.0,7.74,4.89,2008,6,4,6.333333333,0.0
4969,5060,Jordy Nelson,WR,Kansas State,217,4.51,31.0,0.0,123.0,7.03,4.35,2008,6,3,6.25,0.0
4970,5061,Carl Nicks,OT,Nebraska,341,5.22,25.5,31.0,109.0,7.91,4.68,2008,6,5,6.416666667,0.0
4971,5062,Kevin O'Connell,QB,San Diego State,225,4.61,31.0,0.0,113.0,7.01,4.38,2008,6,5,6.416666667,0.0
4972,5063,Steve Octavien,OLB,Nebraska,238,4.67,29.5,26.0,118.0,0.0,0.0,2008,6,0,6.0,0.0
4973,5064,Frank Okam,DT,Texas,347,5.32,23.0,32.0,104.0,8.07,4.95,2008,6,4,6.333333333,0.0
4974,5065,Adamm Oliver,DE,Georgia Tech,268,4.84,0.0,29.0,0.0,0.0,0.0,2008,6,4,6.333333333,0.0
4975,5066,Xavier Omon,RB,Northwest Missouri State,228,4.52,31.0,17.0,112.0,0.0,0.0,2008,5,11,5.916666667,0.0
4976,5067,Chase Ortiz,DE,TCU,249,4.9,29.5,24.0,108.0,7.03,4.23,2008,6,2,6.166666667,0.0
4977,5068,T.C. Ostrander,QB,Stanford,227,4.92,0.0,0.0,0.0,0.0,0.0,2008,6,2,6.166666667,0.0
4978,5069,Jeff Otah,OT,Pittsburgh,322,5.55,22.5,27.0,102.0,0.0,0.0,2008,6,6,6.5,0.0
4979,5070,D.J. Parker,S,Virginia Tech,192,4.59,29.0,19.0,111.0,6.94,4.44,2008,5,11,5.916666667,0.0
4980,5071,Jalen Parmele,RB,Toledo,224,4.47,34.0,19.0,125.0,6.96,4.29,2008,5,11,5.916666667,0.0
4981,5072,Allen Patrick,RB,Oklahoma,198,4.55,0.0,0.0,0.0,0.0,0.0,2008,6,1,6.083333333,0.0
4982,5073,Brian Paysinger,WR,Oregon,206,4.55,0.0,0.0,0.0,0.0,0.0,2008,6,2,6.166666667,0.0
4983,5074,Kenny Phillips,S,Miami (FL),212,4.48,32.5,19.0,121.0,6.97,4.27,2008,6,2,6.166666667,0.0
4984,5075,Billy Pittman,WR,Texas,189,4.7,32.5,12.0,114.0,7.04,4.4,2008,5,11,5.916666667,0.0
4985,5076,Mike Pollak,C,Arizona State,301,4.99,25.0,29.0,110.0,7.49,4.47,2008,6,3,6.25,0.0
4986,5077,Tyler Polumbus,OT,Colorado,312,5.3,26.0,24.0,112.0,7.71,4.86,2008,6,7,6.583333333,0.0
4987,5078,Tracy Porter,CB,Indiana,188,4.37,34.0,18.0,123.0,7.2,4.07,2008,5,11,5.916666667,0.0
4988,5079,Carlton Powell,DT,Virginia Tech,292,5.1,22.5,23.0,108.0,7.78,4.87,2008,6,2,6.166666667,0.0
4989,5080,DeMario Pressley,DT,North Carolina State,301,5.09,25.5,28.0,100.0,0.0,0.0,2008,6,3,6.25,0.0
4990,5081,Maurice Purify,WR,Nebraska,224,4.5,28.5,0.0,117.0,6.95,4.29,2008,6,3,6.25,0.0
4991,5082,Chilo Rachal,OG,USC,315,5.16,25.5,28.0,108.0,8.01,5.14,2008,6,5,6.416666667,0.0
4992,5083,Drew Radovich,OG,USC,301,5.33,23.0,21.0,108.0,7.47,4.53,2008,6,4,6.333333333,0.0
4993,5084,Tim Reyer,P,Kansas State,205,5.05,0.0,0.0,0.0,0.0,0.0,2008,5,11,5.916666667,0.0
4994,5085,Darius Reynaud,WR,West Virginia,201,4.48,34.5,20.0,130.0,6.88,4.32,2008,5,9,5.75,0.0
4995,5086,Ray Rice,RB,Rutgers,199,4.42,31.5,23.0,119.0,6.65,4.2,2008,5,8,5.666666667,0.0
4996,5087,Jamey Richard,C,Buffalo,295,5.22,26.5,22.0,107.0,7.58,4.69,2008,6,5,6.416666667,0.0
4997,5088,Matterral Richardson,CB,Arkansas,194,4.64,0.0,14.0,114.0,7.01,4.36,2008,5,11,5.916666667,0.0
4998,5089,Barry Richardson,OT,Clemson,320,5.45,25.5,24.0,100.0,8.0,5.16,2008,6,7,6.583333333,0.0
4999,5091,Chad Rinehart,OG,New Mexico,320,5.42,28.5,26.0,106.0,7.84,4.56,2008,6,5,6.416666667,0.0
5000,5092,Jason Rivers,WR,Hawaii,200,4.59,30.0,0.0,118.0,7.03,4.32,2008,6,1,6.083333333,0.0
5001,5093,Keith Rivers,OLB,USC,241,4.54,0.0,24.0,0.0,0.0,0.0,2008,6,2,6.166666667,0.0
5002,5094,David Roach,S,TCU,210,4.53,38.0,16.0,123.0,6.88,4.15,2008,6,0,6.0,0.0
5003,5095,Darrell Robertson,DE,Georgia Tech,255,4.76,0.0,0.0,0.0,0.0,0.0,2008,6,4,6.333333333,0.0
5004,5096,Kevin Robinson,WR,Utah State,202,4.69,27.5,0.0,115.0,7.31,4.77,2008,5,11,5.916666667,0.0
5005,5097,William Robinson,OT,San Diego State,297,5.23,19.5,22.0,0.0,0.0,0.0,2008,6,5,6.416666667,0.0
5006,5098,Dominique Rodgers-Cromartie,CB,Tennessee State,184,4.29,38.5,17.0,131.0,6.74,4.17,2008,6,1,6.083333333,0.0
5007,5099,Eddie Royal,WR,Virginia Tech,184,4.39,36.0,24.0,124.0,7.07,4.34,2008,5,10,5.833333333,0.0
5008,5100,Ahtyba Rubin,DT,Iowa State,315,5.2,28.0,35.0,106.0,8.05,5.0,2008,6,3,6.25,0.0
5009,5101,Martin Rucker,TE,Missouri,251,4.75,0.0,20.0,0.0,0.0,0.0,2008,6,5,6.416666667,0.0
5010,5102,Matt Ryan,QB,Boston Col.,228,4.89,0.0,0.0,0.0,7.4,4.51,2008,6,5,6.416666667,0.0
5011,5103,Lorne Sam,WR,Texas-El Paso,220,4.59,33.0,23.0,122.0,7.11,4.35,2008,6,2,6.166666667,0.0
5012,5104,Tom Santi,TE,Virginia,250,4.8,36.0,14.0,121.0,7.08,4.27,2008,6,3,6.25,0.0
5013,5105,Dantrell Savage,RB,Oklahoma State,187,4.53,32.5,13.0,117.0,0.0,0.0,2008,5,8,5.666666667,0.0
5014,5106,Orlando Scandrick,CB,Boise State,192,4.32,33.5,0.0,125.0,6.83,0.0,2008,5,10,5.833333333,0.0
5015,5107,Owen Schmitt,FB,West Virginia,247,4.73,0.0,26.0,0.0,0.0,0.0,2008,6,2,6.166666667,0.0
5016,5108,Tyler Schmitt,LS,San Diego State,231,4.93,29.0,21.0,118.0,7.03,4.33,2008,6,2,6.166666667,0.0
5017,5109,Roy Schuening,OG,Oregon State,306,5.29,25.0,26.0,0.0,0.0,0.0,2008,6,4,6.333333333,0.0
5018,5110,Geoff Schwartz,OT,Oregon,332,5.36,20.5,0.0,98.0,7.9,4.79,2008,6,6,6.5,0.0
5019,5111,Alexis Serna,K,Oregon State,170,4.62,0.0,0.0,0.0,0.0,0.0,2008,5,6,5.5,0.0
5020,5112,Glenn Sharpe,CB,Miami (FL),184,4.52,37.0,15.0,0.0,0.0,0.0,2008,6,0,6.0,0.0
5021,5113,Arman Shields,WR,Richmond,194,4.37,37.5,19.0,128.0,6.67,3.96,2008,6,1,6.083333333,0.0
5022,5114,Jamie Silva,S,Boston Col.,204,4.78,31.5,0.0,112.0,0.0,0.0,2008,5,11,5.916666667,0.0
5023,5115,Chad Simpson,RB,South Florida,216,4.4,32.5,0.0,124.0,0.0,0.0,2008,5,9,5.75,0.0
5024,5116,Jerome Simpson,WR,Coastal Carolina,199,4.42,37.5,0.0,136.0,7.08,4.52,2008,6,2,6.166666667,0.0
5025,5117,Pat Sims,DT,Auburn,310,5.06,27.0,20.0,0.0,0.0,0.0,2008,6,2,6.166666667,0.0
5026,5118,Steve Slaton,RB,West Virginia,197,4.45,33.5,19.0,118.0,0.0,0.0,2008,5,9,5.75,0.0
5027,5119,Dorian Smith,DE,Oregon State,264,5.06,27.5,24.0,105.0,7.52,4.73,2008,6,1,6.083333333,0.0
5028,5120,Paul Smith,QB,Tulsa,208,4.95,26.5,0.0,111.0,7.02,4.29,2008,6,1,6.083333333,0.0
5029,5121,Bryan Smith,OLB,McNeese State,231,4.74,32.5,17.0,120.0,7.22,4.4,2008,6,2,6.166666667,0.0
5030,5122,Kevin Smith,RB,Central Florida,217,4.53,32.0,0.0,120.0,6.74,4.49,2008,6,1,6.083333333,0.0
5031,5123,Marcus Smith,WR,New Mexico,221,4.51,26.5,20.0,111.0,7.1,4.42,2008,6,1,6.083333333,0.0
5032,5124,Reggie Smith,CB,Oklahoma,199,4.61,0.0,13.0,0.0,0.0,0.0,2008,6,0,6.0,0.0
5033,5125,Taj Smith,WR,Syracuse,187,4.59,35.0,0.0,119.0,7.15,4.5,2008,6,0,6.0,0.0
5034,5126,Pedro Sosa,OT,Rutgers,300,5.29,0.0,19.0,0.0,0.0,0.0,2008,6,4,6.333333333,0.0
5035,5127,Matt Spanos,C,USC,317,5.47,22.5,0.0,104.0,7.9,4.92,2008,6,5,6.416666667,0.0
5036,5128,Craig Steltz,S,LSU,213,4.63,0.0,0.0,0.0,0.0,0.0,2008,6,1,6.083333333,0.0
5037,5129,Craig Stevens,TE,California,254,4.59,27.5,27.0,114.0,7.07,4.31,2008,6,3,6.25,0.0
5038,5130,Carl Stewart,FB,Auburn,230,4.66,39.0,30.0,134.0,7.12,4.5,2008,6,1,6.083333333,0.0
5039,5131,Jonathan Stewart,RB,Oregon,235,4.46,36.5,28.0,128.0,0.0,0.0,2008,5,10,5.833333333,0.0
5040,5132,Darrell Strong,TE,Pittsburgh,268,4.78,25.0,17.0,110.0,6.86,4.36,2008,6,4,6.333333333,0.0
5041,5133,John Sullivan,C,Notre Dame,301,5.35,30.0,21.0,103.0,7.62,4.55,2008,6,3,6.25,0.0
5042,5134,Brandon Sumrall,CB,Southern Miss,195,4.6,30.5,0.0,123.0,6.76,4.1,2008,5,10,5.833333333,0.0
5043,5135,Limas Sweed,WR,Texas,215,4.48,35.0,0.0,0.0,0.0,0.0,2008,6,4,6.333333333,0.0
5044,5136,Adam Tafralis,QB,San Jose State,221,4.78,32.0,0.0,108.0,7.14,4.33,2008,6,1,6.083333333,0.0
5045,5137,Aqib Talib,CB,Kansas,202,4.44,38.0,10.0,131.0,6.82,4.22,2008,6,1,6.083333333,0.0
5046,5138,Jacob Tamme,TE,Kentucky,236,4.58,30.0,18.0,109.0,6.99,4.27,2008,6,3,6.25,0.0
5047,5139,Darnell Terrell,CB,Missouri,203,4.46,34.0,15.0,125.0,0.0,0.0,2008,6,2,6.166666667,0.0
5048,5140,Devin Thomas,WR,Michigan State,216,4.41,28.0,0.0,126.0,7.15,4.26,2008,6,2,6.166666667,0.0
5049,5142,Donald Thomas,OG,Connecticut,303,5.0,24.5,28.0,100.0,7.45,4.78,2008,6,3,6.25,0.0
5050,5143,Marcus Thomas,RB,Texas-El Paso,213,4.59,30.0,21.0,116.0,0.0,0.0,2008,6,0,6.0,0.0
5051,5144,Terrell Thomas,CB,USC,202,4.45,30.5,14.0,123.0,7.18,0.0,2008,6,0,6.0,0.0
5052,5145,Jeremy Thompson,DE,Wake Forest,264,4.75,32.0,25.0,117.0,6.97,4.23,2008,6,4,6.333333333,0.0
5053,5146,Owen Tolson,P,Army,210,5.05,0.0,0.0,0.0,0.0,0.0,2008,6,2,6.166666667,0.0
5054,5147,Ryan Torain,RB,Arizona State,222,4.61,34.0,21.0,120.0,0.0,0.0,2008,6,0,6.0,0.0
5055,5148,DeJuan Tribble,CB,Boston Col.,189,4.59,32.0,13.0,114.0,0.0,0.0,2008,5,9,5.75,0.0
5056,5149,Justin Tryon,CB,Arizona State,190,4.42,32.5,21.0,119.0,7.41,4.28,2008,5,9,5.75,0.0
5057,5150,Mario Urrutia,WR,Louisville,232,4.59,30.0,16.0,115.0,7.07,4.44,2008,6,5,6.416666667,0.0
5058,5151,Marcus Walker,CB,Oklahoma,191,4.46,35.5,0.0,122.0,6.8,4.07,2008,5,10,5.833333333,0.0
5059,5152,Cody Wallace,C,Texas A&M,296,5.3,30.5,26.0,113.0,7.45,4.55,2008,6,4,6.333333333,0.0
5060,5153,Nehemiah Warrick,S,Michigan State,211,4.51,29.5,16.0,119.0,6.98,4.09,2008,6,1,6.083333333,0.0
5061,5154,Chauncey Washington,RB,USC,211,4.45,0.0,0.0,0.0,0.0,0.0,2008,5,11,5.916666667,0.0
5062,5155,Nick Watkins,OLB,Clemson,223,4.77,25.0,17.0,108.0,7.97,4.72,2008,6,0,6.0,0.0
5063,5156,Joe West,WR,Texas-El Paso,213,4.52,32.0,20.0,113.0,6.96,4.33,2008,6,1,6.083333333,0.0
5064,5157,Terrence Wheatley,CB,Colorado,187,4.37,36.5,17.0,128.0,6.74,4.17,2008,5,10,5.833333333,0.0
5065,5158,Philip Wheeler,ILB,Georgia Tech,248,4.76,31.0,24.0,118.0,7.11,4.29,2008,6,2,6.166666667,0.0
5066,5159,Jonathan Wilhite,CB,Auburn,185,4.38,33.5,20.0,119.0,0.0,0.0,2008,5,9,5.75,0.0
5067,5160,Chris Williams,OT,Vanderbilt,315,5.13,25.0,21.0,103.0,7.95,4.85,2008,6,6,6.5,0.0
5068,5161,Jack Williams,CB,Kent State,186,4.43,35.5,19.0,121.0,6.91,0.0,2008,5,9,5.75,0.0
5069,5162,Thomas Williams,ILB,USC,238,4.86,29.5,26.0,113.0,0.0,0.0,2008,6,1,6.083333333,0.0
5070,5163,Trae Williams,CB,South Florida,193,4.51,29.5,0.0,110.0,0.0,0.0,2008,5,9,5.75,0.0
5071,5164,D.J. Wolfe,S,Oklahoma,207,4.61,28.0,0.0,112.0,7.02,4.32,2008,5,11,5.916666667,0.0
5072,5165,Andre Woodson,QB,Kentucky,229,4.85,0.0,0.0,0.0,0.0,0.0,2008,6,4,6.333333333,0.0
5073,5166,Wesley Woodyard,OLB,Kentucky,227,4.51,30.0,0.0,118.0,7.15,4.25,2008,6,0,6.0,0.0
5074,5167,Kyle Wright,QB,Miami (FL),218,4.85,25.5,0.0,105.0,7.34,4.32,2008,6,3,6.25,0.0
5075,5168,Eric Young,OG,East. Michigan,310,5.18,0.0,0.0,0.0,0.0,0.0,2008,6,4,6.333333333,0.0
5076,5169,Tom Zbikowski,S,Notre Dame,211,4.44,0.0,24.0,0.0,0.0,0.0,2008,5,11,5.916666667,0.0
5077,5170,Jonathan Zenon,CB,LSU,191,4.48,33.0,0.0,0.0,0.0,0.0,2008,6,0,6.0,0.0
5078,5171,Jeremy Zuttah,OT,Rutgers,303,4.99,26.5,35.0,107.0,7.59,4.54,2008,6,3,6.25,0.0
5079,5172,Jon Abbate,ILB,Wake Forest,231,5.0,38.5,26.0,115.0,7.12,4.33,2007,5,10,5.833333333,0.0
5080,5173,Victor Abiamiri,DE,Notre Dame,267,4.8,0.0,25.0,0.0,0.0,0.0,2007,6,4,6.333333333,0.0
5081,5174,Gaines Adams,DE,Clemson,258,4.64,35.0,0.0,119.0,7.17,4.36,2007,6,5,6.416666667,0.0
5082,5175,Jesse Ainsworth,K,Arizona State,218,4.75,0.0,0.0,0.0,0.0,0.0,2007,6,3,6.25,0.0
5083,5176,Ikaika Alama-Francis,DE,Hawaii,280,4.85,0.0,0.0,0.0,0.0,0.0,2007,6,5,6.416666667,0.0
5084,5177,Gerald Alexander,S,Boise State,210,4.51,41.0,15.0,124.0,7.24,4.21,2007,6,0,6.0,0.0
5085,5178,Rufus Alexander,OLB,Oklahoma,228,4.79,35.0,25.0,117.0,7.06,4.3,2007,6,1,6.083333333,0.0
5086,5179,Jay Alford,DT,Penn State,304,5.17,25.5,0.0,103.0,7.81,4.83,2007,6,3,6.25,0.0
5087,5180,Michael Allan,TE,Whitworth,255,4.71,36.0,19.0,123.0,7.31,4.52,2007,6,6,6.5,0.0
5088,5181,Andy Alleman,OG,Akron,305,5.07,30.0,27.0,106.0,7.8,4.65,2007,6,4,6.333333333,0.0
5089,5182,Aundrae Allison,WR,East Carolina,198,4.39,37.0,0.0,127.0,0.0,0.0,2007,6,0,6.0,0.0
5090,5183,Cory Anderson,FB,Tennessee,247,4.7,37.0,19.0,115.0,7.37,4.35,2007,6,2,6.166666667,0.0
5091,5184,Deon Anderson,FB,Connecticut,243,4.73,33.0,23.0,114.0,7.27,4.43,2007,5,11,5.916666667,0.0
5092,5185,Jamaal Anderson,DE,Arkansas,288,4.75,0.0,0.0,0.0,0.0,0.0,2007,6,5,6.416666667,0.0
5093,5186,Antwan Applewhite,DE,San Diego State,250,4.73,35.0,25.0,115.0,7.5,4.36,2007,6,3,6.25,0.0
5094,5187,Anthony Arline,CB,Baylor,199,4.43,34.5,12.0,124.0,7.02,4.46,2007,6,2,6.166666667,0.0
5095,5188,Baraka Atkins,DE,Miami (FL),271,4.69,33.0,22.0,111.0,0.0,0.0,2007,6,4,6.333333333,0.0
5096,5189,Travarous Bain,CB,Kansas State,182,4.43,0.0,10.0,0.0,0.0,0.0,2007,6,0,6.0,0.0
5097,5190,Dallas Baker,WR,Florida,208,4.53,36.0,0.0,129.0,6.69,4.19,2007,6,3,6.25,0.0
5098,5191,Reggie Ball,WR,Georgia Tech,203,4.67,30.0,15.0,112.0,6.9,4.19,2007,5,11,5.916666667,0.0
5099,5192,David Ball,WR,North Texas,196,4.7,0.0,0.0,0.0,6.94,4.21,2007,6,1,6.083333333,0.0
5100,5193,Allen Barbre,OT,Missouri Southern,300,4.84,32.0,28.0,105.0,7.4,4.63,2007,6,4,6.333333333,0.0
5101,5194,Antwan Barnes,OLB,Florida International,240,4.43,35.0,31.0,122.0,7.29,4.32,2007,6,1,6.083333333,0.0
5102,5195,Dan Bazuin,DE,Central Michigan,266,4.77,30.0,25.0,109.0,7.09,4.75,2007,6,3,6.25,0.0
5103,5196,Jon Beason,OLB,Miami (FL),237,4.72,0.0,19.0,111.0,0.0,0.0,2007,6,0,6.0,0.0
5104,5197,John Beck,QB,BYU,215,4.75,29.5,0.0,111.0,6.81,4.17,2007,6,2,6.166666667,0.0
5105,5198,Josh Beekman,OG,Boston Col.,313,5.36,25.5,24.0,93.0,8.24,4.81,2007,6,2,6.166666667,0.0
5106,5199,Nate Bennett,OG,Michigan State,316,5.47,26.5,34.0,90.0,8.15,5.04,2007,6,4,6.333333333,0.0
5107,5200,Fred Bennett,CB,South Carolina,196,4.46,38.5,17.0,125.0,6.67,4.3,2007,6,1,6.083333333,0.0
5108,5201,Stephen Berg,OG,Arizona State,330,5.38,0.0,19.0,0.0,0.0,0.0,2007,6,5,6.416666667,0.0
5109,5202,Larry Birdine,DE,Oklahoma,261,5.02,32.0,21.0,107.0,7.47,4.76,2007,6,4,6.333333333,0.0
5110,5203,Desmond Bishop,ILB,California,239,4.78,0.0,33.0,0.0,0.0,0.0,2007,6,2,6.166666667,0.0
5111,5204,Quincy Black,OLB,New Mexico,240,4.42,41.5,24.0,124.0,6.86,4.34,2007,6,2,6.166666667,0.0
5112,5205,H.B. Blades,ILB,Pittsburgh,236,4.69,0.0,22.0,0.0,0.0,0.0,2007,5,11,5.916666667,0.0
5113,5206,Justin Blalock,OG,Texas,320,5.1,28.5,40.0,101.0,7.75,4.72,2007,6,3,6.25,0.0
5114,5207,Kody Bliss,P,Auburn,179,5.08,0.0,0.0,0.0,0.0,0.0,2007,5,10,5.833333333,0.0
5115,5208,Lorenzo Booker,RB,Florida State,191,4.46,35.5,26.0,121.0,0.0,0.0,2007,5,10,5.833333333,0.0
5116,5209,Kevin Boss,TE,Western Oregon,252,4.78,35.0,0.0,116.0,6.96,4.41,2007,6,6,6.5,0.0
5117,5210,Dwayne Bowe,WR,LSU,221,4.51,33.0,0.0,125.0,6.81,4.35,2007,6,2,6.166666667,0.0
5118,5211,Tyron Brackenridge,CB,Washington State,189,4.67,0.0,0.0,0.0,0.0,0.0,2007,5,11,5.916666667,0.0
5119,5212,Stewart Bradley,OLB,Nebraska,254,4.72,35.5,28.0,112.0,7.29,4.17,2007,6,4,6.333333333,0.0
5120,5213,Ahmad Bradshaw,RB,Marshall,198,4.55,34.0,0.0,112.0,6.7,4.09,2007,5,9,5.75,0.0
5121,5214,Alan Branch,DT,Michigan,324,5.07,27.5,33.0,107.0,0.0,0.0,2007,6,6,6.5,0.0
5122,5215,Steve Breaston,WR,Michigan,193,4.46,33.0,0.0,124.0,6.9,4.29,2007,6,0,6.0,0.0
5123,5216,Larry Brown,DT,Oklahoma State,297,5.2,27.0,22.0,108.0,7.67,4.81,2007,6,3,6.25,0.0
5124,5217,Kareem Brown,DT,Miami (FL),290,5.38,26.5,0.0,96.0,0.0,0.0,2007,6,4,6.333333333,0.0
5125,5218,Levi Brown,OT,Penn State,323,5.4,25.5,31.0,97.0,7.87,4.89,2007,6,5,6.416666667,0.0
5126,5219,Tarell Brown,CB,Texas,190,4.45,33.5,17.0,111.0,7.0,4.37,2007,5,11,5.916666667,0.0
5127,5220,Mkristo Bruce,DE,Washington State,268,5.0,29.0,21.0,106.0,7.38,4.8,2007,6,6,6.5,0.0
5128,5221,Eldra Buckley,RB,Tenn-Chattanooga,202,4.56,35.5,14.0,120.0,7.71,4.43,2007,5,9,5.75,0.0
5129,5223,Noland Burchette,DE,Virginia Tech,259,4.73,0.0,15.0,0.0,0.0,0.0,2007,6,2,6.166666667,0.0
5130,5224,Prescott Burgess,OLB,Michigan,240,4.82,32.5,19.0,106.0,7.01,4.31,2007,6,3,6.25,0.0
5131,5225,Michael Bush,RB,Louisville,243,4.62,0.0,0.0,0.0,0.0,0.0,2007,6,1,6.083333333,0.0
5132,5226,Andrew Carnahan,OT,Arizona State,306,5.2,0.0,22.0,0.0,0.0,0.0,2007,6,7,6.583333333,0.0
5133,5227,Brendan Carney,P,Syracuse,203,5.03,0.0,0.0,0.0,0.0,0.0,2007,6,4,6.333333333,0.0
5134,5228,Adam Carriker,DE,Nebraska,296,4.9,33.5,33.0,110.0,7.06,4.18,2007,6,6,6.5,0.0
5135,5229,Zach Catanese,S,Arizona State,225,4.6,0.0,24.0,0.0,0.0,0.0,2007,6,2,6.166666667,0.0
5136,5230,Scott Chandler,TE,Iowa,270,4.78,30.0,16.0,111.0,7.26,4.32,2007,6,7,6.583333333,0.0
5137,5231,Matt Clark,K,Auburn,181,0.0,0.0,0.0,0.0,0.0,0.0,2007,6,0,6.0,0.0
5138,5232,Jeremy Clark,DT,Alabama,309,5.02,29.0,29.0,104.0,7.78,4.82,2007,6,2,6.166666667,0.0
5139,5233,Thomas Clayton,RB,Kansas State,218,4.63,36.5,23.0,121.0,0.0,0.0,2007,5,10,5.833333333,0.0
5140,5234,David Clowney,WR,Virginia Tech,188,4.36,32.5,0.0,123.0,7.0,4.15,2007,6,0,6.0,0.0
5141,5235,Daniel Coats,TE,BYU,257,4.94,30.0,34.0,111.0,7.07,4.43,2007,6,3,6.25,0.0
5142,5236,Michael Coe,CB,Arkansas,190,4.53,35.0,17.0,122.0,6.78,4.31,2007,6,1,6.083333333,0.0
5143,5237,Joe Cohen,DT,Florida,313,5.1,26.0,34.0,0.0,0.0,0.0,2007,6,2,6.166666667,0.0
5144,5238,Duane Coleman,CB,Clemson,199,4.57,35.5,18.0,120.0,7.18,4.51,2007,5,9,5.75,0.0
5145,5239,Alonzo Coleman,RB,Kansas State,207,4.49,0.0,27.0,120.0,0.0,0.0,2007,5,10,5.833333333,0.0
5146,5240,Jemalle Cornelius,WR,Florida,184,4.57,34.5,0.0,123.0,6.99,4.3,2007,5,11,5.916666667,0.0
5147,5241,Jon Cornish,RB,Kansas,206,4.62,34.0,0.0,118.0,7.09,0.0,2007,5,11,5.916666667,0.0
5148,5242,Mason Crosby,K,Colorado,212,5.18,0.0,0.0,0.0,0.0,0.0,2007,6,1,6.083333333,0.0
5149,5243,Tim Crowder,DE,Texas,272,4.69,30.5,32.0,111.0,7.28,4.32,2007,6,4,6.333333333,0.0
5150,5244,Quinton Culberson,OLB,Mississippi State,236,4.77,29.5,18.0,113.0,0.0,0.0,2007,6,1,6.083333333,0.0
5151,5245,Craig Dahl,S,North Dakota State,216,4.55,35.0,17.0,122.0,6.69,4.26,2007,6,2,6.166666667,0.0
5152,5246,Jessie Daniels,S,LSU,216,4.54,0.0,25.0,0.0,0.0,0.0,2007,5,11,5.916666667,0.0
5153,5247,Kenneth Darby,RB,Alabama,211,4.75,30.0,19.0,108.0,7.25,4.53,2007,5,10,5.833333333,0.0
5154,5248,Doug Datish,C,Ohio State,302,5.13,26.0,31.0,102.0,7.51,4.65,2007,6,4,6.333333333,0.0
5155,5249,Buster Davis,WR,Florida State,207,4.41,0.0,0.0,0.0,0.0,0.0,2007,6,1,6.083333333,0.0
5156,5250,Buster Davis,ILB,Florida State,239,4.64,31.0,24.0,104.0,7.28,4.37,2007,5,9,5.75,0.0
5157,5251,Chris Davis,WR,Florida State,181,4.5,35.5,0.0,115.0,6.66,4.14,2007,5,10,5.833333333,0.0
5158,5252,A.J. Davis,CB,North Carolina State,193,4.56,0.0,16.0,0.0,0.0,0.0,2007,5,10,5.833333333,0.0
5159,5253,Victor DeGrate,DE,Oklahoma State,249,4.77,0.0,19.0,0.0,0.0,0.0,2007,6,3,6.25,0.0
5160,5254,Chris Denman,OT,Fresno State,315,5.62,27.5,21.0,97.0,8.1,4.92,2007,6,6,6.5,0.0
5161,5255,Zak DeOssie,ILB,Brown,250,4.58,34.5,26.0,122.0,6.89,4.22,2007,6,5,6.416666667,0.0
5162,5256,Tim Duckworth,OG,Auburn,306,5.42,25.0,20.0,94.0,8.26,4.78,2007,6,3,6.25,0.0
5163,5257,Justin Durant,ILB,Kansas State,230,4.51,36.0,25.0,121.0,6.77,4.09,2007,6,1,6.083333333,0.0
5164,5258,Quintin Echols,DT,Kansas State,328,5.4,0.0,25.0,0.0,0.0,0.0,2007,6,1,6.083333333,0.0
5165,5259,Trent Edwards,QB,Stanford,231,4.76,0.0,19.0,0.0,7.14,4.46,2007,6,4,6.333333333,0.0
5166,5260,Tala Esera,OT,Hawaii,312,5.22,0.0,0.0,0.0,0.0,0.0,2007,6,3,6.25,0.0
5167,5261,Earl Everett,OLB,Florida,238,4.73,32.0,19.0,113.0,0.0,0.0,2007,6,2,6.166666667,0.0
5168,5262,Aaron Fairooz,WR,Central Arkansas,209,4.49,36.0,0.0,125.0,6.89,4.27,2007,6,6,6.5,0.0
5169,5263,Mark Fenton,C,Colorado,290,5.15,0.0,22.0,0.0,0.0,0.0,2007,6,4,6.333333333,0.0
5170,5264,Brandon Fields,P,Michigan State,239,5.26,0.0,0.0,0.0,0.0,0.0,2007,6,5,6.416666667,0.0
5171,5265,Yamon Figurs,WR,Kansas State,174,4.3,0.0,0.0,123.0,6.85,4.21,2007,5,11,5.916666667,0.0
5172,5266,Joel Filani,WR,Texas Tech,211,4.57,32.5,17.0,117.0,0.0,0.0,2007,6,2,6.166666667,0.0
5173,5267,Nick Folk,K,Arizona,225,4.95,0.0,0.0,0.0,0.0,0.0,2007,6,1,6.083333333,0.0
5174,5268,Jacob Ford,DE,Central Arkansas,249,4.65,0.0,19.0,0.0,0.0,0.0,2007,6,4,6.333333333,0.0
5175,5269,Eric Frampton,S,Washington State,204,4.61,34.5,10.0,122.0,6.84,4.17,2007,5,11,5.916666667,0.0
5176,5270,Doug Free,OT,Northern Illinois,324,5.19,30.0,22.0,111.0,7.38,4.53,2007,6,6,6.5,0.0
5177,5271,Dustin Fry,C,Clemson,314,5.28,0.0,34.0,0.0,0.0,0.0,2007,6,3,6.25,0.0
5178,5272,Brandon Frye,OT,Virginia Tech,301,5.08,32.5,34.0,103.0,7.5,4.4,2007,6,4,6.333333333,0.0
5179,5274,C.J. Gaddis,S,Clemson,203,4.45,36.5,20.0,121.0,7.28,4.3,2007,5,11,5.916666667,0.0
5180,5275,Josh Gattis,S,Wake Forest,206,4.51,34.5,22.0,121.0,6.72,4.27,2007,6,1,6.083333333,0.0
5181,5276,Luke Getsy,QB,Akron,222,4.96,32.5,0.0,106.0,6.95,4.46,2007,6,2,6.166666667,0.0
5182,5277,Ted Ginn,WR,Ohio State,178,4.38,0.0,0.0,0.0,0.0,0.0,2007,5,11,5.916666667,0.0
5183,5278,Dashon Goldson,S,Washington,205,4.6,34.5,12.0,115.0,7.37,4.46,2007,6,2,6.166666667,0.0
5184,5279,Anthony Gonzalez,WR,Ohio State,193,4.44,38.0,0.0,123.0,6.54,4.08,2007,6,0,6.0,0.0
5185,5280,Adam Graessle,P,Pittsburgh,215,4.84,0.0,0.0,0.0,0.0,0.0,2007,6,4,6.333333333,0.0
5186,5281,Corey Graham,CB,New Hampshire,195,4.42,0.0,10.0,0.0,0.0,0.0,2007,6,0,6.0,0.0
5187,5282,Michael Griffin,S,Texas,202,4.45,36.0,16.0,120.0,6.6,4.1,2007,6,0,6.0,0.0
5188,5283,Ben Grubbs,OG,Auburn,311,5.18,26.5,29.0,103.0,7.99,4.72,2007,6,3,6.25,0.0
5189,5284,Matt Gutierrez,QB,Idaho State,232,5.0,29.5,0.0,108.0,6.99,4.28,2007,6,4,6.333333333,0.0
5190,5285,KaMichael Hall,OLB,Georgia Tech,228,4.77,33.0,0.0,111.0,7.5,4.62,2007,6,0,6.0,0.0
5191,5286,Gabe Hall,OT,Texas Tech,313,4.91,29.0,22.0,104.0,7.59,4.68,2007,6,4,6.333333333,0.0
5192,5287,Leon Hall,CB,Michigan,193,4.39,37.5,15.0,125.0,6.5,4.07,2007,5,11,5.916666667,0.0
5193,5288,Jonny Harline,TE,BYU,248,4.84,28.5,15.0,106.0,7.05,4.68,2007,6,4,6.333333333,0.0
5194,5289,Justin Harrell,DT,Tennessee,300,5.04,30.5,24.0,108.0,7.63,4.79,2007,6,4,6.333333333,0.0
5195,5290,Clark Harris,TE,Rutgers,261,4.8,32.0,21.0,112.0,0.0,4.4,2007,6,5,6.416666667,0.0
5196,5291,David Harris,ILB,Michigan,243,4.59,33.0,23.0,107.0,7.25,4.29,2007,6,2,6.166666667,0.0
5197,5292,Leroy Harris,C,North Carolina State,302,5.35,24.5,29.0,96.0,8.0,4.8,2007,6,2,6.166666667,0.0
5198,5293,Nate Harris,OLB,Louisville,230,4.6,32.0,26.0,107.0,7.19,4.52,2007,6,0,6.0,0.0
5199,5294,Ryan Harris,OT,Notre Dame,305,5.09,25.5,22.0,100.0,7.78,4.52,2007,6,4,6.333333333,0.0
5200,5295,Brandon Harrison,S,Stanford,227,4.58,0.0,23.0,0.0,0.0,0.0,2007,6,2,6.166666667,0.0
5201,5296,Mario Henderson,OT,Florida State,302,5.11,28.5,20.0,109.0,7.6,4.87,2007,6,6,6.5,0.0
5202,5297,Chris Henry,RB,Arizona,230,4.4,36.0,26.0,127.0,6.96,4.14,2007,5,11,5.916666667,0.0
5203,5298,Stephon Heyer,OT,Maryland,334,5.59,0.0,30.0,94.0,0.0,0.0,2007,6,6,6.5,0.0
5204,5299,Justin Hickman,OLB,UCLA,254,4.75,29.5,23.0,115.0,7.06,4.43,2007,6,1,6.083333333,0.0
5205,5300,Jarrett Hicks,WR,Texas Tech,210,4.67,34.5,0.0,120.0,0.0,0.0,2007,6,3,6.25,0.0
5206,5301,Johnnie Lee Higgins,WR,Texas-El Paso,186,4.48,36.5,0.0,122.0,6.62,4.32,2007,5,11,5.916666667,0.0
5207,5302,Jason Hill,WR,Washington State,204,4.32,37.0,0.0,123.0,7.02,4.22,2007,6,0,6.0,0.0
5208,5303,Corey Hilliard,OT,Oklahoma State,308,5.29,27.0,28.0,106.0,7.45,4.65,2007,6,5,6.416666667,0.0
5209,5304,Jonathan Holland,WR,Louisiana Tech,191,4.45,35.5,15.0,120.0,7.12,4.4,2007,6,0,6.0,0.0
5210,5305,Chris Houston,CB,Arkansas,185,4.32,36.0,27.0,122.0,6.94,4.12,2007,5,10,5.833333333,0.0
5211,5306,Dante Hughes,CB,California,190,4.56,28.5,16.0,114.0,7.28,4.43,2007,5,10,5.833333333,0.0
5212,5307,Tony Hunt,RB,Penn State,233,4.68,0.0,24.0,0.0,0.0,0.0,2007,6,2,6.166666667,0.0
5213,5308,Nate Ilaoa,RB,Hawaii,245,4.77,30.0,25.0,103.0,7.1,4.42,2007,5,9,5.75,0.0
5214,5309,Kenny Irons,RB,Auburn,203,4.45,38.0,0.0,123.0,7.0,4.17,2007,5,11,5.916666667,0.0
5215,5310,David Irons,CB,Auburn,190,4.44,29.5,11.0,111.0,7.18,4.3,2007,5,10,5.833333333,0.0
5216,5311,Xzavie Jackson,DE,Missouri,278,4.92,33.0,18.0,110.0,0.0,0.0,2007,6,3,6.25,0.0
5217,5312,DeAndre Jackson,CB,Iowa State,193,4.48,0.0,14.0,0.0,0.0,0.0,2007,5,11,5.916666667,0.0
5218,5313,Brandon Jackson,RB,Nebraska,210,4.54,37.0,21.0,122.0,7.0,4.14,2007,5,10,5.833333333,0.0
5219,5314,Tanard Jackson,S,Syracuse,200,4.52,32.5,12.0,121.0,6.89,4.28,2007,6,0,6.0,0.0
5220,5315,Keith Jackson,DT,Arkansas,305,5.05,30.0,33.0,0.0,7.65,4.56,2007,6,0,6.0,0.0
5221,5316,Drisan James,WR,Boise State,193,4.52,39.0,14.0,126.0,7.09,4.39,2007,6,0,6.0,0.0
5222,5317,Dwayne Jarrett,WR,USC,219,4.62,0.0,0.0,0.0,0.0,0.0,2007,6,4,6.333333333,0.0
5223,5318,Rory Johnson,OLB,Mississippi,232,4.59,38.0,19.0,116.0,0.0,4.07,2007,6,0,6.0,0.0
5224,5319,Antonio Johnson,DT,Mississippi State,310,5.15,29.0,28.0,108.0,7.47,4.49,2007,6,3,6.25,0.0
5225,5320,Calvin Johnson,WR,Georgia Tech,239,4.35,0.0,0.0,0.0,0.0,0.0,2007,6,5,6.416666667,0.0
5226,5321,Charles Johnson,DE,Georgia,270,4.84,34.0,33.0,118.0,7.5,0.0,2007,6,2,6.166666667,0.0
5227,5322,Michael Johnson,S,Arizona,205,4.62,33.0,15.0,114.0,7.04,4.32,2007,6,3,6.25,0.0
5228,5323,Mike Jones,OG,Iowa,309,5.46,25.5,28.0,98.0,7.8,4.88,2007,6,5,6.416666667,0.0
5229,5325,Jacoby Jones,WR,Lane (TN),210,4.5,34.0,0.0,129.0,7.03,4.31,2007,6,3,6.25,0.0
5230,5326,James Jones,WR,San Jose State,207,4.54,34.0,22.0,119.0,7.06,4.2,2007,6,1,6.083333333,0.0
5231,5327,Onrea Jones,WR,Kansas State,202,4.42,39.0,0.0,121.0,7.05,4.28,2007,5,11,5.916666667,0.0
5232,5328,Ryan Kalil,C,USC,299,4.96,26.0,34.0,104.0,7.5,4.34,2007,6,3,6.25,0.0
5233,5329,Jordan Kent,WR,Oregon,217,4.49,0.0,0.0,0.0,0.0,0.0,2007,6,4,6.333333333,0.0
5234,5330,Aaron King,LS,Texas-El Paso,239,4.78,0.0,0.0,0.0,0.0,0.0,2007,6,1,6.083333333,0.0
5235,5331,Adam Koets,OT,Oregon State,298,5.08,32.0,20.0,106.0,7.44,4.47,2007,6,5,6.416666667,0.0
5236,5332,Kevin Kolb,QB,Houston,218,4.85,32.5,0.0,112.0,6.94,4.44,2007,6,3,6.25,0.0
5237,5333,Toby Korrodi,QB,Central Missouri State,234,5.37,25.0,0.0,91.0,7.77,4.64,2007,6,3,6.25,0.0
5238,5334,Derek Landri,DT,Notre Dame,288,4.96,0.0,24.0,0.0,0.0,0.0,2007,6,2,6.166666667,0.0
5239,5335,LaRon Landry,S,LSU,213,4.35,37.5,0.0,123.0,0.0,0.0,2007,6,0,6.0,0.0
5240,5336,Zach Latimer,ILB,Oklahoma,237,4.78,34.0,19.0,109.0,7.27,4.45,2007,6,2,6.166666667,0.0
5241,5337,Chris Leak,QB,Florida,209,4.74,32.5,0.0,113.0,7.03,4.41,2007,6,0,6.0,0.0
5242,5338,Nick Leeson,LS,Virginia Tech,255,5.08,0.0,0.0,0.0,0.0,0.0,2007,6,1,6.083333333,0.0
5243,5339,Brian Leonard,RB,Rutgers,226,4.52,34.5,28.0,122.0,6.88,4.22,2007,6,1,6.083333333,0.0
5244,5340,Reggie Lewis,CB,Florida,204,4.54,34.0,14.0,119.0,7.13,0.0,2007,5,10,5.833333333,0.0
5245,5341,Enoka Lucas,C,Oregon,303,5.46,27.5,34.0,104.0,8.1,4.84,2007,6,3,6.25,0.0
5246,5342,Marshawn Lynch,RB,California,215,4.46,35.5,20.0,125.0,7.05,4.55,2007,5,11,5.916666667,0.0
5247,5343,James Marten,OT,Boston Col.,309,5.08,30.5,0.0,100.0,7.68,4.54,2007,6,7,6.583333333,0.0
5248,5344,Mike Mason,WR,Tennessee State,190,4.4,39.5,0.0,129.0,6.94,4.08,2007,6,0,6.0,0.0
5249,5345,Ryan McBean,DT,Oklahoma State,286,4.98,28.0,27.0,108.0,7.79,4.46,2007,6,4,6.333333333,0.0
5250,5346,Trumaine McBride,CB,Mississippi,185,4.57,34.5,14.0,122.0,6.96,4.32,2007,5,9,5.75,0.0
5251,5347,Turk McBride,DT,Tennessee,277,4.81,31.0,27.0,108.0,7.1,4.12,2007,6,2,6.166666667,0.0
5252,5348,Marcus McCauley,CB,Fresno State,203,4.39,36.0,17.0,129.0,6.61,4.17,2007,6,1,6.083333333,0.0
5253,5349,LeRon McClain,FB,Alabama,256,4.75,29.5,14.0,113.0,7.14,4.47,2007,6,0,6.0,0.0
5254,5350,Marquay McDaniel,WR,Kansas State,205,4.52,33.5,19.0,114.0,7.13,4.35,2007,5,10,5.833333333,0.0
5255,5351,Brandon McDonald,CB,Memphis,181,4.58,33.0,17.0,118.0,7.44,4.76,2007,5,11,5.916666667,0.0
5256,5352,Ray McDonald,DE,Florida,276,4.88,0.0,0.0,0.0,0.0,0.0,2007,6,3,6.25,0.0
5257,5353,Ronnie McGill,RB,North Carolina,213,4.59,0.0,22.0,0.0,0.0,0.0,2007,5,11,5.916666667,0.0
5258,5354,Rhema McKnight,WR,Notre Dame,211,4.53,34.0,0.0,118.0,6.84,4.16,2007,6,1,6.083333333,0.0
5259,5355,Robert Meachem,WR,Tennessee,214,4.39,37.5,0.0,121.0,6.97,4.31,2007,6,2,6.166666667,0.0
5260,5356,Brandon Mebane,DT,California,309,5.15,24.0,24.0,106.0,7.94,4.65,2007,6,1,6.083333333,0.0
5261,5357,Justin Medlock,K,UCLA,201,4.89,0.0,0.0,0.0,0.0,0.0,2007,6,0,6.0,0.0
5262,5358,Brandon Meriweather,S,Miami (FL),195,4.47,35.0,11.0,111.0,7.06,4.33,2007,5,11,5.916666667,0.0
5263,5359,Zach Miller,TE,Arizona State,256,4.87,34.0,0.0,115.0,7.01,4.42,2007,6,4,6.333333333,0.0
5264,5360,Martrez Milner,TE,Georgia,252,4.79,34.0,19.0,117.0,7.35,4.49,2007,6,4,6.333333333,0.0
5265,5361,Marvin Mitchell,ILB,Tennessee,249,4.87,32.0,22.0,108.0,7.29,4.25,2007,6,3,6.25,0.0
5266,5362,Ryan Moore,WR,Miami (FL),217,4.54,32.0,0.0,110.0,6.87,4.35,2007,6,2,6.166666667,0.0
5267,5363,Jay Moore,DE,Nebraska,274,4.92,34.0,26.0,118.0,7.19,4.35,2007,6,5,6.416666667,0.0
5268,5364,Drew Mormino,C,Central Michigan,299,5.32,28.0,27.0,105.0,7.48,4.53,2007,6,3,6.25,0.0
5269,5365,Quentin Moses,DE,Georgia,261,4.82,32.0,17.0,115.0,7.38,4.53,2007,6,5,6.416666667,0.0
5270,5366,Tyrone Moss,RB,Miami (FL),231,4.75,31.0,16.0,107.0,0.0,4.56,2007,5,9,5.75,0.0
5271,5367,Jarvis Moss,DE,Florida,250,4.7,30.5,16.0,120.0,0.0,0.0,2007,6,6,6.5,0.0
5272,5368,Dan Mozes,C,West Virginia,293,5.35,25.5,28.0,101.0,7.98,4.84,2007,6,3,6.25,0.0
5273,5369,Legedu Naanee,WR,Boise State,225,4.41,40.0,19.0,119.0,0.0,0.0,2007,6,2,6.166666667,0.0
5274,5370,Chinedum Ndukwe,S,Notre Dame,206,4.49,37.5,15.0,0.0,0.0,0.0,2007,6,2,6.166666667,0.0
5275,5371,J.D. Nelson,S,Oregon,207,4.83,32.5,0.0,111.0,7.29,4.53,2007,5,11,5.916666667,0.0
5276,5372,Reggie Nelson,S,Florida,198,4.48,34.5,0.0,0.0,0.0,0.0,2007,5,11,5.916666667,0.0
5277,5373,Syvelle Newton,WR,South Carolina,218,4.64,0.0,20.0,0.0,0.0,0.0,2007,6,1,6.083333333,0.0
5278,5374,Joe Newton,TE,Oregon State,257,4.89,31.0,20.0,109.0,7.35,4.57,2007,6,7,6.583333333,0.0
5279,5376,Stephen Nicholas,OLB,South Florida,232,4.64,33.5,29.0,110.0,7.29,4.45,2007,6,1,6.083333333,0.0
5280,5377,Chad Nkang,S,Elon,220,4.52,36.5,23.0,118.0,7.1,4.34,2007,5,11,5.916666667,0.0
5281,5378,Uche Nwaneri,OG,Purdue,325,5.37,0.0,24.0,0.0,0.0,0.0,2007,6,3,6.25,0.0
5282,5379,Amobi Okoye,DT,Louisville,302,5.07,30.0,29.0,111.0,7.46,0.0,2007,6,2,6.166666667,0.0
5283,5380,Michael Okwo,ILB,Stanford,232,4.7,35.5,20.0,121.0,7.12,4.43,2007,5,11,5.916666667,0.0
5284,5381,Sam Olajubutu,OLB,Arkansas,227,4.77,34.5,24.0,118.0,7.33,4.34,2007,5,9,5.75,0.0
5285,5382,Greg Olsen,TE,Miami (FL),254,4.51,35.5,23.0,114.0,7.04,4.48,2007,6,6,6.5,0.0
5286,5383,Mike Otto,OT,Purdue,308,5.2,26.5,20.0,105.0,7.62,4.67,2007,6,5,6.416666667,0.0
5287,5384,Brandon Pace,K,Virginia Tech,193,4.74,0.0,0.0,0.0,0.0,0.0,2007,5,10,5.833333333,0.0
5288,5385,Tyler Palko,QB,Pittsburgh,215,4.83,31.5,0.0,112.0,7.05,4.36,2007,6,1,6.083333333,0.0
5289,5386,Jordan Palmer,QB,Texas-El Paso,231,4.98,30.5,0.0,104.0,7.32,4.58,2007,6,6,6.5,0.0
5290,5387,Marcus Paschal,S,Iowa,201,4.59,33.0,15.0,0.0,7.31,4.72,2007,6,0,6.0,0.0
5291,5388,Ben Patrick,TE,Duke,252,4.74,34.5,0.0,111.0,7.21,4.31,2007,6,3,6.25,0.0
5292,5389,David Patterson,DT,Ohio State,285,5.1,32.5,21.0,118.0,7.47,4.43,2007,6,2,6.166666667,0.0
5293,5390,Kevin Payne,S,La-Monroe,220,4.6,35.0,20.0,106.0,7.0,4.3,2007,6,0,6.0,0.0
5294,5391,Leonard Peters,S,Hawaii,210,4.8,32.5,21.0,110.0,7.49,0.0,2007,6,1,6.083333333,0.0
5295,5392,Adrian Peterson,RB,Oklahoma,217,4.4,38.5,0.0,127.0,7.09,4.4,2007,6,1,6.083333333,0.0
5296,5393,Blair Phillips,ILB,Oregon,243,4.84,30.5,23.0,106.0,7.01,4.48,2007,6,1,6.083333333,0.0
5297,5394,James Pinkney,QB,East Carolina,208,4.79,34.0,0.0,112.0,7.35,4.49,2007,6,2,6.166666667,0.0
5298,5395,Sabby Piscitelli,S,Oregon State,224,4.47,34.5,19.0,122.0,6.84,3.9,2007,6,3,6.25,0.0
5299,5396,Quinn Pitcock,DT,Ohio State,299,4.93,34.0,0.0,112.0,0.0,0.0,2007,6,2,6.166666667,0.0
5300,5397,Chase Pittman,DE,LSU,270,5.03,0.0,0.0,0.0,0.0,0.0,2007,6,5,6.416666667,0.0
5301,5398,Antonio Pittman,RB,Ohio State,207,4.4,35.5,16.0,123.0,6.84,4.16,2007,5,11,5.916666667,0.0
5302,5399,Adam Podlesh,P,Maryland,202,4.54,0.0,0.0,0.0,0.0,0.0,2007,5,11,5.916666667,0.0
5303,5400,Paul Posluszny,OLB,Penn State,238,4.7,37.0,22.0,116.0,6.94,4.2,2007,6,2,6.166666667,0.0
5304,5401,Anthony Pudewell,TE,Nevada,250,5.07,25.5,15.0,101.0,7.31,4.41,2007,6,4,6.333333333,0.0
5305,5402,Brady Quinn,QB,Notre Dame,232,4.73,0.0,24.0,0.0,0.0,0.0,2007,6,4,6.333333333,0.0
5306,5403,Jerard Rabb,WR,Boise State,201,4.58,36.5,0.0,125.0,6.99,4.19,2007,6,2,6.166666667,0.0
5307,5404,Manny Ramirez,OG,Texas Tech,326,5.24,0.0,40.0,0.0,0.0,0.0,2007,6,3,6.25,0.0
5308,5405,Jared Retkofsky,LS,TCU,265,4.91,0.0,0.0,0.0,0.0,0.0,2007,6,5,6.416666667,0.0
5309,5406,Darrelle Revis,CB,Pittsburgh,204,4.38,0.0,16.0,0.0,0.0,0.0,2007,5,11,5.916666667,0.0
5310,5407,Alex Reyes,P,Texas Tech,234,0.0,0.0,0.0,0.0,0.0,0.0,2007,6,1,6.083333333,0.0
5311,5408,Sidney Rice,WR,South Carolina,200,4.51,39.5,0.0,119.0,7.09,4.34,2007,6,3,6.25,0.0
5312,5409,Jay Richardson,DE,Ohio State,279,5.0,33.0,20.0,112.0,7.5,4.54,2007,6,6,6.5,0.0
5313,5410,Gijon Robinson,FB,Missouri Western State,255,4.71,33.0,21.0,116.0,7.23,4.43,2007,6,1,6.083333333,0.0
5314,5411,Laurent Robinson,WR,Illinois State,199,4.38,39.0,19.0,127.0,6.83,4.28,2007,6,2,6.166666667,0.0
5315,5412,Ryne Robinson,WR,Miami (OH),179,4.47,35.0,0.0,123.0,6.71,4.21,2007,5,9,5.75,0.0
5316,5413,Brian Robison,DE,Texas,259,4.67,40.5,27.0,121.0,6.89,4.26,2007,6,3,6.25,0.0
5317,5414,Dante Rosario,TE,Oregon,244,4.78,36.0,20.0,115.0,6.96,4.47,2007,6,3,6.25,0.0
5318,5415,Aaron Ross,CB,Texas,193,4.44,34.0,17.0,118.0,6.67,4.15,2007,6,0,6.0,0.0
5319,5416,Aaron Rouse,S,Virginia Tech,223,4.58,35.0,16.0,0.0,0.0,0.0,2007,6,4,6.333333333,0.0
5320,5417,Jeff Rowe,QB,Nevada,226,4.91,29.5,0.0,114.0,7.16,4.42,2007,6,5,6.416666667,0.0
5321,5418,Gary Russell,RB,Minnesota,229,4.77,31.5,9.0,113.0,0.0,4.54,2007,5,10,5.833333333,0.0
5322,5419,JaMarcus Russell,QB,LSU,265,4.83,0.0,0.0,0.0,0.0,0.0,2007,6,5,6.416666667,0.0
5323,5420,Clifton Ryan,DT,Michigan State,310,5.12,26.5,25.0,102.0,7.49,4.69,2007,6,3,6.25,0.0
5324,5421,Dan Santucci,OG,Notre Dame,301,5.13,29.0,23.0,102.0,7.47,4.74,2007,6,3,6.25,0.0
5325,5422,Dallas Sartz,OLB,USC,235,4.71,33.5,20.0,111.0,6.85,4.13,2007,6,5,6.416666667,0.0
5326,5423,Samson Satele,C,Hawaii,300,5.24,33.0,25.0,101.0,7.47,4.29,2007,6,3,6.25,0.0
5327,5424,Nic Schmitt,P,Virginia Tech,252,5.05,0.0,0.0,0.0,0.0,0.0,2007,6,2,6.166666667,0.0
5328,5425,Derek Schouman,FB,Boise State,247,4.74,37.5,27.0,122.0,7.0,4.27,2007,6,2,6.166666667,0.0
5329,5427,Kenny Scott,CB,Georgia Tech,179,4.39,40.0,10.0,127.0,0.0,0.0,2007,6,1,6.083333333,0.0
5330,5428,Arron Sears,OG,Tennessee,319,5.09,0.0,21.0,0.0,0.0,0.0,2007,6,3,6.25,0.0
5331,5429,Daniel Sepulveda,P,Baylor,229,4.62,0.0,0.0,0.0,0.0,0.0,2007,6,3,6.25,0.0
5332,5430,Ken Shackleford,OT,Georgia,322,5.3,24.5,28.0,102.0,8.35,5.05,2007,6,5,6.416666667,0.0
5333,5431,Brandon Sharp,S,Louisville,194,4.58,37.5,18.0,0.0,0.0,0.0,2007,5,10,5.833333333,0.0
5334,5432,Tim Shaw,OLB,Penn State,236,4.51,36.5,26.0,116.0,7.01,4.12,2007,6,1,6.083333333,0.0
5335,5433,Brandon Siler,ILB,Florida,241,4.62,30.5,0.0,109.0,7.34,0.0,2007,6,2,6.166666667,0.0
5336,5434,Juwan Simpson,OLB,Alabama,225,4.55,34.5,15.0,123.0,7.22,4.42,2007,6,2,6.166666667,0.0
5337,5435,Mike Sims-Walker,WR,Central Florida,209,4.35,36.5,18.0,121.0,6.92,4.39,2007,6,2,6.166666667,0.0
5338,5436,Bo Smith,CB,Weber State,193,4.44,33.5,14.0,0.0,0.0,0.0,2007,5,10,5.833333333,0.0
5339,5437,Bret Smith,WR,Tennessee,173,4.55,0.0,0.0,0.0,0.0,0.0,2007,6,2,6.166666667,0.0
5340,5438,Ryan Smith,CB,Florida,174,4.51,0.0,11.0,0.0,0.0,0.0,2007,5,10,5.833333333,0.0
5341,5439,Kelvin Smith,ILB,Syracuse,240,4.8,32.0,26.0,110.0,7.19,4.42,2007,6,2,6.166666667,0.0
5342,5440,Kolby Smith,RB,Louisville,220,4.5,38.0,18.0,114.0,7.22,4.34,2007,5,11,5.916666667,0.0
5343,5441,Steve Smith,WR,USC,197,4.44,38.0,0.0,120.0,6.68,4.19,2007,6,0,6.0,0.0
5344,5442,Troy Smith,QB,Ohio State,225,4.72,0.0,0.0,0.0,0.0,0.0,2007,6,0,6.0,0.0
5345,5443,Jason Snelling,FB,Virginia,230,4.79,30.0,0.0,111.0,7.06,4.37,2007,5,11,5.916666667,0.0
5346,5444,Paul Soliai,DT,Utah,344,5.1,29.5,0.0,103.0,7.66,4.69,2007,6,4,6.333333333,0.0
5347,5445,Matt Spaeth,TE,Minnesota,270,4.83,0.0,0.0,0.0,0.0,0.0,2007,6,7,6.583333333,0.0
5348,5446,Anthony Spencer,DE,Purdue,261,4.7,32.5,30.0,112.0,7.14,4.43,2007,6,3,6.25,0.0
5349,5447,Joe Staley,OT,Central Michigan,306,4.79,0.0,27.0,0.0,0.0,0.0,2007,6,6,6.5,0.0
5350,5448,Isaiah Stanback,QB,Washington,216,4.6,0.0,22.0,0.0,0.0,0.0,2007,6,2,6.166666667,0.0
5351,5449,Drew Stanton,QB,Michigan State,226,4.75,30.5,0.0,108.0,6.77,4.41,2007,6,3,6.25,0.0
5352,5450,Scott Stephenson,C,Iowa State,297,5.2,29.5,21.0,99.0,7.62,4.57,2007,6,3,6.25,0.0
5353,5451,Cameron Stephenson,OG,Rutgers,306,5.4,28.5,34.0,101.0,7.72,4.81,2007,6,3,6.25,0.0
5354,5452,Syndric Steptoe,WR,Arizona,194,4.59,33.0,17.0,0.0,0.0,0.0,2007,5,9,5.75,0.0
5355,5453,John Stocco,QB,Wisconsin,207,5.08,27.0,0.0,104.0,7.29,4.6,2007,6,2,6.166666667,0.0
5356,5454,Daren Stone,S,Maine,218,4.58,39.0,13.0,132.0,7.13,4.44,2007,6,3,6.25,0.0
5357,5455,Chansi Stuckey,WR,Clemson,197,4.56,35.0,0.0,120.0,6.91,4.14,2007,5,11,5.916666667,0.0
5358,5456,Kasey Studdard,OG,Texas,303,5.18,0.0,32.0,0.0,0.0,0.0,2007,6,2,6.166666667,0.0
5359,5457,Palauni Ma Sun,OG,Oregon,319,5.86,24.5,22.0,91.0,8.7,5.01,2007,6,5,6.416666667,0.0
5360,5458,Jayson Swain,WR,Tennessee,212,4.63,33.0,0.0,0.0,0.0,0.0,2007,6,0,6.0,0.0
5361,5459,Josh Swogger,QB,Montana,237,5.12,28.5,0.0,107.0,7.25,4.76,2007,6,4,6.333333333,0.0
5362,5460,Herb Taylor,OT,TCU,296,5.19,27.0,26.0,100.0,7.78,4.64,2007,6,4,6.333333333,0.0
5363,5461,Ramonce Taylor,RB,Texas College,195,4.5,34.0,0.0,125.0,6.98,4.23,2007,5,10,5.833333333,0.0
5364,5462,Zac Taylor,QB,Nebraska,216,5.06,30.5,0.0,110.0,7.39,4.6,2007,6,2,6.166666667,0.0
5365,5463,Courtney Taylor,WR,Auburn,204,4.5,36.0,0.0,122.0,7.22,4.28,2007,6,2,6.166666667,0.0
5366,5464,Tony Taylor,OLB,Georgia,236,4.92,32.0,26.0,108.0,7.17,4.36,2007,6,0,6.0,0.0
5367,5465,Joe Thomas,OT,Wisconsin,311,4.92,33.0,28.0,110.0,7.95,4.88,2007,6,7,6.583333333,0.0
5368,5466,Marcus Thomas,DT,Florida,314,5.23,0.0,27.0,0.0,0.0,0.0,2007,6,3,6.25,0.0
5369,5467,Paul Thompson,WR,Oklahoma,216,4.62,33.5,0.0,127.0,6.81,4.11,2007,6,4,6.333333333,0.0
5370,5468,Lawrence Timmons,OLB,Florida State,234,4.66,35.0,25.0,123.0,6.89,4.32,2007,6,1,6.083333333,0.0
5371,5469,Matt Toeaina,DT,Oregon,307,5.11,0.0,26.0,0.0,0.0,0.0,2007,6,2,6.166666667,0.0
5372,5470,Matt Trannon,WR,Michigan State,216,4.57,36.5,13.0,118.0,7.09,4.34,2007,6,6,6.5,0.0
5373,5471,Tank Tyler,DT,North Carolina State,306,5.18,28.5,42.0,0.0,0.0,0.0,2007,6,2,6.166666667,0.0
5374,5472,Tony Ugoh,OT,Arkansas,301,5.06,32.5,32.0,117.0,0.0,0.0,2007,6,5,6.416666667,0.0
5375,5473,Dane Uperesa,OT,Hawaii,309,5.28,0.0,0.0,0.0,0.0,0.0,2007,6,4,6.333333333,0.0
5376,5474,Chad Upshaw,TE,Buffalo,252,4.9,33.5,16.0,108.0,7.23,4.58,2007,6,4,6.333333333,0.0
5377,5475,Elliot Vallejo,OT,California-Davis,327,5.38,26.0,24.0,94.0,7.95,5.14,2007,6,7,6.583333333,0.0
5378,5476,Jonathan Wade,CB,Tennessee,195,4.36,40.5,0.0,126.0,7.07,4.4,2007,5,10,5.833333333,0.0
5379,5478,Darius Walker,RB,Notre Dame,206,4.55,40.5,19.0,123.0,7.18,4.39,2007,5,10,5.833333333,0.0
5380,5479,D.J. Ware,RB,Illinois,225,4.61,0.0,21.0,0.0,0.0,0.0,2007,6,0,6.0,0.0
5381,5480,Justin Warren,ILB,Texas A&M,245,4.85,29.5,16.0,115.0,0.0,0.0,2007,6,3,6.25,0.0
5382,5481,Anthony Waters,ILB,Clemson,245,4.59,0.0,25.0,0.0,0.0,0.0,2007,6,3,6.25,0.0
5383,5482,Eric Weddle,S,Utah,203,4.48,33.5,11.0,113.0,6.78,4.12,2007,5,11,5.916666667,0.0
5384,5483,John Wendling,S,Wyoming,222,4.48,38.5,22.0,129.0,6.96,4.16,2007,6,1,6.083333333,0.0
5385,5484,Marvin White,S,TCU,199,4.54,33.5,17.0,0.0,0.0,0.0,2007,6,1,6.083333333,0.0
5386,5485,Chaz Williams,CB,La-Monroe,196,4.68,32.5,13.0,108.0,0.0,0.0,2007,5,11,5.916666667,0.0
5387,5486,Chandler Williams,WR,Florida International,184,4.42,32.5,0.0,123.0,6.99,4.29,2007,5,11,5.916666667,0.0
5388,5487,Paul Williams,WR,Fresno State,205,4.45,38.5,0.0,125.0,7.03,4.24,2007,6,1,6.083333333,0.0
5389,5488,Patrick Willis,ILB,Mississippi,242,4.51,39.0,22.0,119.0,7.23,4.46,2007,6,1,6.083333333,0.0
5390,5489,Julius Wilson,OT,Ala-Birmingham,327,5.43,27.0,0.0,103.0,8.33,5.0,2007,6,4,6.333333333,0.0
5391,5490,C.J. Wilson,CB,Baylor,195,4.62,37.5,0.0,127.0,6.81,4.2,2007,6,1,6.083333333,0.0
5392,5491,Josh Wilson,CB,Maryland,189,4.39,36.5,20.0,120.0,7.07,4.43,2007,5,9,5.75,0.0
5393,5492,Garrett Wolfe,RB,Northern Illinois,186,4.39,35.5,22.0,116.0,6.69,4.08,2007,5,7,5.583333333,0.0
5394,5493,LaMarr Woodley,DE,Michigan,266,4.74,0.0,0.0,0.0,0.0,0.0,2007,6,1,6.083333333,0.0
5395,5494,D'Juan Woods,WR,Oklahoma State,208,4.58,36.5,0.0,120.0,6.89,4.34,2007,6,0,6.0,0.0
5396,5495,Abraham Wright,DE,Colorado,242,4.9,31.0,24.0,111.0,7.2,4.46,2007,6,2,6.166666667,0.0
5397,5496,Dwayne Wright,RB,Fresno State,228,4.66,34.0,14.0,115.0,7.23,4.43,2007,5,11,5.916666667,0.0
5398,5497,Eric Wright,CB,UNLV,192,4.36,36.5,16.0,123.0,6.93,4.23,2007,5,11,5.916666667,0.0
5399,5498,Mansfield Wrotto,OG,Georgia Tech,317,5.4,0.0,27.0,92.0,8.34,4.92,2007,6,3,6.25,0.0
5400,5499,DeShawn Wynn,RB,Florida,232,4.47,31.5,0.0,115.0,0.0,0.0,2007,5,10,5.833333333,0.0
5401,5500,Marshal Yanda,OT,Florida State,307,5.15,0.0,0.0,0.0,0.0,0.0,2007,6,4,6.333333333,0.0
5402,5501,C.J. Ah You,DE,Oklahoma,274,4.7,36.5,26.0,108.0,7.06,4.4,2007,6,4,6.333333333,0.0
5403,5502,Selvin Young,RB,Texas,207,4.58,0.0,0.0,0.0,0.0,0.0,2007,5,11,5.916666667,0.0
5404,5503,Jared Zabransky,QB,Boise State,219,4.56,35.5,0.0,111.0,6.78,4.08,2007,6,2,6.166666667,0.0
5405,5504,Darrell Adams,DE,Villanova,277,5.0,27.0,22.0,109.0,7.91,4.76,2006,6,5,6.416666667,0.0
5406,5505,Titus Adams,DT,Nebraska,306,5.07,30.5,15.0,103.0,7.49,4.54,2006,6,3,6.25,0.0
5407,5506,Jahmile Addae,S,West Virginia,214,4.7,38.5,0.0,122.0,0.0,0.0,2006,5,10,5.833333333,0.0
5408,5507,Joseph Addai,RB,LSU,214,4.4,38.5,18.0,125.0,7.09,4.47,2006,5,11,5.916666667,0.0
5409,5508,Victor Adeyanju,DE,Indiana,274,4.86,32.0,22.0,112.0,7.37,4.41,2006,6,4,6.333333333,0.0
5410,5509,Jason Allen,S,Tennessee,209,4.39,39.5,17.0,131.0,6.75,3.81,2006,6,1,6.083333333,0.0
5411,5510,Jon Alston,OLB,Stanford,223,4.5,40.0,30.0,132.0,6.9,4.13,2006,6,1,6.083333333,0.0
5412,5511,Sir Henry Anderson,DT,Oregon State,306,5.19,28.5,27.0,100.0,7.69,4.55,2006,6,4,6.333333333,0.0
5413,5512,David Anderson,WR,Colorado State,192,4.57,34.0,0.0,116.0,6.88,4.2,2006,5,10,5.833333333,0.0
5414,5513,James Anderson,OLB,Virginia Tech,229,4.59,41.0,0.0,121.0,6.67,4.07,2006,6,3,6.25,0.0
5415,5514,Mark Anderson,DE,Alabama,254,4.62,42.0,20.0,127.0,6.95,4.22,2006,6,4,6.333333333,0.0
5416,5515,Willie Andrews,S,Baylor,193,4.43,36.5,7.0,124.0,6.99,4.27,2006,5,9,5.75,0.0
5417,5516,Devin Aromashodu,WR,Auburn,201,4.35,39.0,0.0,120.0,7.04,4.16,2006,6,2,6.166666667,0.0
5418,5517,Miles Austin,WR,Monmouth (NJ),215,4.47,40.5,21.0,123.0,7.09,4.14,2006,6,2,6.166666667,0.0
5419,5518,Jason Avant,WR,Michigan,212,4.62,37.0,20.0,118.0,0.0,0.0,2006,6,0,6.0,0.0
5420,5519,Brett Basanez,QB,Northwestern,220,4.76,34.0,0.0,114.0,6.75,4.22,2006,6,1,6.083333333,0.0
5421,5520,Hank Baskett,WR,New Mexico,224,4.5,35.0,0.0,119.0,6.79,4.17,2006,6,3,6.25,0.0
5422,5521,Danny Baugher,P,Arizona,194,0.0,0.0,0.0,0.0,0.0,0.0,2006,5,10,5.833333333,0.0
5423,5522,Mike Bell,RB,Arizona,221,4.6,31.5,19.0,112.0,7.16,4.21,2006,6,0,6.0,0.0
5424,5523,Charles Bennett,DE,Clemson,258,4.7,33.5,19.0,115.0,7.48,4.52,2006,6,4,6.333333333,0.0
5425,5524,Matt Bernstein,FB,Wisconsin,260,4.91,29.5,22.0,110.0,7.46,4.5,2006,6,0,6.0,0.0
5426,5525,Antoine Bethea,S,Howard,203,4.39,36.5,19.0,127.0,6.99,4.11,2006,5,11,5.916666667,0.0
5427,5526,Troy Bienemann,TE,Washington State,256,4.8,0.0,0.0,0.0,0.0,0.0,2006,6,5,6.416666667,0.0
5428,5527,Damarius Bilbo,WR,Georgia Tech,214,4.7,36.5,19.0,115.0,6.9,4.18,2006,6,2,6.166666667,0.0
5429,5528,Darnell Bing,S,USC,227,4.53,34.0,17.0,120.0,7.25,4.07,2006,6,2,6.166666667,0.0
5430,5529,Will Blackmon,CB,Boston Col.,198,4.47,41.0,0.0,133.0,6.67,4.23,2006,6,0,6.0,0.0
5431,5530,Jeremy Bloom,WR,Colorado,173,4.49,0.0,0.0,0.0,0.0,0.0,2006,5,9,5.75,0.0
5432,5531,Greg Blue,S,Georgia,216,4.57,37.5,16.0,120.0,0.0,0.0,2006,6,2,6.166666667,0.0
5433,5532,Kevin Boothe,OT,Cornell,316,5.41,31.5,23.0,98.0,8.36,5.07,2006,6,5,6.416666667,0.0
5434,5533,Jovon Bouknight,WR,Wyoming,195,4.71,34.0,0.0,120.0,6.93,4.03,2006,6,1,6.083333333,0.0
5435,5534,McKinley Boykin,DT,Mississippi,289,5.01,30.5,30.0,109.0,0.0,4.75,2006,6,1,6.083333333,0.0
5436,5535,Trent Bray,ILB,Oregon State,231,4.9,32.0,18.0,109.0,7.15,4.41,2006,6,1,6.083333333,0.0
5437,5536,Darrell Brooks,S,Arizona,198,4.61,36.5,7.0,125.0,6.97,4.36,2006,6,0,6.0,0.0
5438,5537,Manaia Brown,DT,BYU,301,5.1,34.5,21.0,111.0,7.63,4.47,2006,6,3,6.25,0.0
5439,5538,Copeland Bryan,DE,Arizona,253,4.9,33.0,16.0,117.0,7.11,4.3,2006,6,4,6.333333333,0.0
5440,5539,Daniel Bullocks,S,Nebraska,212,4.38,38.0,18.0,124.0,6.91,4.16,2006,6,0,6.0,0.0
5441,5540,Brodrick Bunkley,DT,Florida State,306,5.01,32.5,44.0,113.0,0.0,0.0,2006,6,3,6.25,0.0
5442,5541,Reggie Bush,RB,USC,201,4.37,0.0,0.0,0.0,0.0,0.0,2006,5,11,5.916666667,0.0
5443,5542,Brad Butler,OT,Virginia,310,5.29,0.0,0.0,0.0,0.0,0.0,2006,6,7,6.583333333,0.0
5444,5543,Rashad Butler,OT,Miami (FL),293,5.3,28.0,16.0,106.0,7.9,4.55,2006,6,5,6.416666667,0.0
5445,5544,Dominique Byrd,TE,USC,255,4.79,0.0,0.0,0.0,0.0,0.0,2006,6,3,6.25,0.0
5446,5545,Brian Calhoun,RB,Wisconsin,201,4.57,31.5,18.0,124.0,7.05,4.2,2006,5,9,5.75,0.0
5447,5546,Bobby Carpenter,OLB,Ohio State,256,4.65,0.0,0.0,0.0,0.0,0.0,2006,6,2,6.166666667,0.0
5448,5547,Jason Carter,WR,Texas A&M,211,4.6,33.0,0.0,116.0,6.89,4.21,2006,6,0,6.0,0.0
5449,5548,Chris Chester,C,Oklahoma,303,4.83,31.5,27.0,106.0,7.31,4.5,2006,6,3,6.25,0.0
5450,5549,Jeromey Clary,OT,Kansas State,309,5.28,26.0,24.0,102.0,7.8,4.63,2006,6,6,6.5,0.0
5451,5550,Kellen Clemens,QB,Oregon,224,4.89,0.0,0.0,0.0,0.0,0.0,2006,6,2,6.166666667,0.0
5452,5551,Barry Cofield,DT,Northwestern,304,4.95,34.0,35.0,105.0,7.43,4.35,2006,6,4,6.333333333,0.0
5453,5552,Daryn Colledge,OT,Boise State,299,5.05,32.5,21.0,110.0,7.43,4.58,2006,6,4,6.333333333,0.0
5454,5553,Marques Colston,WR,Hofstra,224,4.5,37.0,16.0,123.0,6.94,4.43,2006,6,5,6.416666667,0.0
5455,5555,Ryan Cook,OT,New Mexico,328,5.47,26.5,28.0,97.0,7.93,4.66,2006,6,7,6.583333333,0.0
5456,5556,Antonio Cromartie,CB,Florida State,208,4.47,38.0,18.0,132.0,0.0,0.0,2006,6,2,6.166666667,0.0
5457,5557,Brodie Croyle,QB,Alabama,205,4.88,30.5,0.0,104.0,7.34,4.25,2006,6,2,6.166666667,0.0
5458,5558,Jay Cutler,QB,Vanderbilt,226,4.77,0.0,23.0,0.0,7.1,4.26,2006,6,3,6.25,0.0
5459,5559,Owen Daniels,TE,Wisconsin,253,4.65,34.5,23.0,114.0,6.87,4.1,2006,6,3,6.25,0.0
5460,5560,P.J. Daniels,RB,Georgia Tech,214,4.64,33.0,21.0,116.0,7.13,4.4,2006,5,10,5.833333333,0.0
5461,5561,Vernon Davis,TE,Maryland,254,4.38,42.0,33.0,128.0,7.0,4.17,2006,6,3,6.25,0.0
5462,5562,Charles Davis,TE,Purdue,263,4.87,31.5,27.0,108.0,7.53,4.37,2006,6,5,6.416666667,0.0
5463,5563,Tim Day,TE,Oregon,256,4.74,35.0,24.0,109.0,7.03,4.2,2006,6,3,6.25,0.0
5464,5564,Mike Degory,C,Florida,305,5.42,26.0,24.0,98.0,8.03,4.67,2006,6,5,6.416666667,0.0
5465,5565,Marcus Demps,S,San Diego State,198,4.7,31.0,17.0,117.0,6.91,4.09,2006,6,0,6.0,0.0
5466,5566,Chris Denney,WR,Nebraska-Omaha,224,4.65,33.0,13.0,110.0,7.02,4.33,2006,6,3,6.25,0.0
5467,5567,Will Derting,ILB,Washington State,247,4.74,0.0,0.0,0.0,0.0,0.0,2006,6,0,6.0,0.0
5468,5568,Tim Dobbins,ILB,Iowa State,246,4.59,35.5,23.0,110.0,7.25,4.39,2006,6,1,6.083333333,0.0
5469,5569,Reed Doughty,S,Northern Colorado,209,4.65,37.0,15.0,121.0,6.66,4.17,2006,6,0,6.0,0.0
5470,5570,Kader Drame,DT,Syracuse,290,5.25,30.5,17.0,108.0,8.12,0.0,2006,6,5,6.416666667,0.0
5471,5571,Elvis Dumervil,DE,Louisville,257,4.75,0.0,30.0,0.0,0.0,0.0,2006,5,11,5.916666667,0.0
5472,5572,Dusty Dvoracek,DT,Oklahoma,306,5.01,34.0,31.0,110.0,7.62,4.35,2006,6,3,6.25,0.0
5473,5573,Ray Edwards,DE,Purdue,273,4.81,39.0,30.0,114.0,7.71,4.57,2006,6,5,6.416666667,0.0
5474,5574,Keith Ellison,OLB,Oregon State,235,4.76,32.5,24.0,115.0,7.22,4.16,2006,6,1,6.083333333,0.0
5475,5575,Greg Eslinger,C,Minnesota,292,5.13,30.0,28.0,101.0,7.59,4.68,2006,6,3,6.25,0.0
5476,5576,Bruce Eugene,QB,Grambling State,260,5.12,27.5,0.0,94.0,7.97,4.76,2006,6,0,6.0,0.0
5477,5577,Jahri Evans,OT,Texas A&M,316,5.25,27.0,20.0,95.0,7.97,4.8,2006,6,4,6.333333333,0.0
5478,5578,Anthony Fasano,TE,Notre Dame,259,4.72,33.5,19.0,112.0,6.94,4.34,2006,6,4,6.333333333,0.0
5479,5579,Daniel Fells,TE,California-Davis,259,4.95,29.5,19.0,108.0,7.27,4.46,2006,6,3,6.25,0.0
5480,5580,D'Brickashaw Ferguson,OT,Virginia,312,5.08,0.0,0.0,0.0,0.0,0.0,2006,6,6,6.5,0.0
5481,5581,Omar Gaither,OLB,Tennessee,234,4.78,37.0,23.0,116.0,7.31,4.28,2006,6,1,6.083333333,0.0
5482,5582,Quinton Ganther,RB,Utah,218,4.5,35.0,29.0,119.0,7.19,0.0,2006,5,9,5.75,0.0
5483,5583,Ryan Gilbert,RB,Houston,228,4.6,0.0,0.0,0.0,0.0,0.0,2006,5,10,5.833333333,0.0
5484,5584,Chris Gocong,DE,Cal Poly,263,4.7,38.5,28.0,123.0,7.05,4.08,2006,6,2,6.166666667,0.0
5485,5585,Kedric Golston,DT,Georgia,300,4.88,33.0,31.0,111.0,7.6,4.45,2006,6,4,6.333333333,0.0
5486,5586,Charles Gordon,CB,Kansas,183,4.6,35.5,12.0,115.0,6.95,4.2,2006,5,10,5.833333333,0.0
5487,5587,Bruce Gradkowski,QB,Toledo,217,4.59,34.0,0.0,107.0,7.12,4.16,2006,6,1,6.083333333,0.0
5488,5588,Marcus Green,DT,Ohio State,295,5.14,31.0,33.0,108.0,7.62,4.86,2006,6,1,6.083333333,0.0
5489,5589,Skyler Green,WR,LSU,192,4.53,34.0,0.0,118.0,0.0,0.0,2006,5,9,5.75,0.0
5490,5590,Chad Greenway,OLB,Iowa,242,4.76,33.5,16.0,117.0,7.0,4.22,2006,6,2,6.166666667,0.0
5491,5591,Cedric Griffin,S,Texas,199,4.51,35.5,17.0,125.0,6.84,4.1,2006,6,0,6.0,0.0
5492,5592,Darrell Hackney,QB,Ala-Birmingham,239,4.82,33.0,0.0,110.0,7.62,4.69,2006,6,0,6.0,0.0
5493,5593,Derek Hagan,WR,Arizona State,208,4.45,36.0,0.0,124.0,0.0,4.07,2006,6,2,6.166666667,0.0
5494,5594,Marques Hagans,RB,Virginia,202,4.67,35.0,0.0,114.0,7.03,4.38,2006,5,9,5.75,0.0
5495,5595,Tamba Hali,DE,Penn State,275,4.87,0.0,0.0,0.0,0.0,0.0,2006,6,3,6.25,0.0
5496,5596,Andre Hall,RB,South Florida,208,4.4,33.0,18.0,113.0,7.38,0.0,2006,5,8,5.666666667,0.0
5497,5597,Chris Hannon,WR,Tennessee,205,4.48,34.5,0.0,122.0,0.0,0.0,2006,6,3,6.25,0.0
5498,5598,Parys Haralson,DE,Tennessee,253,4.8,32.0,24.0,115.0,7.37,4.26,2006,6,1,6.083333333,0.0
5499,5599,Roman Harper,S,Alabama,198,4.5,0.0,19.0,0.0,0.0,0.0,2006,6,0,6.0,0.0
5500,5600,Chris Harrell,S,Penn State,209,4.7,40.5,15.0,119.0,7.02,4.12,2006,6,0,6.0,0.0
5501,5601,Gilbert Harris,FB,Arizona,235,4.73,36.0,20.0,117.0,7.0,4.38,2006,6,2,6.166666667,0.0
5502,5602,Orien Harris,DT,Miami (FL),301,5.27,0.0,25.0,0.0,0.0,0.0,2006,6,3,6.25,0.0
5503,5603,Jerome Harrison,RB,Washington State,201,4.47,34.5,19.0,124.0,6.77,4.07,2006,5,9,5.75,0.0
5504,5604,Mike Hass,WR,Oregon State,208,4.59,32.0,0.0,116.0,6.97,4.14,2006,6,1,6.083333333,0.0
5505,5606,Jason Hatcher,DE,Grambling State,284,4.82,35.5,28.0,113.0,7.67,4.49,2006,6,6,6.5,0.0
5506,5607,Spencer Havner,ILB,UCLA,242,4.69,39.0,0.0,116.0,6.81,4.07,2006,6,3,6.25,0.0
5507,5608,A.J. Hawk,OLB,Ohio State,248,4.59,40.0,24.0,115.0,6.82,3.96,2006,6,1,6.083333333,0.0
5508,5609,Chris Hawkins,CB,Marshall,183,4.51,37.0,16.0,116.0,0.0,4.18,2006,5,10,5.833333333,0.0
5509,5610,Taurean Henderson,RB,Texas Tech,204,4.62,32.5,0.0,112.0,7.01,4.4,2006,5,9,5.75,0.0
5510,5611,Eric Henderson,DE,Georgia Tech,270,4.75,0.0,30.0,0.0,0.0,0.0,2006,6,2,6.166666667,0.0
5511,5612,Matt Henshaw,TE,Florida State,248,4.73,29.0,16.0,111.0,7.44,4.44,2006,6,4,6.333333333,0.0
5512,5613,Jarvis Herring,S,Florida,207,4.85,36.5,15.0,116.0,7.34,4.23,2006,5,11,5.916666667,0.0
5513,5614,Devin Hester,WR,Miami (FL),190,4.41,38.0,16.0,124.0,0.0,0.0,2006,5,11,5.916666667,0.0
5514,5615,Tye Hill,CB,Clemson,185,4.34,41.0,0.0,129.0,6.63,4.01,2006,5,10,5.833333333,0.0
5515,5616,Ed Hinkel,WR,Iowa,190,4.54,34.0,0.0,116.0,6.97,4.1,2006,6,0,6.0,0.0
5516,5617,Abdul Hodge,ILB,Iowa,236,4.76,31.0,0.0,108.0,7.09,4.3,2006,6,0,6.0,0.0
5517,5618,Santonio Holmes,WR,Ohio State,188,4.35,0.0,0.0,0.0,0.0,0.0,2006,5,11,5.916666667,0.0
5518,5619,Reuben Houston,CB,Georgia Tech,192,4.62,41.5,21.0,127.0,0.0,4.42,2006,6,0,6.0,0.0
5519,5620,Thomas Howard,OLB,Texas-El Paso,239,4.42,39.0,21.0,124.0,6.96,4.28,2006,6,3,6.25,0.0
5520,5621,Oliver Hoyte,ILB,North Carolina State,245,4.93,32.0,19.0,112.0,7.47,4.3,2006,6,3,6.25,0.0
5521,5622,Marcus Hudson,S,North Carolina State,194,4.55,0.0,11.0,0.0,0.0,0.0,2006,6,1,6.083333333,0.0
5522,5623,Michael Huff,S,Texas,204,4.34,40.5,21.0,125.0,0.0,0.0,2006,6,0,6.0,0.0
5523,5624,Cedric Humes,RB,Virginia Tech,227,4.62,30.5,18.0,106.0,7.07,4.22,2006,6,1,6.083333333,0.0
5524,5625,Darrell Hunter,CB,Miami (OH),206,4.44,36.0,8.0,123.0,0.0,4.11,2006,6,0,6.0,0.0
5525,5626,Josh Huston,K,Ohio State,209,0.0,0.0,0.0,0.0,0.0,0.0,2006,6,1,6.083333333,0.0
5526,5627,Clint Ingram,OLB,Oklahoma,244,4.65,41.0,22.0,0.0,7.12,4.1,2006,6,2,6.166666667,0.0
5527,5628,Brian Iwuh,OLB,Colorado,234,4.66,0.0,20.0,0.0,0.0,0.0,2006,6,0,6.0,0.0
5528,5629,Chad Jackson,WR,Florida,213,4.32,38.5,0.0,122.0,6.73,3.97,2006,6,1,6.083333333,0.0
5529,5630,D'Qwell Jackson,ILB,Maryland,230,4.73,37.0,19.0,116.0,7.05,4.36,2006,6,0,6.0,0.0
5530,5631,Tarvaris Jackson,QB,Arkansas,226,4.69,31.5,22.0,107.0,7.4,4.38,2006,6,2,6.166666667,0.0
5531,5632,T.J. Jackson,DT,Auburn,304,5.15,31.0,26.0,104.0,7.72,4.6,2006,6,0,6.0,0.0
5532,5633,Omar Jacobs,QB,Bowling Green,232,4.84,32.5,0.0,108.0,7.47,4.29,2006,6,4,6.333333333,0.0
5533,5634,Max Jean-Gilles,OG,Georgia,355,5.48,24.5,27.0,95.0,8.56,5.08,2006,6,4,6.333333333,0.0
5534,5635,Julian Jenkins,DE,Stanford,277,5.03,34.5,25.0,110.0,7.11,4.23,2006,6,4,6.333333333,0.0
5535,5636,Adam Jennings,WR,Fresno State,181,4.44,37.5,0.0,118.0,6.88,4.12,2006,5,9,5.75,0.0
5536,5637,Greg Jennings,WR,West. Michigan,197,4.42,36.5,0.0,117.0,6.68,4.16,2006,5,11,5.916666667,0.0
5537,5638,Kelly Jennings,CB,Miami (FL),178,4.39,40.0,0.0,120.0,0.0,4.0,2006,5,11,5.916666667,0.0
5538,5639,Tim Jennings,CB,Georgia,185,4.32,37.5,17.0,117.0,0.0,0.0,2006,5,8,5.666666667,0.0
5539,5640,Brandon Johnson,OLB,Louisville,228,4.44,37.0,11.0,118.0,7.17,4.34,2006,6,5,6.416666667,0.0
5540,5641,Johnny Jolly,DT,Texas A&M,317,5.41,0.0,0.0,104.0,0.0,0.0,2006,6,3,6.25,0.0
5541,5642,Maurice Jones-Drew,RB,UCLA,207,4.39,36.0,18.0,116.0,7.08,4.38,2006,5,7,5.583333333,0.0
5542,5643,Davin Joseph,OG,Oklahoma,311,5.09,32.0,24.0,111.0,0.0,4.97,2006,6,3,6.25,0.0
5543,5644,Johnathan Joseph,CB,South Carolina,193,4.31,37.0,15.0,123.0,6.92,4.23,2006,5,11,5.916666667,0.0
5544,5645,Winston Justice,OT,USC,319,5.16,35.0,0.0,110.0,7.31,4.53,2006,6,6,6.5,0.0
5545,5646,Freddy Keiaho,ILB,San Diego State,224,4.68,36.0,15.0,113.0,7.01,4.12,2006,5,11,5.916666667,0.0
5546,5647,Charlton Keith,OLB,Kansas,237,4.78,30.5,12.0,109.0,7.03,4.36,2006,6,4,6.333333333,0.0
5547,5648,William Kershaw,OLB,Maryland,240,4.63,37.0,21.0,111.0,6.95,4.17,2006,6,3,6.25,0.0
5548,5649,Jeff King,TE,Virginia Tech,245,4.83,32.5,21.0,109.0,6.99,4.09,2006,6,5,6.416666667,0.0
5549,5650,David Kirtman,FB,USC,233,4.76,29.5,0.0,106.0,7.18,4.31,2006,5,11,5.916666667,0.0
5550,5651,Mathias Kiwanuka,DE,Boston Col.,266,4.7,32.0,17.0,120.0,7.27,4.13,2006,6,6,6.5,0.0
5551,5652,Joe Klopfenstein,TE,Colorado,255,4.63,36.0,27.0,112.0,7.39,4.21,2006,6,6,6.5,0.0
5552,5653,Mike Kudla,DE,Ohio State,265,4.72,37.0,45.0,114.0,7.21,4.45,2006,6,2,6.166666667,0.0
5553,5654,Chris Kuper,OG,North Dakota,301,5.1,30.0,24.0,109.0,7.59,4.6,2006,6,4,6.333333333,0.0
5554,5655,Ryan LaCasse,DE,Syracuse,257,4.62,34.0,34.0,113.0,7.25,4.3,2006,6,2,6.166666667,0.0
5555,5657,Dawan Landry,S,Georgia Tech,220,4.64,37.5,18.0,124.0,0.0,4.27,2006,6,1,6.083333333,0.0
5556,5658,Manny Lawson,OLB,North Carolina State,241,4.43,39.5,23.0,124.0,6.9,4.18,2006,6,5,6.416666667,0.0
5557,5659,Josh Lay,CB,Pittsburgh,197,4.48,40.5,16.0,120.0,0.0,0.0,2006,6,0,6.0,0.0
5558,5660,Greg Lee,WR,Pittsburgh,201,4.59,35.5,0.0,114.0,6.8,4.09,2006,6,2,6.166666667,0.0
5559,5661,Matt Leinart,QB,USC,223,4.9,0.0,0.0,0.0,0.0,0.0,2006,6,5,6.416666667,0.0
5560,5662,Jonathan Lewis,DT,Virginia Tech,309,4.97,33.5,24.0,111.0,7.4,4.4,2006,6,1,6.083333333,0.0
5561,5663,Marcedes Lewis,TE,UCLA,261,4.8,37.0,23.0,118.0,7.24,4.82,2006,6,6,6.5,0.0
5562,5664,David Lonie,P,California,209,4.74,0.0,0.0,0.0,0.0,0.0,2006,6,5,6.416666667,0.0
5563,5665,Calvin Lowry,S,Penn State,200,4.54,36.0,15.0,120.0,7.16,4.2,2006,5,11,5.916666667,0.0
5564,5666,Travis Lulay,QB,Montana State,216,4.71,35.0,0.0,111.0,6.93,4.07,2006,6,2,6.166666667,0.0
5565,5667,Wali Lundy,RB,Virginia,214,4.48,35.0,18.0,111.0,6.99,4.36,2006,5,11,5.916666667,0.0
5566,5668,Deuce Lutui,OG,USC,334,5.35,28.0,26.0,97.0,8.04,4.76,2006,6,4,6.333333333,0.0
5567,5669,Jesse Mahelona,DT,Tennessee,311,5.37,0.0,0.0,0.0,0.0,0.0,2006,6,0,6.0,0.0
5568,5670,Tom Malone,P,USC,212,4.87,0.0,0.0,0.0,0.0,0.0,2006,6,0,6.0,0.0
5569,5671,Antonio Malone,CB,Toledo,200,4.59,34.0,10.0,111.0,7.05,4.1,2006,6,0,6.0,0.0
5570,5672,Nick Mangold,C,Ohio State,300,5.05,27.5,24.0,104.0,7.47,4.36,2006,6,4,6.333333333,0.0
5571,5673,Danieal Manning,CB,Abilene Christian,202,4.48,39.0,17.0,123.0,7.23,4.07,2006,5,11,5.916666667,0.0
5572,5674,Laurence Maroney,RB,Minnesota,217,4.48,0.0,0.0,0.0,0.0,0.0,2006,6,0,6.0,0.0
5573,5675,Brandon Marshall,WR,Central Florida,229,4.52,37.0,0.0,120.0,0.0,0.0,2006,6,4,6.333333333,0.0
5574,5676,Richard Marshall,CB,Fresno State,189,4.42,37.0,12.0,129.0,6.65,4.16,2006,5,11,5.916666667,0.0
5575,5677,Derrick Martin,CB,Wyoming,202,4.5,40.0,17.0,127.0,6.72,3.95,2006,5,10,5.833333333,0.0
5576,5678,Ingle Martin,QB,Furman,220,4.71,36.0,0.0,111.0,7.13,4.17,2006,6,2,6.166666667,0.0
5577,5679,Jimmy Martin,OT,Virginia Tech,303,5.23,31.0,25.0,101.0,0.0,0.0,2006,6,5,6.416666667,0.0
5578,5680,Tim Massaquoi,TE,Michigan,259,4.85,0.0,32.0,0.0,0.0,0.0,2006,6,3,6.25,0.0
5579,5681,Wendell Mathis,RB,Fresno State,210,4.51,33.0,20.0,117.0,6.93,4.22,2006,5,11,5.916666667,0.0
5580,5682,Fred Matua,OG,USC,306,5.0,24.5,28.0,93.0,7.87,4.76,2006,6,2,6.166666667,0.0
5581,5683,Marcus Maxey,CB,Miami (FL),198,4.48,41.5,14.0,129.0,0.0,0.0,2006,6,1,6.083333333,0.0
5582,5684,Dee McCann,CB,West Virginia,197,4.53,40.5,0.0,122.0,7.35,4.38,2006,5,11,5.916666667,0.0
5583,5685,John McCargo,DT,North Carolina State,302,5.15,30.5,25.0,110.0,7.79,4.48,2006,6,1,6.083333333,0.0
5584,5686,Stanley McClover,DE,Auburn,262,4.7,39.0,19.0,114.0,7.87,4.5,2006,6,2,6.166666667,0.0
5585,5687,Tim McGarigle,ILB,Northwestern,242,4.73,38.0,0.0,118.0,7.09,4.07,2006,6,1,6.083333333,0.0
5586,5688,Rocky McIntosh,OLB,Miami (FL),237,4.62,41.5,18.0,119.0,0.0,0.0,2006,6,2,6.166666667,0.0
5587,5689,Reggie McNeal,QB,Texas A&M,198,4.4,32.0,0.0,121.0,6.96,4.25,2006,6,2,6.166666667,0.0
5588,5690,Marcus McNeill,OT,Auburn,336,5.07,31.0,0.0,98.0,8.19,5.0,2006,6,8,6.666666667,0.0
5589,5691,Gerrick McPhearson,CB,Maryland,196,4.42,41.5,18.0,129.0,0.0,0.0,2006,5,10,5.833333333,0.0
5590,5692,Paul McQuistan,OT,Weber State,312,5.07,29.5,28.0,110.0,7.72,4.62,2006,6,6,6.5,0.0
5591,5693,Robin Meadow,OG,Michigan State,324,5.4,24.0,29.0,99.0,7.94,4.73,2006,6,5,6.416666667,0.0
5592,5694,Vincent Meeks,S,Texas Tech,210,4.85,33.0,11.0,112.0,0.0,0.0,2006,5,11,5.916666667,0.0
5593,5695,Erik Meyer,QB,East. Washington,210,4.67,32.5,0.0,112.0,6.83,4.12,2006,6,1,6.083333333,0.0
5594,5696,Garrett Mills,FB,Tulsa,241,4.64,35.5,23.0,111.0,6.81,4.05,2006,6,1,6.083333333,0.0
5595,5697,Jeremy Mincey,DE,Florida,259,4.76,33.5,27.0,116.0,6.99,4.25,2006,6,3,6.25,0.0
5596,5698,DeMario Minter,CB,Georgia,190,4.52,38.5,10.0,131.0,6.87,4.1,2006,5,11,5.916666667,0.0
5597,5699,Anthony Mix,WR,Auburn,235,4.48,31.5,0.0,111.0,0.0,0.0,2006,6,4,6.333333333,0.0
5598,5700,Will Montgomery,C,Virginia Tech,312,5.12,29.5,35.0,104.0,7.4,4.43,2006,6,3,6.25,0.0
5599,5701,DonTrell Moore,RB,New Mexico,210,4.64,32.0,18.0,116.0,7.1,4.32,2006,5,10,5.833333333,0.0
5600,5702,Sinorice Moss,WR,Miami (FL),185,4.38,0.0,0.0,0.0,0.0,0.0,2006,5,8,5.666666667,0.0
5601,5703,Jeff Mullins,LS,Marshall,247,5.03,0.0,21.0,0.0,0.0,0.0,2006,6,2,6.166666667,0.0
5602,5704,Martin Nance,WR,Miami (OH),213,4.55,33.5,0.0,112.0,6.91,4.08,2006,6,4,6.333333333,0.0
5603,5705,Terna Nande,OLB,Miami (OH),232,4.51,39.0,41.0,124.0,6.97,4.11,2006,6,0,6.0,0.0
5604,5706,Javon Nanton,DE,Miami (FL),250,4.8,28.5,22.0,108.0,0.0,0.0,2006,6,3,6.25,0.0
5605,5708,Khalid Naziruddin,CB,Texas Tech,185,4.64,38.5,17.0,119.0,0.0,0.0,2006,5,9,5.75,0.0
5606,5709,Barrick Nealy,QB,Texas State,226,4.57,32.5,0.0,114.0,6.94,4.26,2006,6,4,6.333333333,0.0
5607,5710,Haloti Ngata,DT,Oregon,338,5.13,31.5,37.0,110.0,7.95,4.65,2006,6,4,6.333333333,0.0
5608,5711,A.J. Nicholson,OLB,Florida State,252,4.88,0.0,25.0,116.0,7.37,4.43,2006,6,1,6.083333333,0.0
5609,5712,Rob Ninkovich,DE,Purdue,260,4.91,34.5,23.0,116.0,6.96,4.18,2006,6,3,6.25,0.0
5610,5713,Jerious Norwood,RB,Mississippi State,210,4.4,36.5,15.0,122.0,6.81,4.25,2006,6,0,6.0,0.0
5611,5714,Ryan O'Callaghan,OT,California,344,5.39,25.0,21.0,92.0,0.0,0.0,2006,6,7,6.583333333,0.0
5612,5715,Ben Obomanu,WR,Auburn,205,4.45,38.0,0.0,116.0,7.17,4.21,2006,6,1,6.083333333,0.0
5613,5716,Quinn Ojinnaka,OT,Syracuse,309,5.44,28.5,21.0,102.0,8.45,5.11,2006,6,5,6.416666667,0.0
5614,5717,Melvin Oliver,DE,LSU,276,5.08,0.0,0.0,0.0,0.0,0.0,2006,6,3,6.25,0.0
5615,5718,Thomas Olmsted,P,Troy,214,5.18,0.0,0.0,0.0,0.0,0.0,2006,6,4,6.333333333,0.0
5616,5719,Drew Olson,QB,UCLA,222,5.09,23.0,0.0,97.0,0.0,4.42,2006,6,2,6.166666667,0.0
5617,5720,Chijioke Onyenegecha,CB,Oklahoma,215,4.55,34.5,16.0,118.0,0.0,0.0,2006,6,1,6.083333333,0.0
5618,5721,Jonathan Orr,WR,Wisconsin,198,4.44,35.5,0.0,119.0,7.31,4.16,2006,6,2,6.166666667,0.0
5619,5722,Babatunde Oshinowo,DT,Stanford,304,5.27,32.0,33.0,105.0,7.87,4.54,2006,6,2,6.166666667,0.0
5620,5723,Jarrad Page,S,UCLA,239,4.63,38.0,0.0,127.0,6.68,4.14,2006,6,0,6.0,0.0
5621,5724,Kai Parham,ILB,Virginia,256,4.98,35.0,30.0,116.0,7.35,4.33,2006,6,3,6.25,0.0
5622,5725,Sam Paulescu,P,Oregon State,190,4.98,0.0,0.0,0.0,0.0,0.0,2006,6,0,6.0,0.0
5623,5726,Domata Peko,DT,Michigan State,307,5.27,28.5,25.0,103.0,7.69,4.49,2006,6,3,6.25,0.0
5624,5727,Donald Penn,OT,Utah State,317,5.05,0.0,21.0,0.0,0.0,0.0,2006,6,4,6.333333333,0.0
5625,5728,Terrance Pennington,OT,New Mexico,325,5.39,28.5,28.0,102.0,0.0,0.0,2006,6,7,6.583333333,0.0
5626,5729,Charlie Peprah,S,Alabama,206,4.66,37.5,15.0,119.0,6.81,4.09,2006,5,11,5.916666667,0.0
5627,5730,Marvin Philip,C,California,307,5.24,27.0,27.0,96.0,7.85,4.69,2006,6,1,6.083333333,0.0
5628,5731,Anwar Phillips,CB,Penn State,193,4.6,0.0,0.0,0.0,0.0,0.0,2006,6,0,6.0,0.0
5629,5732,Paul Pinegar,QB,Fresno State,232,5.1,29.0,0.0,110.0,7.36,4.49,2006,6,5,6.416666667,0.0
5630,5733,David Pittman,CB,NW State (LA),182,4.44,36.0,14.0,128.0,0.0,4.23,2006,5,11,5.916666667,0.0
5631,5734,Ryan Plackemeier,P,Wake Forest,253,5.2,0.0,0.0,0.0,0.0,0.0,2006,6,3,6.25,0.0
5632,5735,Jason Pociask,TE,Wisconsin,266,4.84,32.5,23.0,115.0,7.31,4.3,2006,6,3,6.25,0.0
5633,5736,Bernard Pollard,S,Purdue,224,4.57,36.5,0.0,131.0,0.0,0.0,2006,6,2,6.166666667,0.0
5634,5737,Leonard Pope,TE,Georgia,258,4.62,37.5,22.0,118.0,7.47,4.67,2006,6,8,6.666666667,0.0
5635,5738,Quinton Porter,QB,Boston Col.,233,4.67,33.5,0.0,116.0,6.76,4.1,2006,6,5,6.416666667,0.0
5636,5739,Donovan Raiola,C,Wisconsin,300,5.55,25.0,20.0,90.0,8.17,4.97,2006,6,2,6.166666667,0.0
5637,5740,Troy Reddick,OG,Auburn,334,5.57,0.0,21.0,0.0,7.92,4.82,2006,6,5,6.416666667,0.0
5638,5741,Willie Reid,WR,Florida State,188,4.34,37.5,0.0,117.0,7.06,4.26,2006,5,10,5.833333333,0.0
5639,5742,Matthew Rice,DE,Penn State,271,4.89,0.0,0.0,0.0,7.6,4.34,2006,6,4,6.333333333,0.0
5640,5743,Gerald Riggs,RB,Tennessee,232,4.62,0.0,0.0,0.0,0.0,0.0,2006,5,11,5.916666667,0.0
5641,5744,Freddie Roach,ILB,Alabama,257,4.93,34.0,0.0,111.0,7.49,4.42,2006,6,2,6.166666667,0.0
5642,5745,Dale Robinson,ILB,Arizona State,231,4.76,33.0,18.0,108.0,7.29,4.3,2006,6,0,6.0,0.0
5643,5746,Michael Robinson,WR,Penn State,227,4.57,0.0,0.0,0.0,0.0,0.0,2006,6,1,6.083333333,0.0
5644,5747,Cory Rodgers,WR,TCU,188,4.58,33.5,0.0,110.0,7.37,4.19,2006,6,0,6.0,0.0
5645,5748,Dennis Roland,OT,Georgia,328,5.28,0.0,19.0,0.0,0.0,0.0,2006,6,10,6.833333333,0.0
5646,5749,Richie Ross,WR,Nebraska-Kearney,209,4.61,37.0,0.0,120.0,6.95,4.29,2006,6,4,6.333333333,0.0
5647,5750,Pat Ross,C,Boston Col.,301,4.99,0.0,23.0,0.0,0.0,0.0,2006,6,3,6.25,0.0
5648,5751,Cory Ross,RB,Nebraska,201,4.58,0.0,15.0,0.0,0.0,0.0,2006,5,6,5.5,0.0
5649,5752,Derrick Ross,RB,Tarleton State,226,4.56,35.0,20.0,112.0,7.0,4.35,2006,5,10,5.833333333,0.0
5650,5753,Frostee Rucker,DE,USC,267,4.88,29.5,0.0,110.0,0.0,0.0,2006,6,3,6.25,0.0
5651,5754,DeMeco Ryans,OLB,Alabama,236,4.65,39.0,23.0,129.0,7.19,4.17,2006,6,1,6.083333333,0.0
5652,5755,Nate Salley,S,Ohio State,216,4.63,40.0,14.0,123.0,6.79,4.15,2006,6,2,6.166666667,0.0
5653,5756,Tony Scheffler,TE,West. Michigan,254,4.54,33.5,17.0,115.0,6.81,4.01,2006,6,5,6.416666667,0.0
5654,5757,Anthony Schlegel,ILB,Ohio State,250,4.88,32.0,21.0,111.0,7.41,4.38,2006,6,0,6.0,0.0
5655,5759,Jon Scifres,K,Missouri State,224,5.0,0.0,0.0,0.0,0.0,0.0,2006,6,1,6.083333333,0.0
5656,5760,Jonathan Scott,OT,Texas,315,5.32,24.5,0.0,101.0,7.73,4.85,2006,6,6,6.5,0.0
5657,5761,Mark Setterstrom,OG,Minnesota,314,5.38,26.5,19.0,100.0,7.63,4.53,2006,6,4,6.333333333,0.0
5658,5762,D.J. Shockley,QB,Georgia,214,4.56,37.5,0.0,121.0,7.07,4.17,2006,6,1,6.083333333,0.0
5659,5763,Kevin Simon,OLB,Tennessee,235,4.89,28.0,26.0,103.0,7.69,4.32,2006,5,10,5.833333333,0.0
5660,5764,Ko Simpson,S,South Carolina,209,4.45,40.5,11.0,122.0,7.09,4.17,2006,6,1,6.083333333,0.0
5661,5765,Ernie Sims,OLB,Florida State,231,4.5,41.0,25.0,125.0,7.31,4.22,2006,5,11,5.916666667,0.0
5662,5766,Rob Sims,OG,Ohio State,307,5.25,0.0,27.0,0.0,0.0,0.0,2006,6,3,6.25,0.0
5663,5767,Dwayne Slay,S,Texas Tech,216,4.78,32.5,0.0,112.0,0.0,0.0,2006,6,3,6.25,0.0
5664,5768,Kent Smith,QB,Central Michigan,216,4.57,35.0,0.0,122.0,7.41,4.47,2006,6,5,6.416666667,0.0
5665,5769,LeKevin Smith,DT,Michigan State,316,4.97,30.5,30.0,109.0,7.93,4.92,2006,6,3,6.25,0.0
5666,5770,Anthony Smith,S,Syracuse,194,4.71,41.0,18.0,125.0,6.75,4.35,2006,6,0,6.0,0.0
5667,5771,Brad Smith,WR,Missouri,213,4.46,39.5,0.0,128.0,7.0,4.33,2006,6,2,6.166666667,0.0
5668,5772,Eric Smith,S,Michigan State,209,4.63,40.0,21.0,127.0,6.89,4.1,2006,6,1,6.083333333,0.0
5669,5773,Clinton Solomon,WR,Iowa,214,4.58,33.0,0.0,114.0,7.17,4.46,2006,6,3,6.25,0.0
5670,5774,Isaac Sowells,OG,Indiana,324,5.15,28.5,20.0,101.0,8.13,4.98,2006,6,3,6.25,0.0
5671,5775,Charles Spencer,OG,Pittsburgh,352,5.25,0.0,30.0,0.0,0.0,0.0,2006,6,5,6.416666667,0.0
5672,5776,Jason Spitz,OG,Louisville,313,5.4,28.5,25.0,102.0,7.82,4.55,2006,6,3,6.25,0.0
5673,5777,Montavious Stanley,DT,Louisville,313,5.12,29.0,0.0,106.0,8.06,4.6,2006,6,2,6.166666667,0.0
5674,5778,Joel Stelly,P,La-Monroe,197,4.68,0.0,0.0,0.0,0.0,0.0,2006,5,10,5.833333333,0.0
5675,5779,Adam Stenavich,OG,Michigan,310,5.6,0.0,24.0,0.0,0.0,0.0,2006,6,4,6.333333333,0.0
5676,5780,Dan Stevenson,OG,Notre Dame,300,5.36,24.5,24.0,100.0,7.58,4.59,2006,6,5,6.416666667,0.0
5677,5781,Maurice Stovall,WR,Notre Dame,217,4.57,35.0,0.0,122.0,6.81,4.14,2006,6,4,6.333333333,0.0
5678,5782,Zach Strief,OT,Northwestern,330,5.38,21.0,19.0,94.0,8.01,4.83,2006,6,8,6.666666667,0.0
5679,5783,Boone Stutz,LS,Texas A&M,259,5.06,0.0,0.0,0.0,0.0,0.0,2006,6,6,6.5,0.0
5680,5784,Quinn Sypniewski,TE,Colorado,268,4.77,32.5,20.0,114.0,7.09,4.52,2006,6,6,6.5,0.0
5681,5785,Naufahu Tahi,FB,BYU,254,4.85,29.0,35.0,101.0,7.72,4.7,2006,6,0,6.0,0.0
5682,5786,Darryl Tapp,DE,Virginia Tech,252,4.83,33.0,27.0,109.0,7.31,4.48,2006,6,2,6.166666667,0.0
5683,5787,Gavin Tarquinio,LS,Georgia Tech,253,4.88,0.0,18.0,0.0,0.0,0.0,2006,6,3,6.25,0.0
5684,5788,Tony Tella,OG,Miami (FL),307,5.44,24.5,24.0,97.0,8.17,4.84,2006,6,4,6.333333333,0.0
5685,5789,David Thomas,TE,Texas,252,4.67,37.5,19.0,113.0,7.05,4.34,2006,6,3,6.25,0.0
5686,5790,Joe Toledo,OT,Washington,337,5.11,0.0,32.0,0.0,0.0,0.0,2006,6,5,6.416666667,0.0
5687,5791,John Torp,P,Colorado,212,4.73,0.0,0.0,0.0,0.0,0.0,2006,6,2,6.166666667,0.0
5688,5792,Michael Toudouze,OT,TCU,303,5.12,26.5,23.0,100.0,7.45,4.7,2006,6,6,6.5,0.0
5689,5793,Anthony Trucks,OLB,Oregon,233,4.76,37.0,22.0,125.0,7.0,4.14,2006,6,1,6.083333333,0.0
5690,5794,Jeremy Trueblood,OT,Boston Col.,316,5.25,27.5,20.0,96.0,7.82,4.68,2006,6,8,6.666666667,0.0
5691,5795,Stephen Tulloch,ILB,North Carolina State,241,4.84,33.5,27.0,113.0,7.19,4.15,2006,5,11,5.916666667,0.0
5692,5796,Cameron Vaughn,OLB,LSU,235,4.65,32.0,17.0,117.0,7.24,4.22,2006,6,4,6.333333333,0.0
5693,5797,Marcus Vick,QB,Virginia Tech,200,4.47,36.0,0.0,117.0,6.94,4.08,2006,6,0,6.0,0.0
5694,5798,Lawrence Vickers,FB,Colorado,245,4.82,30.5,21.0,104.0,7.74,4.63,2006,6,0,6.0,0.0
5695,5799,John Walker,CB,USC,205,4.62,40.0,0.0,125.0,0.0,4.16,2006,6,0,6.0,0.0
5696,5800,Delanie Walker,WR,Central Missouri State,240,4.49,36.5,0.0,118.0,0.0,0.0,2006,6,1,6.083333333,0.0
5697,5801,Cooper Wallace,TE,Auburn,261,4.78,29.0,21.0,105.0,7.29,4.21,2006,6,4,6.333333333,0.0
5698,5802,Scott Ware,S,USC,218,4.7,37.0,15.0,115.0,7.05,4.25,2006,6,1,6.083333333,0.0
5699,5803,Leon Washington,RB,Florida State,201,4.42,32.5,17.0,105.0,6.94,4.37,2006,5,8,5.666666667,0.0
5700,5804,Pat Watkins,S,Florida State,211,4.42,41.0,14.0,133.0,0.0,0.0,2006,6,5,6.416666667,0.0
5701,5805,Todd Watkins,WR,BYU,202,4.4,36.0,15.0,118.0,7.13,4.24,2006,6,2,6.166666667,0.0
5702,5806,Gabe Watson,DT,Michigan,339,5.27,25.0,36.0,96.0,8.28,4.8,2006,6,3,6.25,0.0
5703,5807,Steve Weatherford,P,Illinois,217,4.82,0.0,0.0,0.0,0.0,0.0,2006,6,2,6.166666667,0.0
5704,5808,Dee Webb,CB,Florida,183,4.41,36.5,0.0,121.0,0.0,0.0,2006,5,11,5.916666667,0.0
5705,5810,Jeff Webb,WR,San Diego State,211,4.4,37.0,0.0,126.0,6.81,4.08,2006,6,2,6.166666667,0.0
5706,5811,Stefon Wheeler,OT,Michigan State,339,5.73,19.5,0.0,74.0,8.09,4.86,2006,6,5,6.416666667,0.0
5707,5812,Guy Whimper,OT,East Carolina,304,4.96,29.0,26.0,102.0,7.38,4.59,2006,6,5,6.416666667,0.0
5708,5813,LenDale White,RB,USC,238,4.49,0.0,0.0,0.0,0.0,0.0,2006,6,0,6.0,0.0
5709,5814,Terrence Whitehead,RB,Oregon,209,4.69,30.5,0.0,108.0,7.21,4.27,2006,5,10,5.833333333,0.0
5710,5815,Charlie Whitehurst,QB,Clemson,223,4.75,33.0,0.0,112.0,7.0,4.11,2006,6,5,6.416666667,0.0
5711,5816,E.J. Whitley,OT,UNLV,309,5.35,25.0,16.0,101.0,7.53,4.79,2006,6,5,6.416666667,0.0
5712,5817,Donte Whitner,S,Ohio State,204,4.4,40.0,18.0,132.0,0.0,0.0,2006,5,10,5.833333333,0.0
5713,5818,Andrew Whitworth,OT,LSU,334,5.16,30.5,28.0,112.0,8.23,4.83,2006,6,7,6.583333333,0.0
5714,5819,Gerris Wilkinson,ILB,Georgia Tech,233,4.66,39.0,19.0,122.0,7.21,4.17,2006,6,3,6.25,0.0
5715,5820,T.J. Williams,TE,North Carolina State,269,4.72,34.0,25.0,111.0,7.49,4.54,2006,6,2,6.166666667,0.0
5716,5821,Brandon Williams,WR,Wisconsin,179,4.48,34.5,0.0,115.0,6.87,4.07,2006,5,9,5.75,0.0
5717,5822,DeAngelo Williams,RB,Memphis,214,4.45,35.5,25.0,121.0,0.0,0.0,2006,5,9,5.75,0.0
5718,5823,Demetrius Williams,WR,Oregon,197,4.52,38.0,0.0,127.0,6.84,4.08,2006,6,2,6.166666667,0.0
5719,5824,Jamar Williams,OLB,Arizona State,236,4.59,37.0,0.0,120.0,7.03,4.29,2006,6,0,6.0,0.0
5720,5825,Jimmy Williams,CB,Virginia Tech,213,4.44,0.0,0.0,0.0,0.0,0.0,2006,6,2,6.166666667,0.0
5721,5826,Leon Williams,ILB,Miami (FL),245,4.54,0.0,25.0,0.0,0.0,0.0,2006,6,3,6.25,0.0
5722,5827,Mario Williams,DE,North Carolina State,295,4.7,40.5,35.0,120.0,7.19,4.36,2006,6,7,6.583333333,0.0
5723,5828,Travis Wilson,WR,Oklahoma,214,4.47,36.5,0.0,120.0,6.7,3.99,2006,6,2,6.166666667,0.0
5724,5829,Kamerion Wimbley,DE,Florida State,248,4.61,38.5,24.0,129.0,6.97,4.48,2006,6,4,6.333333333,0.0
5725,5830,Eric Winston,OT,Miami (FL),310,4.94,29.0,0.0,108.0,7.47,4.44,2006,6,7,6.583333333,0.0
5726,5831,Rodrique Wright,DT,Texas,300,5.08,32.0,31.0,110.0,7.84,4.51,2006,6,5,6.416666667,0.0
5727,5832,Claude Wroten,DT,LSU,302,5.08,0.0,0.0,0.0,0.0,0.0,2006,6,2,6.166666667,0.0
5728,5833,Justin Wyatt,CB,USC,189,4.72,0.0,14.0,0.0,0.0,0.0,2006,5,9,5.75,0.0
5729,5834,James Wyche,DE,Syracuse,262,4.63,33.0,27.0,116.0,7.75,4.51,2006,6,5,6.416666667,0.0
5730,5835,Ashton Youboty,CB,Ohio State,189,4.44,0.0,0.0,0.0,0.0,0.0,2006,6,0,6.0,0.0
5731,5836,Vince Young,QB,Texas,229,4.48,0.0,0.0,0.0,0.0,0.0,2006,6,5,6.416666667,0.0
5732,5837,Alan Zemaitis,CB,Penn State,194,4.57,0.0,0.0,0.0,0.0,0.0,2006,6,1,6.083333333,0.0
5733,5838,Hamza Abdullah,S,Washington State,214,0.0,39.0,18.0,114.0,6.94,0.0,2005,6,2,6.166666667,0.0
5734,5839,Anthony Alabi,OT,TCU,310,5.12,32.5,18.0,105.0,7.62,4.6,2005,6,5,6.416666667,0.0
5735,5840,Lorenzo Alexander,DT,California,289,5.12,29.5,28.0,106.0,7.53,4.55,2005,6,2,6.166666667,0.0
5736,5841,Jared Allen,QB,Florida Atlantic,218,4.93,27.5,0.0,106.0,7.29,4.39,2005,6,2,6.166666667,0.0
5737,5842,Derek Anderson,QB,Oregon State,242,5.03,29.0,0.0,103.0,7.67,4.62,2005,6,6,6.5,0.0
5738,5843,Calvin Armstrong,OT,Washington State,325,5.51,34.0,26.0,100.0,7.62,4.66,2005,6,7,6.583333333,0.0
5739,5844,J.J. Arrington,RB,California,214,4.4,35.0,18.0,121.0,6.81,4.1,2005,5,9,5.75,0.0
5740,5845,O.J. Atogwe,S,Stanford,219,4.52,0.0,22.0,0.0,0.0,0.0,2005,5,11,5.916666667,0.0
5741,5846,Adrian Awasom,DE,North Texas,279,4.93,32.5,23.0,107.0,7.57,4.4,2005,6,4,6.333333333,0.0
5742,5847,David Baas,OG,Michigan,319,5.06,29.5,29.0,105.0,7.5,4.46,2005,6,4,6.333333333,0.0
5743,5848,Jonathan Babineaux,DT,Iowa,286,4.87,29.5,21.0,109.0,7.7,4.57,2005,6,2,6.166666667,0.0
5744,5849,Billy Bajema,TE,Oklahoma State,261,4.74,31.5,16.0,113.0,7.05,4.25,2005,6,5,6.416666667,0.0
5745,5850,Marion Barber,RB,Minnesota,221,4.49,40.0,20.0,127.0,0.0,0.0,2005,5,11,5.916666667,0.0
5746,5851,Khalif Barnes,OT,Washington,305,4.92,35.0,26.0,106.0,7.57,4.54,2005,6,6,6.5,0.0
5747,5852,Alex Barron,OT,Florida State,320,4.87,35.5,0.0,112.0,7.83,4.56,2005,6,7,6.583333333,0.0
5748,5853,Ronald Bartell,CB,Howard,211,4.37,35.5,21.0,0.0,0.0,0.0,2005,6,1,6.083333333,0.0
5749,5854,Jordan Beck,OLB,Cal Poly,233,4.6,41.0,25.0,128.0,7.11,4.1,2005,6,2,6.166666667,0.0
5750,5855,Bryce Benekos,P,Texas-El Paso,227,5.1,0.0,0.0,0.0,0.0,0.0,2005,6,5,6.416666667,0.0
5751,5856,Cedric Benson,RB,Texas,222,4.62,0.0,0.0,0.0,0.0,0.0,2005,5,10,5.833333333,0.0
5752,5857,Adam Bergen,TE,Lehigh,265,4.78,38.0,25.0,121.0,7.11,4.1,2005,6,4,6.333333333,0.0
5753,5858,Joe Berger,OT,Michigan Tech,303,5.18,27.0,30.0,96.0,7.77,4.62,2005,6,5,6.416666667,0.0
5754,5859,Justin Beriault,S,Ball State,204,4.52,39.5,14.0,132.0,6.92,3.8,2005,6,3,6.25,0.0
5755,5860,Brock Berlin,QB,Miami (FL),221,4.83,29.0,0.0,109.0,7.49,4.54,2005,6,1,6.083333333,0.0
5756,5861,Atari Bigby,S,Central Florida,214,4.57,35.0,19.0,112.0,7.0,4.1,2005,5,11,5.916666667,0.0
5757,5862,DeCori Birmingham,RB,Arkansas,210,4.56,34.5,14.0,118.0,7.13,4.28,2005,5,10,5.833333333,0.0
5758,5863,Darryl Blackstock,OLB,Virginia,247,4.7,39.0,25.0,126.0,7.05,4.29,2005,6,3,6.25,0.0
5759,5864,Michael Boley,OLB,Southern Miss,236,4.56,34.0,0.0,113.0,7.08,4.12,2005,6,3,6.25,0.0
5760,5865,Mark Bradley,WR,Oklahoma,201,4.37,39.5,0.0,128.0,6.96,3.98,2005,6,1,6.083333333,0.0
5761,5866,Craig Bragg,WR,UCLA,196,4.46,36.0,0.0,0.0,0.0,0.0,2005,6,1,6.083333333,0.0
5762,5867,Jamaal Brimmer,S,UNLV,216,4.8,32.0,16.0,113.0,7.78,4.63,2005,6,1,6.083333333,0.0
5763,5868,Wesley Britt,OT,Alabama,314,5.2,0.0,24.0,0.0,0.0,0.0,2005,6,8,6.666666667,0.0
5764,5869,C.J. Brooks,OG,Maryland,309,5.18,31.5,24.0,108.0,7.61,4.56,2005,6,5,6.416666667,0.0
5765,5870,Nehemiah Broughton,RB,Citadel,250,4.59,30.0,25.0,108.0,7.54,4.28,2005,5,11,5.916666667,0.0
5766,5871,Tim Brown,OT,West Virginia,318,5.6,29.0,23.0,93.0,7.84,4.92,2005,6,4,6.333333333,0.0
5767,5872,Elton Brown,OG,Virginia,329,4.93,0.0,0.0,0.0,0.0,0.0,2005,6,5,6.416666667,0.0
5768,5873,Jason Brown,C,North Carolina,313,5.4,30.5,23.0,105.0,7.72,4.51,2005,6,3,6.25,0.0
5769,5874,Jammal Brown,OT,Oklahoma,316,5.06,31.5,0.0,109.0,7.93,4.67,2005,6,6,6.5,0.0
5770,5875,Reggie Brown,WR,Georgia,196,4.45,41.5,0.0,128.0,6.99,3.94,2005,6,2,6.166666667,0.0
5771,5876,Ronnie Brown,RB,Auburn,233,4.43,34.0,18.0,117.0,7.1,4.08,2005,6,0,6.0,0.0
5772,5877,Brandon Browner,CB,Oregon State,221,4.63,36.5,13.0,123.0,7.2,4.24,2005,6,3,6.25,0.0
5773,5878,Anthony Bryant,DT,Alabama,337,5.06,31.5,23.0,106.0,7.8,4.68,2005,6,3,6.25,0.0
5774,5879,Doug Buckles,OG,Mississippi,311,5.53,23.5,18.0,89.0,8.17,4.8,2005,6,5,6.416666667,0.0
5775,5880,Dan Buenning,OG,Wisconsin,320,5.35,28.0,29.0,111.0,7.9,4.59,2005,6,4,6.333333333,0.0
5776,5881,Josh Bullocks,S,Nebraska,209,4.46,37.5,0.0,118.0,7.09,4.08,2005,6,0,6.0,0.0
5777,5882,Tim Bulman,DT,Boston Col.,294,4.91,32.5,35.0,115.0,7.23,4.2,2005,6,3,6.25,0.0
5778,5883,Kevin Burnett,OLB,Tennessee,239,4.58,36.0,20.0,130.0,0.0,0.0,2005,6,3,6.25,0.0
5779,5884,Vincent Burns,DE,Kentucky,267,4.84,35.0,25.0,122.0,7.24,4.41,2005,6,0,6.0,0.0
5780,5885,Larry Burt,DT,Miami (OH),304,5.36,28.0,22.0,98.0,8.03,4.72,2005,6,2,6.166666667,0.0
5781,5886,James Butler,S,Georgia Tech,213,4.51,40.5,16.0,127.0,7.1,3.98,2005,6,2,6.166666667,0.0
5782,5887,Jason Campbell,QB,Auburn,230,4.71,0.0,0.0,0.0,0.0,0.0,2005,6,5,6.416666667,0.0
5783,5889,Chris Canty,DE,Virginia,279,4.98,0.0,0.0,0.0,0.0,0.0,2005,6,7,6.583333333,0.0
5784,5890,Jerome Carter,S,Florida State,220,4.47,35.0,21.0,121.0,7.18,4.04,2005,5,11,5.916666667,0.0
5785,5891,Luis Castillo,DT,Northwestern,303,4.79,34.5,32.0,112.0,0.0,0.0,2005,6,3,6.25,0.0
5786,5892,Timmy Chang,QB,Hawaii,211,5.08,29.0,0.0,111.0,7.24,4.2,2005,6,1,6.083333333,0.0
5787,5893,Maurice Clarett,RB,Ohio State,234,4.78,34.0,22.0,115.0,0.0,0.0,2005,6,0,6.0,0.0
5788,5894,Ryan Claridge,OLB,UNLV,254,4.78,0.0,0.0,0.0,0.0,0.0,2005,6,2,6.166666667,0.0
5789,5895,Mark Clayton,WR,Oklahoma,193,4.41,36.5,0.0,118.0,6.95,4.07,2005,5,10,5.833333333,0.0
5790,5896,Jonathan Clinkscale,OG,Wisconsin,315,5.51,27.5,0.0,99.0,0.0,0.0,2005,6,2,6.166666667,0.0
5791,5897,DeAndra Cobb,RB,Michigan State,196,4.49,34.0,17.0,118.0,7.13,4.25,2005,5,10,5.833333333,0.0
5792,5898,Dan Cody,DE,Oklahoma,254,4.75,0.0,0.0,0.0,0.0,0.0,2005,6,5,6.416666667,0.0
5793,5899,Shaun Cody,DT,USC,293,5.05,0.0,34.0,0.0,0.0,0.0,2005,6,4,6.333333333,0.0
5794,5900,Trent Cole,OLB,Cincinnati,236,4.7,0.0,0.0,0.0,0.0,0.0,2005,6,2,6.166666667,0.0
5795,5901,Eric Coleman,DT,Clemson,288,5.12,33.0,27.0,118.0,7.42,4.71,2005,6,5,6.416666667,0.0
5796,5902,Jerome Collins,TE,Notre Dame,267,4.71,0.0,21.0,118.0,0.0,0.0,2005,6,4,6.333333333,0.0
5797,5903,Nick Collins,CB,Bethune-Cookman,206,4.36,40.0,11.0,118.0,6.94,4.16,2005,5,11,5.916666667,0.0
5798,5904,Chris Colmer,OT,Boise State,310,5.19,0.0,0.0,0.0,0.0,0.0,2005,6,5,6.416666667,0.0
5799,5905,Jon Colon,OT,Florida,317,5.64,25.5,0.0,85.0,8.03,4.89,2005,6,7,6.583333333,0.0
5800,5906,Dustin Colquitt,P,Tennessee,211,4.88,0.0,0.0,0.0,0.0,0.0,2005,6,2,6.166666667,0.0
5801,5907,Dan Connolly,OT,Southeast Missouri,311,5.19,28.5,22.0,108.0,7.65,4.54,2005,6,4,6.333333333,0.0
5802,5908,Sean Considine,S,Iowa,212,4.5,37.0,19.0,117.0,7.09,3.92,2005,6,0,6.0,0.0
5803,5909,Atcheson Conway,S,Bowie State,219,4.9,32.0,14.0,108.0,7.38,4.1,2005,5,10,5.833333333,0.0
5804,5910,Roger Cooper,OLB,Montana State,239,4.75,35.5,19.0,118.0,7.28,4.33,2005,6,2,6.166666667,0.0
5805,5911,Junius Coston,C,North Carolina A&T,310,5.31,29.5,21.0,102.0,7.93,4.56,2005,6,3,6.25,0.0
5806,5912,Jonas Crafts,TE,Texas-El Paso,247,4.89,0.0,24.0,0.0,0.0,0.0,2005,6,3,6.25,0.0
5807,5913,Channing Crowder,ILB,Florida,252,4.71,0.0,0.0,0.0,0.0,0.0,2005,6,2,6.166666667,0.0
5808,5914,Airese Currie,WR,Clemson,186,4.49,38.0,0.0,125.0,7.05,4.07,2005,5,10,5.833333333,0.0
5809,5915,Markus Curry,CB,Michigan,181,4.59,35.0,12.0,117.0,7.04,3.89,2005,5,11,5.916666667,0.0
5810,5916,Tony Curtis,TE,Portland State,269,4.93,0.0,21.0,115.0,0.0,0.0,2005,6,5,6.416666667,0.0
5811,5917,Harvey Dahl,OT,Nevada,299,5.42,27.0,17.0,99.0,8.15,4.58,2005,6,6,6.5,0.0
5812,5918,Travis Daniels,CB,LSU,194,4.54,35.0,0.0,120.0,6.95,3.97,2005,6,1,6.083333333,0.0
5813,5919,Josh Davis,WR,Marshall,191,4.52,37.5,0.0,118.0,7.19,4.22,2005,6,0,6.0,0.0
5814,5920,Anthony Davis,RB,Wisconsin,200,4.5,38.0,18.0,121.0,7.39,0.0,2005,5,7,5.583333333,0.0
5815,5921,Chauncey Davis,DE,Florida State,273,4.8,37.0,22.0,118.0,7.66,4.44,2005,6,2,6.166666667,0.0
5816,5922,Jim Davis,DE,Virginia Tech,277,4.75,34.0,0.0,111.0,7.11,4.23,2005,6,3,6.25,0.0
5817,5923,Thomas Davis,S,Georgia,230,4.6,36.5,0.0,115.0,7.09,3.97,2005,6,1,6.083333333,0.0
5818,5924,Ben Dougherty,QB,Florida A&M,222,4.72,33.0,0.0,108.0,7.41,4.34,2005,6,2,6.166666667,0.0
5819,5925,Joel Dreessen,TE,Colorado State,260,4.72,36.0,22.0,113.0,7.09,4.01,2005,6,4,6.333333333,0.0
5820,5926,Adell Duckett,DE,Texas Tech,270,4.93,34.5,14.0,105.0,7.75,4.35,2005,6,3,6.25,0.0
5821,5927,Kevin Dudley,FB,Michigan,238,4.91,30.0,19.0,109.0,7.25,4.56,2005,6,0,6.0,0.0
5822,5928,Clifford Dukes,DE,Michigan State,268,4.95,31.5,28.0,0.0,0.0,0.0,2005,6,3,6.25,0.0
5823,5929,Jon Dunn,OT,Virginia Tech,328,5.4,0.0,0.0,0.0,0.0,0.0,2005,6,7,6.583333333,0.0
5824,5930,Braylon Edwards,WR,Michigan,211,4.45,0.0,0.0,0.0,0.0,0.0,2005,6,3,6.25,0.0
5825,5931,Abraham Elimimian,CB,Hawaii,190,4.62,39.0,14.0,121.0,0.0,4.05,2005,5,10,5.833333333,0.0
5826,5932,Atiyyah Ellison,DT,Missouri,305,5.07,27.5,25.0,103.0,8.0,4.79,2005,6,4,6.333333333,0.0
5827,5933,Ben Emanuel,S,UCLA,213,4.57,0.0,21.0,0.0,0.0,0.0,2005,6,3,6.25,0.0
5828,5934,Jamar Enzor,OLB,Cincinnati,243,4.75,0.0,21.0,0.0,0.0,0.0,2005,6,0,6.0,0.0
5829,5935,Trai Essex,OT,Northwestern,324,5.61,29.0,0.0,96.0,8.11,4.92,2005,6,4,6.333333333,0.0
5830,5936,Kevin Everett,TE,Miami (FL),241,4.72,0.0,0.0,0.0,0.0,0.0,2005,6,5,6.416666667,0.0
5831,5937,Liam Ezekiel,ILB,Northeastern (MA),249,4.81,34.5,36.0,118.0,7.27,4.12,2005,6,0,6.0,0.0
5832,5938,Cole Farden,P,Oklahoma State,205,4.94,0.0,0.0,0.0,0.0,0.0,2005,5,10,5.833333333,0.0
5833,5940,Ciatrick Fason,RB,Florida,207,4.58,0.0,0.0,0.0,0.0,0.0,2005,6,1,6.083333333,0.0
5834,5941,Diamond Ferri,S,Syracuse,223,4.59,35.5,20.0,111.0,7.15,4.14,2005,5,10,5.833333333,0.0
5835,5942,Ronald Fields,DT,Mississippi State,313,5.24,27.0,0.0,102.0,8.01,4.68,2005,6,2,6.166666667,0.0
5836,5943,Alfred Fincher,ILB,Connecticut,238,4.68,31.5,25.0,112.0,7.69,4.45,2005,6,1,6.083333333,0.0
5837,5944,Adam Finley,P,Michigan,221,0.0,0.0,0.0,0.0,0.0,0.0,2005,6,4,6.333333333,0.0
5838,5945,Ryan Fitzpatrick,QB,Harvard,232,4.86,30.5,0.0,105.0,7.09,4.07,2005,6,2,6.166666667,0.0
5839,5946,Dustin Fox,S,Ohio State,191,4.43,43.5,7.0,0.0,0.0,0.0,2005,5,11,5.916666667,0.0
5840,5947,Domonique Foxworth,CB,Maryland,184,4.34,41.0,14.0,125.0,6.78,3.89,2005,5,11,5.916666667,0.0
5841,5948,Aaron Francisco,S,BYU,211,4.74,35.0,17.0,113.0,6.96,4.07,2005,6,2,6.166666667,0.0
5842,5949,Simon Fraser,DE,Ohio State,288,5.0,28.0,23.0,106.0,7.54,4.43,2005,6,6,6.5,0.0
5843,5950,Andre Frazier,DE,Cincinnati,234,4.66,38.0,19.0,124.0,7.09,4.12,2005,6,5,6.416666667,0.0
5844,5951,Charles Frederick,WR,Washington,194,4.78,33.0,0.0,108.0,7.39,4.25,2005,5,11,5.916666667,0.0
5845,5952,Charlie Frye,QB,Akron,225,4.79,33.0,0.0,113.0,6.94,4.08,2005,6,4,6.333333333,0.0
5846,5953,Vincent Fuller,S,Virginia Tech,189,4.44,0.0,0.0,0.0,0.0,0.0,2005,6,1,6.083333333,0.0
5847,5954,Dylan Gandy,OG,Texas Tech,304,5.12,29.5,0.0,100.0,7.62,4.51,2005,6,3,6.25,0.0
5848,5955,Lionel Gates,RB,Louisville,222,4.6,36.0,23.0,121.0,7.17,4.1,2005,6,0,6.0,0.0
5849,5956,George Gause,DE,South Carolina,275,4.68,0.0,0.0,0.0,0.0,0.0,2005,6,5,6.416666667,0.0
5850,5957,Justin Geisinger,OT,Vanderbilt,322,5.38,25.0,34.0,95.0,7.87,4.62,2005,6,4,6.333333333,0.0
5851,5958,Eric Ghiaciuc,C,Central Michigan,302,5.09,32.0,30.0,105.0,7.87,4.56,2005,6,4,6.333333333,0.0
5852,5959,Fred Gibson,WR,Georgia,196,4.55,38.5,0.0,126.0,7.03,4.1,2005,6,4,6.333333333,0.0
5853,5960,Howard Gilmore,WR,Norfolk State,194,4.71,36.0,0.0,113.0,7.56,4.44,2005,6,0,6.0,0.0
5854,5961,Johnathan Goddard,OLB,Marshall,238,4.67,35.0,27.0,107.0,7.48,4.14,2005,6,0,6.0,0.0
5855,5962,Michael Goolsby,ILB,Notre Dame,249,4.85,29.5,0.0,112.0,7.31,4.36,2005,6,3,6.25,0.0
5856,5963,Frank Gore,RB,Miami (FL),217,4.58,0.0,0.0,0.0,0.0,0.0,2005,5,9,5.75,0.0
5857,5964,Ryan Grant,RB,Notre Dame,215,4.43,33.5,17.0,115.0,7.08,4.12,2005,6,1,6.083333333,0.0
5858,5965,Eric Green,CB,Virginia Tech,198,4.52,38.0,0.0,120.0,0.0,3.9,2005,5,11,5.916666667,0.0
5859,5966,Justin Green,FB,Montana,251,4.84,31.0,23.0,109.0,7.24,4.21,2005,5,11,5.916666667,0.0
5860,5967,David Greene,QB,Georgia,226,4.78,31.5,0.0,115.0,7.0,4.1,2005,6,3,6.25,0.0
5861,5968,Kelly Griffeth,TE,Fort Hays State,284,4.9,28.0,21.0,103.0,7.25,4.27,2005,6,5,6.416666667,0.0
5862,5969,Boomer Grigsby,ILB,Illinois State,249,4.6,35.5,32.0,112.0,7.1,0.0,2005,6,0,6.0,0.0
5863,5970,Matt Grootegoed,S,USC,218,4.76,31.5,22.0,111.0,7.17,4.26,2005,5,11,5.916666667,0.0
5864,5971,Gino Guidugli,QB,Cincinnati,229,5.0,29.0,0.0,103.0,7.41,4.52,2005,6,4,6.333333333,0.0
5865,5972,Tyjuan Hagler,OLB,Cincinnati,236,4.59,35.5,35.0,124.0,7.21,4.07,2005,6,0,6.0,0.0
5866,5973,Josh Haldi,QB,Northern Illinois,215,4.64,33.0,0.0,113.0,6.89,4.07,2005,6,2,6.166666667,0.0
5867,5974,Geoff Hangartner,C,Texas A&M,301,5.21,28.5,26.0,103.0,7.62,4.52,2005,6,5,6.416666667,0.0
5868,5975,Jason Harmon,S,Michigan State,209,4.7,37.0,23.0,118.0,7.61,4.1,2005,5,11,5.916666667,0.0
5869,5976,Reggie Harrell,WR,TCU,214,4.58,35.0,0.0,115.0,7.42,4.11,2005,6,3,6.25,0.0
5870,5977,Kay-Jay Harris,RB,West Virginia,241,4.56,38.0,0.0,122.0,7.2,4.1,2005,6,0,6.0,0.0
5871,5978,Marques Harris,OLB,Southern Utah,231,4.71,40.5,22.0,117.0,7.19,4.07,2005,6,1,6.083333333,0.0
5872,5979,Anttaj Hawthorne,DT,Wisconsin,321,5.23,27.0,21.0,100.0,8.0,4.69,2005,6,3,6.25,0.0
5873,5980,Kelvin Hayden,CB,Illinois,197,4.45,34.0,17.0,111.0,6.87,3.9,2005,5,10,5.833333333,0.0
5874,5981,Jovan Haye,DE,Vanderbilt,284,4.74,34.0,33.0,110.0,7.38,4.35,2005,6,2,6.166666667,0.0
5875,5982,Alex Haynes,RB,Central Florida,223,4.51,32.5,21.0,0.0,0.0,0.0,2005,5,10,5.833333333,0.0
5876,5983,Madison Hedgecock,FB,North Carolina,266,4.87,32.5,29.0,108.0,7.41,4.24,2005,6,3,6.25,0.0
5877,5984,Chris Henry,WR,West Virginia,197,4.5,0.0,0.0,0.0,0.0,0.0,2005,6,4,6.333333333,0.0
5878,5985,Noah Herron,RB,Northwestern,224,4.6,31.0,17.0,108.0,6.95,3.97,2005,5,11,5.916666667,0.0
5879,5986,Efrem Hill,WR,Samford,179,4.58,37.5,0.0,124.0,7.42,4.07,2005,6,0,6.0,0.0
5880,5987,Leroy Hill,ILB,Clemson,229,4.65,34.0,25.0,116.0,7.23,4.1,2005,6,1,6.083333333,0.0
5881,5988,Ellis Hobbs,CB,Iowa State,192,4.45,42.0,12.0,124.0,6.8,4.07,2005,5,9,5.75,0.0
5882,5989,Drew Hodgdon,C,Arizona State,309,5.31,32.5,0.0,109.0,7.49,4.45,2005,6,3,6.25,0.0
5883,5991,Alphonso Hodge,CB,Miami (OH),203,4.44,34.0,20.0,0.0,0.0,3.99,2005,5,11,5.916666667,0.0
5884,5992,Reggie Hodges,P,Ball State,226,4.88,0.0,0.0,0.0,0.0,0.0,2005,6,0,6.0,0.0
5885,5993,Terry Holley,S,Rice,211,4.64,37.0,24.0,115.0,0.0,0.0,2005,6,1,6.083333333,0.0
5886,5994,Daven Holly,CB,Cincinnati,192,4.39,39.0,15.0,115.0,7.16,4.08,2005,5,10,5.833333333,0.0
5887,5995,Alex Holmes,TE,USC,265,5.04,0.0,18.0,0.0,0.0,0.0,2005,6,2,6.166666667,0.0
5888,5996,Cedric Houston,RB,Tennessee,225,4.61,0.0,0.0,0.0,0.0,0.0,2005,5,11,5.916666667,0.0
5889,5997,Ray Hudson,RB,Alabama,192,4.5,0.0,15.0,0.0,0.0,0.0,2005,5,10,5.833333333,0.0
5890,5998,Rob Hunt,C,North Dakota State,301,4.96,34.5,31.0,108.0,7.53,4.48,2005,6,4,6.333333333,0.0
5891,5999,Kevin Huntley,DE,Kansas State,267,4.88,0.0,0.0,0.0,0.0,0.0,2005,6,7,6.583333333,0.0
5892,6000,Richie Incognito,C,Nebraska,305,4.84,0.0,29.0,0.0,0.0,0.0,2005,6,3,6.25,0.0
5893,6001,Marlin Jackson,CB,Michigan,198,4.52,36.0,23.0,125.0,6.95,3.96,2005,6,1,6.083333333,0.0
5894,6002,Vincent Jackson,WR,Northern Colorado,241,4.46,39.0,0.0,0.0,0.0,0.0,2005,6,5,6.416666667,0.0
5895,6003,Tony Jackson,TE,Iowa,266,4.75,33.0,23.0,113.0,7.5,4.48,2005,6,2,6.166666667,0.0
5896,6004,Brandon Jacobs,RB,Southern Illinois,267,4.56,37.0,19.0,118.0,7.53,4.46,2005,6,4,6.333333333,0.0
5897,6005,Erasmus James,DE,Wisconsin,266,4.81,37.5,0.0,122.0,7.56,4.37,2005,6,4,6.333333333,0.0
5898,6006,Jason Jefferson,DT,Wisconsin,310,5.1,28.5,0.0,102.0,7.79,4.47,2005,6,2,6.166666667,0.0
5899,6007,Chase Johnson,OT,TCU,330,5.41,27.0,0.0,91.0,8.15,4.7,2005,6,8,6.666666667,0.0
5900,6008,Derrick Johnson,CB,Texas,197,4.43,0.0,18.0,0.0,7.15,4.1,2005,5,11,5.916666667,0.0
5901,6009,Derrick Johnson,OLB,Texas,242,4.52,37.5,0.0,120.0,7.2,3.87,2005,6,3,6.25,0.0
5902,6010,Marcus Johnson,OG,Mississippi,321,5.45,27.5,21.0,104.0,7.71,4.71,2005,6,6,6.5,0.0
5903,6011,Travis Johnson,DT,Florida State,305,4.91,0.0,0.0,0.0,0.0,0.0,2005,6,4,6.333333333,0.0
5904,6012,Tyler Jones,K,Boise State,201,5.05,0.0,0.0,0.0,0.0,0.0,2005,6,1,6.083333333,0.0
5905,6013,Brandon Jones,WR,Oklahoma,210,4.42,37.0,0.0,114.0,7.03,4.08,2005,6,1,6.083333333,0.0
5906,6014,Matt Jones,TE,Arkansas,242,4.37,39.5,0.0,129.0,0.0,0.0,2005,6,6,6.5,0.0
5907,6015,Adam Jones,CB,West Virginia,187,4.38,0.0,0.0,0.0,0.0,0.0,2005,5,9,5.75,0.0
5908,6016,Keith Joseph,FB,Texas A&M,254,4.68,33.0,27.0,113.0,7.43,4.2,2005,6,2,6.166666667,0.0
5909,6017,Nick Kaczur,OT,Toledo,319,5.28,31.5,0.0,0.0,0.0,0.0,2005,6,4,6.333333333,0.0
5910,6018,Dave Kashetta,TE,Boston Col.,247,4.87,35.5,17.0,113.0,7.34,4.34,2005,6,3,6.25,0.0
5911,6019,Chris Kemoeatu,OG,Utah,344,5.34,29.0,26.0,98.0,7.75,4.54,2005,6,3,6.25,0.0
5912,6020,Adam Kieft,OT,Central Michigan,337,5.52,33.0,28.0,110.0,7.78,4.76,2005,6,7,6.583333333,0.0
5913,6021,Tyler King,DE,Connecticut,271,4.87,36.0,20.0,118.0,7.57,4.34,2005,6,5,6.416666667,0.0
5914,6022,Eric King,CB,Wake Forest,189,4.43,0.0,12.0,0.0,0.0,0.0,2005,5,8,5.666666667,0.0
5915,6023,Marcus Lawrence,ILB,South Carolina,243,4.62,34.0,19.0,121.0,7.16,4.32,2005,6,2,6.166666667,0.0
5916,6024,Stefan LeFors,QB,Louisville,208,4.56,31.0,0.0,111.0,7.03,4.09,2005,6,0,6.0,0.0
5917,6025,Jim Leonhard,S,Wisconsin,191,4.63,0.0,19.0,0.0,0.0,0.0,2005,5,8,5.666666667,0.0
5918,6026,Samuel Lightbody,OT,Michigan State,321,5.62,30.0,0.0,108.0,7.95,4.41,2005,6,9,6.75,0.0
5919,6027,Dustin Long,QB,SMU,208,4.67,30.5,0.0,108.0,6.77,4.08,2005,6,2,6.166666667,0.0
5920,6028,Khari Long,DE,Baylor,257,4.74,38.5,27.0,121.0,7.22,4.07,2005,6,4,6.333333333,0.0
5921,6029,Daniel Loper,OT,Texas Tech,306,5.3,32.0,14.0,101.0,7.74,4.68,2005,6,6,6.5,0.0
5922,6030,Chase Lyman,WR,California,217,4.5,0.0,0.0,0.0,0.0,0.0,2005,6,3,6.25,0.0
5923,6031,Andre Maddox,S,Boise State,205,4.46,36.5,17.0,127.0,7.33,0.0,2005,6,1,6.083333333,0.0
5924,6032,Tony Madison,WR,Kansas State,213,4.52,39.0,0.0,121.0,7.13,4.3,2005,6,1,6.083333333,0.0
5925,6033,Logan Mankins,OG,Fresno State,307,5.06,31.5,21.0,95.0,7.52,4.44,2005,6,4,6.333333333,0.0
5926,6034,Tommy Manus,WR,South Florida,222,4.55,38.0,0.0,120.0,7.2,4.34,2005,6,4,6.333333333,0.0
5927,6035,Rasheed Marshall,WR,West Virginia,185,4.51,38.0,0.0,121.0,6.81,3.95,2005,6,0,6.0,0.0
5928,6036,Evan Mathis,OG,Alabama,304,4.92,35.5,35.0,117.0,7.37,4.16,2005,6,5,6.416666667,0.0
5929,6037,Jerome Mathis,WR,Kansas State,181,4.28,35.5,0.0,123.0,0.0,0.0,2005,5,11,5.916666667,0.0
5930,6038,Will Matthews,FB,Texas,248,4.98,0.0,0.0,0.0,0.0,0.0,2005,6,1,6.083333333,0.0
5931,6039,Leron McCoy,WR,Indiana (PA),211,4.4,37.0,0.0,120.0,7.19,4.21,2005,6,1,6.083333333,0.0
5932,6040,Robert McCune,ILB,Louisville,245,4.5,0.0,34.0,0.0,0.0,0.0,2005,6,0,6.0,0.0
5933,6042,Bryant McFadden,CB,Florida State,193,4.44,38.5,23.0,130.0,0.0,4.04,2005,6,0,6.0,0.0
5934,6043,Lynn McGruder,DT,Oklahoma,307,5.01,35.5,28.0,112.0,7.71,4.42,2005,6,1,6.083333333,0.0
5935,6044,Chris McKenzie,CB,Arizona State,185,4.32,45.0,6.0,136.0,6.9,4.32,2005,5,8,5.666666667,0.0
5936,6045,T.A. McLendon,RB,North Carolina State,235,4.71,35.0,27.0,117.0,7.34,4.19,2005,5,10,5.833333333,0.0
5937,6046,Pete McMahon,OT,Iowa,329,5.43,27.0,26.0,92.0,7.97,4.8,2005,6,8,6.666666667,0.0
5938,6047,David McMillan,DE,Kansas,262,4.58,34.0,16.0,120.0,7.11,4.07,2005,6,3,6.25,0.0
5939,6048,Willie McNeill,OT,North Carolina,291,5.3,0.0,0.0,0.0,0.0,0.0,2005,6,4,6.333333333,0.0
5940,6049,Adrian McPherson,QB,Florida State,218,4.71,34.5,22.0,128.0,6.93,4.08,2005,6,3,6.25,0.0
5941,6050,Albert Means,DT,Memphis,318,5.4,27.0,26.0,96.0,8.21,4.87,2005,6,4,6.333333333,0.0
5942,6051,Shawne Merriman,DE,Maryland,272,4.64,0.0,25.0,0.0,0.0,0.0,2005,6,4,6.333333333,0.0
5943,6052,Heath Miller,TE,Virginia,256,4.79,0.0,0.0,0.0,0.0,0.0,2005,6,5,6.416666667,0.0
5944,6053,Lance Mitchell,ILB,Oklahoma,247,4.85,33.5,15.0,0.0,7.49,4.38,2005,6,2,6.166666667,0.0
5945,6054,Ryan Moats,RB,Louisiana Tech,210,4.46,36.0,19.0,117.0,7.22,4.1,2005,5,8,5.666666667,0.0
5946,6055,Mike Montgomery,DE,Texas A&M,276,5.05,34.5,19.0,115.0,7.38,4.32,2005,6,5,6.416666667,0.0
5947,6056,Eric Moore,DE,Florida State,262,4.84,29.5,22.0,108.0,7.62,4.5,2005,6,4,6.333333333,0.0
5948,6057,Lance Moore,WR,Toledo,177,4.52,0.0,0.0,0.0,0.0,0.0,2005,5,9,5.75,0.0
5949,6058,Vernand Morency,RB,Oklahoma State,212,4.66,33.5,19.0,108.0,7.02,4.12,2005,5,10,5.833333333,0.0
5950,6059,Kirk Morrison,ILB,San Diego State,235,4.75,0.0,25.0,0.0,0.0,4.31,2005,6,1,6.083333333,0.0
5951,6060,C.J. Mosley,DT,Missouri,314,5.08,27.5,27.0,100.0,8.21,4.64,2005,6,2,6.166666667,0.0
5952,6061,Scott Mruczkowski,C,Bowling Green,321,5.29,0.0,28.0,0.0,0.0,0.0,2005,6,4,6.333333333,0.0
5953,6062,Michael Munoz,OT,Tennessee,306,5.3,0.0,0.0,0.0,0.0,0.0,2005,6,5,6.416666667,0.0
5954,6063,Terrence Murphy,WR,Texas A&M,202,4.39,0.0,0.0,0.0,0.0,0.0,2005,6,1,6.083333333,0.0
5955,6064,Chris Myers,OG,Miami (FL),300,5.11,0.0,25.0,0.0,0.0,0.0,2005,6,5,6.416666667,0.0
5956,6065,Jared Newberry,OLB,Stanford,234,4.71,0.0,0.0,0.0,0.0,0.0,2005,6,1,6.083333333,0.0
5957,6066,Donte Nicholson,S,Oklahoma,212,4.56,0.0,18.0,0.0,0.0,0.0,2005,6,1,6.083333333,0.0
5958,6067,Doug Nienhuis,OG,Oregon State,307,5.15,29.5,22.0,99.0,7.5,4.47,2005,6,6,6.5,0.0
5959,6068,Nick Novak,K,Maryland,191,5.1,0.0,0.0,0.0,0.0,0.0,2005,5,11,5.916666667,0.0
5960,6069,Mike Nugent,K,Ohio State,182,4.72,0.0,0.0,0.0,0.0,0.0,2005,5,10,5.833333333,0.0
5961,6070,Craig Ochs,QB,Montana,218,4.87,28.5,0.0,104.0,7.03,4.13,2005,6,2,6.166666667,0.0
5962,6071,Frank Omiyale,OT,Tennessee Tech,310,5.3,29.5,22.0,101.0,8.19,4.72,2005,6,4,6.333333333,0.0
5963,6072,Dan Orlovsky,QB,Connecticut,225,4.93,29.5,0.0,107.0,7.33,4.39,2005,6,5,6.416666667,0.0
5964,6073,Kyle Orton,QB,Purdue,233,5.06,26.5,0.0,0.0,7.38,4.52,2005,6,4,6.333333333,0.0
5965,6074,Chad Owens,WR,Hawaii,183,4.62,37.0,0.0,116.0,6.7,3.94,2005,5,7,5.583333333,0.0
5966,6075,Jeremy Parquet,OT,Southern Miss,323,5.31,29.5,17.0,94.0,7.95,4.8,2005,6,7,6.583333333,0.0
5967,6076,Roscoe Parrish,WR,Miami (FL),168,4.37,0.0,0.0,0.0,0.0,0.0,2005,5,10,5.833333333,0.0
5968,6077,Martin Patterson,ILB,TCU,243,4.89,34.0,21.0,115.0,7.31,4.2,2005,6,1,6.083333333,0.0
5969,6078,Mike Patterson,DT,USC,292,4.93,0.0,26.0,0.0,0.0,0.0,2005,6,0,6.0,0.0
5970,6079,Karl Paymah,CB,Washington State,204,4.35,41.5,15.0,125.0,7.09,3.91,2005,6,0,6.0,0.0
5971,6080,Matt Payne,K,BYU,229,4.75,0.0,0.0,0.0,0.0,0.0,2005,6,4,6.333333333,0.0
5972,6081,Alvin Pearman,RB,Virginia,208,4.63,34.0,24.0,114.0,7.06,4.08,2005,5,9,5.75,0.0
5973,6082,Erik Pears,OT,Colorado State,312,5.12,0.0,0.0,0.0,0.0,0.0,2005,6,8,6.666666667,0.0
5974,6083,Antonio Perkins,CB,Oklahoma,190,4.49,40.0,10.0,126.0,7.17,4.07,2005,5,11,5.916666667,0.0
5975,6084,Tab Perry,WR,UCLA,229,4.46,34.0,0.0,116.0,7.0,0.0,2005,6,2,6.166666667,0.0
5976,6085,Rob Petitti,OT,Pittsburgh,347,5.48,0.0,0.0,0.0,0.0,0.0,2005,6,6,6.5,0.0
5977,6086,Kenneth Pettway,OLB,Grambling State,236,4.69,32.5,22.0,114.0,7.29,4.31,2005,6,3,6.25,0.0
5978,6087,David Pollack,DE,Georgia,265,4.75,37.0,25.0,120.0,6.86,3.9,2005,6,2,6.166666667,0.0
5979,6088,Jonathan Pollard,OLB,Oregon State,247,4.68,35.0,21.0,116.0,7.41,4.07,2005,6,1,6.083333333,0.0
5980,6089,Brodney Pool,S,Oklahoma,207,4.52,0.0,0.0,0.0,0.0,0.0,2005,6,1,6.083333333,0.0
5981,6090,Brady Poppinga,DE,BYU,259,4.59,35.5,26.0,110.0,7.27,4.38,2005,6,3,6.25,0.0
5982,6091,Sione Pouha,DT,Utah,325,5.02,32.5,32.0,107.0,7.83,4.44,2005,6,3,6.25,0.0
5983,6093,Duke Preston,C,Illinois,311,0.0,32.0,21.0,96.0,7.57,4.45,2005,6,5,6.416666667,0.0
5984,6094,Bobby Purify,RB,Colorado,210,4.67,33.5,15.0,116.0,7.22,4.13,2005,6,0,6.0,0.0
5985,6095,Bryan Randall,QB,Virginia Tech,225,4.71,33.0,0.0,113.0,6.97,4.08,2005,6,0,6.0,0.0
5986,6096,Dave Rayner,K,Michigan State,210,5.0,0.0,0.0,0.0,0.0,0.0,2005,6,2,6.166666667,0.0
5987,6097,Jamaica Rector,WR,Northwest Missouri State,186,4.47,36.5,0.0,122.0,6.78,4.13,2005,5,10,5.833333333,0.0
5988,6098,Lamont Reid,CB,North Carolina State,195,4.53,40.5,15.0,124.0,7.18,4.28,2005,5,11,5.916666667,0.0
5989,6099,Walter Reyes,RB,Syracuse,209,4.52,32.0,16.0,109.0,7.23,4.38,2005,5,10,5.833333333,0.0
5990,6100,Joe Rheem,K,Kansas State,217,0.0,0.0,0.0,0.0,0.0,0.0,2005,6,0,6.0,0.0
5991,6101,Kerry Rhodes,S,Louisville,209,4.56,42.0,12.0,123.0,6.94,4.12,2005,6,2,6.166666667,0.0
5992,6102,Ryan Riddle,DE,California,256,4.83,0.0,18.0,0.0,0.0,0.0,2005,6,2,6.166666667,0.0
5993,6103,Dante' Ridgeway,WR,Ball State,212,4.57,33.0,0.0,117.0,7.25,4.39,2005,5,11,5.916666667,0.0
5994,6104,Chris Rix,QB,Florida State,214,4.7,33.5,0.0,116.0,7.53,4.53,2005,6,2,6.166666667,0.0
5995,6105,Leon Robinson,OG,Georgia Tech,314,5.22,36.0,22.0,109.0,8.27,4.76,2005,6,4,6.333333333,0.0
5996,6106,Derreck Robinson,DT,Iowa,289,0.0,34.5,27.0,114.0,7.97,4.53,2005,6,4,6.333333333,0.0
5997,6107,Courtney Roby,WR,Indiana,189,4.41,36.5,0.0,126.0,6.6,3.94,2005,6,0,6.0,0.0
5998,6108,Aaron Rodgers,QB,California,223,4.71,34.5,0.0,110.0,7.38,0.0,2005,6,2,6.166666667,0.0
5999,6109,Carlos Rogers,CB,Auburn,196,4.44,40.5,15.0,126.0,6.48,3.82,2005,6,0,6.0,0.0
6000,6110,Antrel Rolle,CB,Miami (FL),201,4.48,0.0,15.0,0.0,0.0,0.0,2005,6,0,6.0,0.0
6001,6111,Michael Roos,OT,East. Washington,320,5.3,29.0,19.0,97.0,7.72,4.5,2005,6,7,6.583333333,0.0
6002,6112,Matt Roth,DE,Iowa,278,4.81,32.0,26.0,112.0,7.65,4.36,2005,6,4,6.333333333,0.0
6003,6113,Stanford Routt,CB,Houston,193,4.27,36.5,0.0,129.0,6.63,3.9,2005,6,1,6.083333333,0.0
6004,6114,J.R. Russell,WR,Louisville,206,4.56,34.5,0.0,0.0,0.0,0.0,2005,6,3,6.25,0.0
6005,6115,Barrett Ruud,ILB,Nebraska,241,4.75,34.5,25.0,112.0,7.22,3.94,2005,6,2,6.166666667,0.0
6006,6116,Steve Savoy,WR,Utah,192,4.62,0.0,0.0,0.0,0.0,0.0,2005,5,11,5.916666667,0.0
6007,6117,Bo Scaife,TE,Texas,249,4.75,32.5,24.0,114.0,7.21,4.12,2005,6,3,6.25,0.0
6008,6118,Gerald Sensabaugh,S,North Carolina,214,4.44,46.0,17.0,133.0,0.0,0.0,2005,6,0,6.0,0.0
6009,6119,Adam Seward,ILB,UNLV,248,4.6,36.5,33.0,120.0,7.16,4.11,2005,6,2,6.166666667,0.0
6010,6120,Ernest Shazor,S,Michigan,228,4.65,0.0,0.0,0.0,0.0,0.0,2005,6,4,6.333333333,0.0
6011,6121,Dan Sheldon,WR,Northern Illinois,179,4.43,0.0,0.0,0.0,0.0,0.0,2005,5,9,5.75,0.0
6012,6122,Eric Shelton,RB,Louisville,246,4.53,38.5,0.0,124.0,7.44,4.08,2005,6,1,6.083333333,0.0
6013,6123,Darrell Shropshire,DT,South Carolina,301,4.87,34.0,25.0,116.0,7.54,4.31,2005,6,2,6.166666667,0.0
6014,6124,Wes Sims,OT,Oklahoma,318,5.39,28.0,26.0,108.0,7.68,4.43,2005,6,5,6.416666667,0.0
6015,6125,Alex Smith,TE,Stanford,258,4.88,0.0,28.0,0.0,0.0,0.0,2005,6,4,6.333333333,0.0
6016,6126,Alex Smith,QB,Utah,217,4.71,32.0,0.0,113.0,6.82,3.96,2005,6,4,6.333333333,0.0
6017,6127,Adam Snyder,OG,Oregon,316,5.34,28.5,21.0,93.0,7.83,4.83,2005,6,5,6.416666667,0.0
6018,6128,Marcus Spears,DE,LSU,307,5.05,0.0,0.0,0.0,0.0,0.0,2005,6,4,6.333333333,0.0
6019,6129,Chris Spencer,C,Mississippi,309,5.21,32.0,26.0,105.0,8.06,4.59,2005,6,3,6.25,0.0
6020,6130,Darren Sproles,RB,Kansas State,187,4.47,33.0,23.0,105.0,6.96,3.96,2005,5,6,5.5,0.0
6021,6131,Scott Starks,CB,Wisconsin,172,4.37,43.0,13.0,137.0,6.99,3.9,2005,5,8,5.666666667,0.0
6022,6132,Nick Steitz,OG,Oregon,312,5.7,31.0,0.0,99.0,8.16,4.65,2005,6,3,6.25,0.0
6023,6133,David Stewart,OT,Mississippi State,314,5.25,0.0,24.0,0.0,0.0,0.0,2005,6,6,6.5,0.0
6024,6134,Chauncey Stovall,WR,Florida State,221,4.62,0.0,0.0,0.0,0.0,0.0,2005,6,1,6.083333333,0.0
6025,6135,Bill Swancutt,DE,Oregon State,270,5.0,34.0,23.0,113.0,7.35,4.24,2005,6,4,6.333333333,0.0
6026,6136,Lofa Tatupu,ILB,USC,238,4.83,35.0,23.0,113.0,7.31,4.16,2005,6,0,6.0,0.0
6027,6137,Claude Terrell,OG,New Mexico,343,5.42,24.5,27.0,89.0,8.17,4.75,2005,6,2,6.166666667,0.0
6028,6138,Adam Terry,OT,Syracuse,330,5.4,28.0,0.0,96.0,7.89,4.78,2005,6,8,6.666666667,0.0
6029,6139,Benard Thomas,DE,Nebraska,269,4.9,30.0,27.0,108.0,8.24,4.34,2005,6,4,6.333333333,0.0
6030,6140,Craphonso Thorpe,WR,Florida State,188,4.38,0.0,0.0,0.0,0.0,0.0,2005,6,1,6.083333333,0.0
6031,6141,Odell Thurman,ILB,Georgia,233,4.62,34.0,23.0,114.0,7.47,0.0,2005,6,0,6.0,0.0
6032,6142,Justin Tuck,DE,Notre Dame,268,4.71,0.0,0.0,0.0,0.0,0.0,2005,6,5,6.416666667,0.0
6033,6144,Zach Tuiasosopo,FB,Washington,249,5.0,25.5,19.0,100.0,7.57,4.67,2005,6,2,6.166666667,0.0
6034,6145,Marviel Underwood,S,San Diego State,205,4.45,38.0,19.0,118.0,7.12,4.21,2005,5,10,5.833333333,0.0
6035,6146,Jimmy Verdon,DE,Arizona State,280,5.02,29.5,18.0,105.0,7.89,4.53,2005,6,3,6.25,0.0
6036,6147,Kevin Vickerson,DT,Michigan State,310,5.0,32.5,0.0,103.0,7.78,4.64,2005,6,5,6.416666667,0.0
6037,6148,Cameron Wake,OLB,Penn State,236,4.65,45.5,20.0,130.0,7.12,4.11,2005,6,3,6.25,0.0
6038,6149,Rian Wallace,OLB,Temple,241,4.73,35.5,10.0,112.0,7.45,3.94,2005,6,2,6.166666667,0.0
6039,6150,Andrew Walter,QB,Arizona State,233,4.86,0.0,0.0,0.0,0.0,0.0,2005,6,6,6.5,0.0
6040,6151,DeMarcus Ware,OLB,Troy,251,4.56,38.5,27.0,122.0,6.83,4.07,2005,6,4,6.333333333,0.0
6041,6152,Paris Warren,WR,Utah,219,4.71,31.5,0.0,0.0,0.0,0.0,2005,6,0,6.0,0.0
6042,6153,Fabian Washington,CB,Nebraska,188,4.29,41.5,18.0,129.0,0.0,3.91,2005,5,10,5.833333333,0.0
6043,6154,Mike Watson,OT,West Virginia,316,5.46,27.5,0.0,100.0,0.0,0.0,2005,6,4,6.333333333,0.0
6044,6155,Corey Webster,CB,LSU,199,4.5,0.0,9.0,0.0,0.0,0.0,2005,6,0,6.0,0.0
6045,6156,Marquis Weeks,S,Virginia,216,4.56,36.5,23.0,120.0,7.46,3.89,2005,5,10,5.833333333,0.0
6046,6157,Jonathan Welsh,OLB,Wisconsin,244,4.61,40.5,19.0,130.0,7.83,4.22,2005,6,3,6.25,0.0
6047,6158,Isaac West,WR,Furman,187,4.46,37.0,0.0,124.0,7.21,4.22,2005,6,0,6.0,0.0
6048,6159,Jason White,QB,Oklahoma,223,4.9,31.0,0.0,108.0,7.28,4.19,2005,6,2,6.166666667,0.0
6049,6160,Manuel White,FB,UCLA,244,4.64,0.0,0.0,0.0,0.0,0.0,2005,6,2,6.166666667,0.0
6050,6161,Roddy White,WR,Ala-Birmingham,207,4.46,0.0,0.0,0.0,0.0,0.0,2005,6,1,6.083333333,0.0
6051,6162,Sam Wilder,OT,Colorado,298,5.31,26.5,23.0,102.0,7.43,4.5,2005,6,5,6.416666667,0.0
6052,6163,Ben Wilkerson,C,LSU,299,5.46,0.0,0.0,0.0,0.0,0.0,2005,6,3,6.25,0.0
6053,6164,Aric Williams,CB,Oregon State,187,4.58,36.0,8.0,117.0,0.0,0.0,2005,5,11,5.916666667,0.0
6054,6165,Cedrick Williams,CB,Kansas State,168,4.5,35.0,13.0,121.0,7.24,4.22,2005,5,10,5.833333333,0.0
6055,6166,Cadillac Williams,RB,Auburn,217,4.43,35.5,19.0,118.0,6.94,4.15,2005,5,11,5.916666667,0.0
6056,6167,Darrent Williams,CB,Oklahoma State,176,4.3,39.0,16.0,124.0,6.97,3.96,2005,5,9,5.75,0.0
6057,6168,Mike Williams,WR,USC,229,4.56,36.5,0.0,0.0,0.0,0.0,2005,6,5,6.416666667,0.0
6058,6169,Troy Williamson,WR,South Carolina,203,4.32,0.0,0.0,0.0,6.99,0.0,2005,6,1,6.083333333,0.0
6059,6170,Ray Willis,OT,Florida State,327,5.18,0.0,27.0,0.0,0.0,0.0,2005,6,6,6.5,0.0
6060,6171,Stanley Wilson,CB,Stanford,185,4.36,39.5,14.0,125.0,0.0,0.0,2005,6,0,6.0,0.0
6061,6172,Jerron Wishom,CB,Louisiana Tech,193,4.5,38.0,18.0,118.0,6.81,4.07,2005,6,0,6.0,0.0
6062,6173,Cornelius Wortham,OLB,Alabama,236,4.71,37.0,22.0,110.0,0.0,4.38,2005,6,1,6.083333333,0.0
6063,6174,Scott Young,OG,BYU,312,5.08,35.0,43.0,115.0,7.46,4.37,2005,6,4,6.333333333,0.0
6064,6175,Derek Abney,WR,Kentucky,179,4.58,33.5,0.0,120.0,6.89,4.08,2004,5,9,5.75,0.0
6065,6176,Nathaniel Adibi,DE,Virginia Tech,254,4.65,33.0,0.0,118.0,0.0,4.36,2004,6,3,6.25,0.0
6066,6177,Roc Alexander,CB,Washington,185,4.35,39.5,0.0,125.0,6.97,4.23,2004,5,11,5.916666667,0.0
6067,6178,Rich Alexis,RB,Washington,210,4.64,32.0,0.0,114.0,7.41,4.43,2004,6,0,6.0,0.0
6068,6179,Jared Allen,DE,Idaho State,265,4.72,33.0,13.0,120.0,7.11,4.34,2004,6,6,6.5,0.0
6069,6180,Will Allen,S,Ohio State,202,4.58,0.0,0.0,0.0,0.0,0.0,2004,6,0,6.0,0.0
6070,6181,Marcell Allmond,CB,USC,209,4.59,38.0,21.0,123.0,7.37,4.34,2004,6,0,6.0,0.0
6071,6182,Courtney Anderson,TE,San Jose State,269,4.89,30.0,17.0,106.0,7.86,4.45,2004,6,6,6.5,0.0
6072,6183,Tim Anderson,DT,Ohio State,307,5.01,0.0,0.0,0.0,0.0,0.0,2004,6,3,6.25,0.0
6073,6184,Shawn Andrews,OT,Arkansas,366,5.49,25.0,27.0,98.0,8.25,4.85,2004,6,4,6.333333333,0.0
6074,6185,Stacy Andrews,OT,Mississippi,342,5.07,30.5,34.0,106.0,8.09,4.78,2004,6,6,6.5,0.0
6075,6186,Matthias Askew,DT,Michigan State,308,5.2,27.0,20.0,101.0,7.55,4.42,2004,6,5,6.416666667,0.0
6076,6187,Jason Babin,DE,West. Michigan,260,4.62,34.0,28.0,121.0,7.03,4.14,2004,6,3,6.25,0.0
6077,6188,Rashad Baker,S,Tennessee,204,4.5,36.0,21.0,117.0,7.19,4.12,2004,5,10,5.833333333,0.0
6078,6189,Dave Ball,DE,UCLA,277,5.07,0.0,24.0,0.0,0.0,0.0,2004,6,5,6.416666667,0.0
6079,6190,Kevin Beard,WR,Miami (FL),180,4.46,31.0,0.0,113.0,0.0,0.0,2004,6,0,6.0,0.0
6080,6191,Jacob Bell,OG,Miami (OH),302,5.22,0.0,26.0,0.0,0.0,0.0,2004,6,5,6.416666667,0.0
6081,6192,Tatum Bell,RB,Oklahoma State,212,4.37,38.5,25.0,117.0,0.0,0.0,2004,5,11,5.916666667,0.0
6082,6193,Bernard Berrian,WR,Fresno State,183,4.58,38.0,0.0,128.0,7.34,4.18,2004,6,1,6.083333333,0.0
6083,6194,Ryon Bingham,DT,Nebraska,303,5.09,30.0,33.0,109.0,7.44,4.38,2004,6,3,6.25,0.0
6084,6195,Bobby Blizzard,TE,North Carolina,266,4.89,0.0,12.0,102.0,0.0,0.0,2004,6,4,6.333333333,0.0
6085,6196,Colby Bockwoldt,OLB,BYU,230,4.6,34.0,14.0,112.0,7.12,4.05,2004,6,2,6.166666667,0.0
6086,6197,Ryan Boschetti,DT,UCLA,306,5.06,29.5,0.0,110.0,7.41,4.27,2004,6,4,6.333333333,0.0
6087,6198,Michael Boulware,OLB,Florida State,225,4.5,0.0,0.0,0.0,6.89,3.92,2004,6,2,6.166666667,0.0
6088,6199,Jon Bradley,DT,Arkansas State,306,5.09,26.5,19.0,104.0,7.88,4.85,2004,6,1,6.083333333,0.0
6089,6200,Greg Brooks,CB,Southern Miss,177,4.45,0.0,0.0,0.0,0.0,0.0,2004,5,11,5.916666667,0.0
6090,6201,Maurice Brown,WR,Iowa,219,4.56,33.0,0.0,117.0,7.38,4.21,2004,6,0,6.0,0.0
6091,6202,Rufus Brown,CB,Florida State,187,4.43,33.0,15.0,124.0,7.24,4.44,2004,5,9,5.75,0.0
6092,6203,Tony Bua,S,Arkansas,209,4.67,36.0,15.0,120.0,6.75,4.08,2004,5,11,5.916666667,0.0
6093,6204,Sean Bubin,OT,Illinois,306,5.32,24.5,25.0,97.0,7.66,4.76,2004,6,6,6.5,0.0
6094,6205,Josh Buhl,OLB,Kansas State,204,4.73,29.0,0.0,114.0,7.26,4.32,2004,5,11,5.916666667,0.0
6095,6206,Kelly Butler,OT,Purdue,320,5.11,30.5,0.0,105.0,7.96,4.92,2004,6,7,6.583333333,0.0
6096,6207,Darrell Campbell,DT,Notre Dame,302,5.18,33.0,25.0,111.0,7.63,4.66,2004,6,4,6.333333333,0.0
6097,6208,Dietrich Canterberry,DT,UNLV,308,5.35,0.0,26.0,0.0,0.0,0.0,2004,6,3,6.25,0.0
6098,6209,Vernon Carey,OG,Miami (FL),335,5.33,0.0,30.0,0.0,0.0,0.0,2004,6,4,6.333333333,0.0
6099,6210,Ahmad Carroll,CB,Arkansas,195,4.34,41.0,15.0,128.0,0.0,0.0,2004,5,10,5.833333333,0.0
6100,6211,Jordan Carstens,DT,Iowa State,305,5.0,28.5,28.0,106.0,8.35,4.8,2004,6,5,6.416666667,0.0
6101,6212,Drew Carter,WR,Ohio State,204,4.36,0.0,0.0,0.0,0.0,0.0,2004,6,4,6.333333333,0.0
6102,6213,Ran Carthon,RB,Florida,224,4.51,34.5,22.0,112.0,0.0,4.12,2004,5,11,5.916666667,0.0
6103,6214,Marko Cavka,OT,Sacramento State,294,5.17,27.5,27.0,107.0,7.53,4.37,2004,6,7,6.583333333,0.0
6104,6215,Toby Cecil,C,Texas Tech,297,5.25,0.0,19.0,85.0,8.31,4.98,2004,6,4,6.333333333,0.0
6105,6216,Kirk Chambers,OT,Stanford,313,5.44,27.0,22.0,101.0,7.56,4.4,2004,6,7,6.583333333,0.0
6106,6217,Ahmad Childress,DT,Alabama,351,5.28,22.0,0.0,86.0,8.75,4.94,2004,6,6,6.5,0.0
6107,6218,Brandon Chillar,OLB,UCLA,253,4.71,33.0,23.0,115.0,0.0,4.08,2004,6,3,6.25,0.0
6108,6219,Quinn Christensen,OG,BYU,312,5.1,0.0,32.0,0.0,0.0,0.0,2004,6,6,6.5,0.0
6109,6220,Tyson Clabo,OG,Wake Forest,315,5.51,30.0,24.0,100.0,8.09,4.88,2004,6,7,6.583333333,0.0
6110,6221,Adrien Clarke,OG,Ohio State,329,5.52,26.0,0.0,102.0,7.9,4.74,2004,6,5,6.416666667,0.0
6111,6222,Casey Clausen,QB,Tennessee,223,4.95,0.0,0.0,0.0,0.0,0.0,2004,6,3,6.25,0.0
6112,6223,Jared Clauss,DT,Iowa,294,4.95,0.0,23.0,0.0,0.0,0.0,2004,6,5,6.416666667,0.0
6113,6224,Michael Clayton,WR,LSU,209,4.67,32.5,0.0,116.0,6.77,4.09,2004,6,3,6.25,0.0
6114,6226,Cedric Cobbs,RB,Arkansas,223,4.75,40.0,0.0,123.0,0.0,0.0,2004,6,0,6.0,0.0
6115,6227,Cols Colas,OLB,Virginia Tech,233,4.58,34.5,22.0,118.0,0.0,0.0,2004,6,0,6.0,0.0
6116,6228,Keary Colbert,WR,USC,207,4.6,30.0,0.0,0.0,0.0,0.0,2004,6,1,6.083333333,0.0
6117,6229,Ricardo Colclough,CB,Tusculum,194,4.49,39.5,8.0,127.0,0.0,0.0,2004,5,11,5.916666667,0.0
6118,6230,Erik Coleman,S,Washington State,200,4.64,35.5,16.0,117.0,7.03,4.14,2004,5,10,5.833333333,0.0
6119,6231,Chris Collins,WR,Mississippi,201,4.69,35.0,0.0,112.0,0.0,0.0,2004,6,1,6.083333333,0.0
6120,6232,Chris Cooley,TE,Utah State,265,4.87,33.0,22.0,115.0,7.21,4.19,2004,6,3,6.25,0.0
6121,6233,Marquis Cooper,OLB,Washington,223,4.55,36.5,25.0,121.0,7.02,4.12,2004,6,3,6.25,0.0
6122,6234,Terrance Copper,WR,East Carolina,208,4.53,35.5,0.0,116.0,7.34,4.31,2004,6,0,6.0,0.0
6123,6235,Jorge Cordova,ILB,Nevada,241,4.65,35.5,22.0,0.0,7.25,4.16,2004,6,1,6.083333333,0.0
6124,6236,Jerricho Cotchery,WR,North Carolina State,212,4.54,36.0,0.0,121.0,6.93,3.91,2004,6,0,6.0,0.0
6125,6237,Regis Crawford,OG,Arizona State,316,6.05,0.0,0.0,0.0,8.03,4.86,2004,6,2,6.166666667,0.0
6126,6238,Duron Croson,RB,Fort Valley State,226,4.83,30.5,14.0,108.0,0.0,0.0,2004,6,1,6.083333333,0.0
6127,6239,Kentrell Curry,S,Georgia,201,4.6,34.5,17.0,127.0,0.0,0.0,2004,6,1,6.083333333,0.0
6128,6240,Lane Danielson,WR,Iowa State,197,4.6,31.0,0.0,117.0,6.72,3.94,2004,6,0,6.0,0.0
6129,6241,Karlos Dansby,OLB,Auburn,251,4.58,0.0,0.0,0.0,0.0,0.0,2004,6,3,6.25,0.0
6130,6242,Trey Darilek,OG,Texas-El Paso,301,5.23,28.5,22.0,110.0,7.85,4.61,2004,6,4,6.333333333,0.0
6131,6243,Devard Darling,WR,Washington State,213,4.52,37.0,0.0,129.0,0.0,0.0,2004,6,1,6.083333333,0.0
6132,6244,Josh Davis,RB,Nebraska,200,4.54,33.5,13.0,112.0,7.27,4.07,2004,5,10,5.833333333,0.0
6133,6245,Rod Davis,ILB,Southern Miss,239,4.76,0.0,0.0,114.0,7.2,4.02,2004,6,2,6.166666667,0.0
6134,6246,Curtis DeLoatch,CB,North Carolina A&T,214,4.5,35.5,10.0,120.0,6.97,4.42,2004,6,2,6.166666667,0.0
6135,6247,Mondre Dickerson,DT,Tennessee,316,5.12,27.0,29.0,106.0,8.34,0.0,2004,6,4,6.333333333,0.0
6136,6248,Daryl Dixon,S,Florida,195,4.77,35.5,15.0,118.0,0.0,0.0,2004,5,10,5.833333333,0.0
6137,6249,Darnell Dockett,DT,Florida State,297,5.0,31.0,26.0,105.0,0.0,0.0,2004,6,3,6.25,0.0
6138,6250,Nat Dorsey,OT,Georgia Tech,322,5.46,28.5,26.0,102.0,8.3,4.84,2004,6,7,6.583333333,0.0
6139,6251,Khiawatha Downey,OG,Indiana (PA),332,5.5,26.5,21.0,98.0,8.01,4.82,2004,6,4,6.333333333,0.0
6140,6252,Vontez Duff,CB,Notre Dame,203,4.53,35.0,13.0,120.0,6.94,4.03,2004,5,11,5.916666667,0.0
6141,6253,Jeff Dugan,TE,Maryland,263,5.0,28.0,21.0,109.0,7.4,4.32,2004,6,4,6.333333333,0.0
6142,6254,Glenn Earl,S,Notre Dame,222,4.65,0.0,20.0,0.0,0.0,0.0,2004,6,1,6.083333333,0.0
6143,6255,Adimchinobi Echemandu,RB,California,226,4.58,0.0,15.0,0.0,0.0,0.0,2004,5,11,5.916666667,0.0
6144,6256,Dwan Edwards,DT,Oregon State,313,5.12,28.0,25.0,105.0,7.59,4.68,2004,6,3,6.25,0.0
6145,6257,Deandre' Eiland,S,South Carolina,202,4.53,35.0,17.0,113.0,7.19,4.27,2004,5,11,5.916666667,0.0
6146,6258,Kevin Emanuel,DE,Florida State,251,4.84,31.0,21.0,108.0,7.86,4.49,2004,6,4,6.333333333,0.0
6147,6259,Tim Euhus,TE,Oregon State,260,4.93,34.5,25.0,115.0,6.99,4.13,2004,6,5,6.416666667,0.0
6148,6260,Lee Evans,WR,Wisconsin,197,4.39,34.5,0.0,120.0,0.0,0.0,2004,5,11,5.916666667,0.0
6149,6261,Brandon Everage,S,Oklahoma,194,4.55,0.0,0.0,0.0,0.0,0.0,2004,6,0,6.0,0.0
6150,6262,Clarence Farmer,RB,Arizona,231,4.68,34.5,25.0,120.0,7.44,4.25,2004,6,0,6.0,0.0
6151,6263,Jason Fife,QB,Oregon,226,4.83,30.5,0.0,113.0,7.28,4.18,2004,6,4,6.333333333,0.0
6152,6264,Larry Fitzgerald,WR,Pittsburgh,225,4.48,0.0,0.0,0.0,0.0,0.0,2004,6,3,6.25,0.0
6153,6265,Troy Fleming,FB,Tennessee,230,4.62,32.0,0.0,120.0,6.94,3.91,2004,6,0,6.0,0.0
6154,6266,J.P. Foschi,TE,Georgia Tech,266,5.0,30.5,24.0,111.0,7.49,4.35,2004,6,4,6.333333333,0.0
6155,6267,Ryan Fowler,ILB,Duke,250,4.8,37.5,35.0,118.0,7.19,4.19,2004,6,3,6.25,0.0
6156,6268,Keyaron Fox,OLB,Georgia Tech,227,4.65,0.0,28.0,0.0,0.0,0.0,2004,6,2,6.166666667,0.0
6157,6269,Carlos Francis,WR,Texas Tech,198,4.33,38.5,0.0,114.0,6.97,4.06,2004,5,9,5.75,0.0
6158,6270,Michael Gaines,TE,Central Florida,275,5.06,33.0,18.0,109.0,7.44,4.18,2004,6,2,6.166666667,0.0
6159,6271,Robert Gallery,OT,Iowa,323,4.98,30.0,24.0,105.0,7.42,4.38,2004,6,7,6.583333333,0.0
6160,6272,Chris Gamble,CB,Ohio State,198,4.52,0.0,0.0,0.0,0.0,0.0,2004,6,1,6.083333333,0.0
6161,6273,Gilbert Gardner,OLB,Purdue,229,4.65,0.0,0.0,0.0,0.0,0.0,2004,6,1,6.083333333,0.0
6162,6274,Rich Gardner,CB,Penn State,199,4.46,36.5,11.0,123.0,6.91,3.91,2004,5,11,5.916666667,0.0
6163,6275,Robert Geathers,DE,Georgia,271,4.84,33.5,24.0,112.0,0.0,0.0,2004,6,3,6.25,0.0
6164,6277,Ronnie Ghent,TE,Louisville,248,5.02,27.5,11.0,103.0,7.47,4.5,2004,6,2,6.166666667,0.0
6165,6278,Roderick Green,DE,Central Missouri State,245,4.7,34.5,21.0,129.0,7.26,4.04,2004,6,2,6.166666667,0.0
6166,6279,Jabari Greer,CB,Tennessee,178,4.5,36.5,7.0,126.0,0.0,0.0,2004,5,10,5.833333333,0.0
6167,6280,Jake Grove,C,Virginia Tech,303,5.16,0.0,31.0,0.0,0.0,0.0,2004,6,3,6.25,0.0
6168,6281,D.J. Hackett,WR,Colorado,199,4.53,41.0,0.0,131.0,6.79,4.08,2004,6,2,6.166666667,0.0
6169,6282,Rex Hadnot,C,Houston,323,5.5,24.5,27.0,91.0,7.94,4.66,2004,6,2,6.166666667,0.0
6170,6283,Antonio Hall,OG,Kentucky,317,5.54,26.5,27.0,101.0,8.12,4.55,2004,6,3,6.25,0.0
6171,6284,DeAngelo Hall,CB,Virginia Tech,202,4.34,0.0,0.0,0.0,0.0,0.0,2004,5,10,5.833333333,0.0
6172,6285,Derrick Hamilton,WR,Clemson,196,4.54,0.0,0.0,0.0,0.0,0.0,2004,6,3,6.25,0.0
6173,6286,Nick Hardwick,C,Purdue,295,5.2,34.0,27.0,108.0,7.72,4.55,2004,6,3,6.25,0.0
6174,6287,Jonathan Harrell,OLB,New Mexico,242,4.73,0.0,27.0,0.0,0.0,0.0,2004,6,1,6.083333333,0.0
6175,6288,Claude Harriott,DE,Pittsburgh,252,4.69,30.5,25.0,118.0,7.44,4.25,2004,6,4,6.333333333,0.0
6176,6289,Tommie Harris,DT,Oklahoma,295,4.78,0.0,29.0,0.0,0.0,0.0,2004,6,2,6.166666667,0.0
6177,6290,Josh Harris,QB,Bowling Green,238,4.78,31.0,0.0,115.0,0.0,0.0,2004,6,1,6.083333333,0.0
6178,6291,Ben Hartsock,TE,Ohio State,263,4.8,35.0,23.0,117.0,7.1,3.98,2004,6,4,6.333333333,0.0
6179,6292,Joseph Hayes,OG,San Jose State,311,5.67,23.0,18.0,94.0,8.25,5.12,2004,6,4,6.333333333,0.0
6180,6293,Devery Henderson,WR,LSU,198,4.41,0.0,0.0,0.0,0.0,0.0,2004,5,11,5.916666667,0.0
6181,6294,Anthony Herrera,OG,Tennessee,315,5.2,0.0,0.0,0.0,0.0,0.0,2004,6,2,6.166666667,0.0
6182,6295,Bryan Hickman,OLB,Kansas State,231,4.68,32.5,26.0,106.0,7.38,4.0,2004,6,0,6.0,0.0
6183,6296,Marquise Hill,DE,LSU,305,5.12,29.0,23.0,106.0,0.0,0.0,2004,6,7,6.583333333,0.0
6184,6297,Cedric Hilliard,DT,Notre Dame,307,5.17,29.0,26.0,110.0,8.22,4.75,2004,6,1,6.083333333,0.0
6185,6298,Isaac Hilton,DE,Kansas State,267,4.57,36.5,31.0,123.0,7.99,4.48,2004,6,3,6.25,0.0
6186,6299,T.J. Hollowell,OLB,Nebraska,235,4.64,33.5,0.0,117.0,7.14,4.09,2004,6,0,6.0,0.0
6187,6300,Von Hutchins,CB,Mississippi,185,4.46,34.5,11.0,115.0,7.05,4.06,2004,5,10,5.833333333,0.0
6188,6301,Scott Jackson,C,BYU,300,4.98,30.5,28.0,105.0,7.84,4.52,2004,6,4,6.333333333,0.0
6189,6302,Steven Jackson,RB,Oregon State,241,4.55,0.0,0.0,0.0,0.0,0.0,2004,6,1,6.083333333,0.0
6190,6303,Justin Jenkins,WR,Mississippi State,213,4.6,35.0,0.0,123.0,7.47,4.16,2004,5,11,5.916666667,0.0
6191,6304,Michael Jenkins,WR,Ohio State,218,4.4,0.0,0.0,0.0,0.0,0.0,2004,6,4,6.333333333,0.0
6192,6305,Leon Joe,OLB,Maryland,230,4.49,39.0,30.0,0.0,0.0,0.0,2004,6,0,6.0,0.0
6193,6306,Tony Johnson,WR,Penn State,202,4.61,32.5,0.0,118.0,7.16,4.16,2004,5,11,5.916666667,0.0
6194,6307,B.J. Johnson,WR,Texas,207,4.5,0.0,0.0,0.0,0.0,0.0,2004,5,11,5.916666667,0.0
6195,6308,Landon Johnson,OLB,Purdue,227,4.65,37.5,20.0,120.0,7.0,4.08,2004,6,2,6.166666667,0.0
6196,6309,Spencer Johnson,DT,Auburn,286,5.06,30.0,19.0,111.0,7.78,4.53,2004,6,3,6.25,0.0
6197,6310,Tank Johnson,DT,Washington,304,4.69,34.0,31.0,114.0,7.56,4.6,2004,6,3,6.25,0.0
6198,6311,Trevor Johnson,DE,Nebraska,260,4.8,35.5,23.0,110.0,7.06,4.08,2004,6,5,6.416666667,0.0
6199,6312,Shawn Johnson,DE,Pittsburgh,269,4.87,0.0,0.0,0.0,0.0,0.0,2004,6,4,6.333333333,0.0
6200,6313,Maurice Jones,OLB,South Florida,249,4.71,35.5,26.0,118.0,7.16,4.21,2004,6,1,6.083333333,0.0
6201,6314,Adrian Jones,OT,Kansas,296,4.97,31.0,27.0,114.0,7.81,4.58,2004,6,4,6.333333333,0.0
6202,6315,Donnie Jones,P,LSU,222,4.88,0.0,0.0,0.0,0.0,0.0,2004,6,3,6.25,0.0
6203,6316,Greg Jones,RB,Florida State,249,4.55,0.0,0.0,0.0,0.0,0.0,2004,6,1,6.083333333,0.0
6204,6317,Julius Jones,RB,Notre Dame,217,4.47,37.5,0.0,121.0,6.97,4.12,2004,5,10,5.833333333,0.0
6205,6318,Kevin Jones,RB,Virginia Tech,227,4.38,38.0,0.0,120.0,0.0,0.0,2004,6,0,6.0,0.0
6206,6319,Sean Jones,S,Georgia,218,4.63,36.5,0.0,122.0,7.19,0.0,2004,6,1,6.083333333,0.0
6207,6320,Randy Jordan,CB,Kansas State,178,4.59,33.5,0.0,115.0,7.34,4.21,2004,6,1,6.083333333,0.0
6208,6321,Carlos Joseph,OT,Miami (FL),345,5.33,0.0,29.0,0.0,0.0,0.0,2004,6,6,6.5,0.0
6209,6322,Nate Kaeding,K,Iowa,187,4.95,0.0,0.0,0.0,0.0,0.0,2004,6,0,6.0,0.0
6210,6323,Mike Karney,FB,Arizona State,254,5.02,30.0,25.0,103.0,0.0,0.0,2004,5,11,5.916666667,0.0
6211,6324,Tommy Kelly,DE,Mississippi State,294,4.87,25.0,24.0,105.0,7.79,4.45,2004,6,6,6.5,0.0
6212,6325,Robert Kent,QB,Jackson State,222,4.87,26.5,0.0,110.0,7.69,4.22,2004,6,4,6.333333333,0.0
6213,6326,Kelvin Kight,WR,Florida,213,4.56,34.0,0.0,109.0,7.18,4.24,2004,6,0,6.0,0.0
6214,6328,David Kimball,K,Penn State,209,4.88,0.0,0.0,0.0,0.0,0.0,2004,6,1,6.083333333,0.0
6215,6329,Derrick Knight,RB,Boston Col.,209,4.71,31.5,16.0,108.0,0.0,0.0,2004,5,9,5.75,0.0
6216,6330,Niko Koutouvides,ILB,Purdue,244,4.71,30.5,0.0,108.0,6.98,3.88,2004,6,2,6.166666667,0.0
6217,6331,Ryan Krause,WR,Nebraska-Omaha,244,4.6,33.5,18.0,119.0,6.78,4.16,2004,6,2,6.166666667,0.0
6218,6332,Craig Krenzel,QB,Ohio State,228,4.84,28.0,0.0,112.0,7.22,4.08,2004,6,3,6.25,0.0
6219,6333,Travis Laboy,DE,Hawaii,263,4.69,35.5,35.0,126.0,7.01,4.07,2004,6,3,6.25,0.0
6220,6334,Kyle Larson,P,Nebraska,204,4.86,0.0,0.0,0.0,0.0,0.0,2004,6,1,6.083333333,0.0
6221,6335,Chad Lavalais,DT,LSU,303,5.09,0.0,0.0,0.0,0.0,0.0,2004,6,1,6.083333333,0.0
6222,6336,Nick Leckey,C,Kansas State,290,5.26,27.0,18.0,97.0,7.71,4.47,2004,6,3,6.25,0.0
6223,6337,Andy Lee,P,Pittsburgh,207,5.0,0.0,0.0,0.0,0.0,0.0,2004,6,1,6.083333333,0.0
6224,6338,Teddy Lehman,OLB,Oklahoma,240,4.55,34.5,26.0,113.0,6.91,4.06,2004,6,1,6.083333333,0.0
6225,6339,Rodney Leisle,DT,UCLA,309,5.15,0.0,31.0,0.0,0.0,0.0,2004,6,3,6.25,0.0
6226,6340,Brad Lekkerkerker,OT,California-Davis,317,5.36,27.5,23.0,102.0,7.94,4.71,2004,6,7,6.583333333,0.0
6227,6341,Jeremy LeSueur,CB,Michigan,197,4.53,35.0,0.0,116.0,0.0,0.0,2004,6,0,6.0,0.0
6228,6342,Alex Lewis,OLB,Wisconsin,227,4.78,34.5,25.0,121.0,7.06,4.28,2004,6,0,6.0,0.0
6229,6343,Keith Lewis,S,Oregon,204,4.6,37.0,11.0,121.0,7.28,4.07,2004,6,0,6.0,0.0
6230,6344,Sean Locklear,OG,North Carolina State,308,5.16,29.0,27.0,100.0,7.85,4.56,2004,6,4,6.333333333,0.0
6231,6345,Jared Lorenzen,QB,Kentucky,288,5.28,0.0,0.0,0.0,0.0,0.0,2004,6,3,6.25,0.0
6232,6346,J.P. Losman,QB,Tulane,224,4.73,33.0,0.0,116.0,0.0,0.0,2004,6,2,6.166666667,0.0
6233,6347,Triandos Luke,WR,Alabama,199,4.51,38.0,0.0,124.0,7.06,4.17,2004,5,11,5.916666667,0.0
6234,6348,Maurice Mann,WR,Nevada,191,4.57,34.0,0.0,118.0,0.0,0.0,2004,6,1,6.083333333,0.0
6235,6349,Tim Manning,WR,Jackson State,179,4.59,28.5,0.0,111.0,7.24,4.27,2004,5,11,5.916666667,0.0
6236,6350,Eli Manning,QB,Mississippi,221,4.9,0.0,0.0,0.0,0.0,0.0,2004,6,5,6.416666667,0.0
6237,6351,Matt Mauck,QB,LSU,228,4.79,0.0,0.0,0.0,0.0,0.0,2004,6,2,6.166666667,0.0
6238,6352,Luke McCown,QB,Louisiana Tech,208,4.71,37.5,0.0,125.0,6.74,4.21,2004,6,4,6.333333333,0.0
6239,6353,Derek McCoy,WR,Colorado,210,4.73,38.0,0.0,128.0,7.1,4.09,2004,6,3,6.25,0.0
6240,6354,Bobby McCray,DE,Florida,255,4.62,33.5,27.0,0.0,0.0,0.0,2004,6,6,6.5,0.0
6241,6355,Dylan McFarland,OT,Montana,304,5.26,27.5,31.0,98.0,0.0,0.0,2004,6,6,6.5,0.0
6242,6356,Sean McHugh,TE,Penn State,264,4.92,29.0,18.0,115.0,7.36,4.09,2004,6,5,6.416666667,0.0
6243,6357,Jeris McIntyre,WR,Auburn,203,4.46,29.0,0.0,112.0,6.98,4.08,2004,5,11,5.916666667,0.0
6244,6358,DeMarco McNeil,DT,Auburn,310,5.32,0.0,0.0,0.0,0.0,0.0,2004,6,1,6.083333333,0.0
6245,6359,Caleb Miller,ILB,Arkansas,224,4.66,34.5,23.0,120.0,6.85,3.93,2004,6,3,6.25,0.0
6246,6360,Jim Molinaro,OT,Notre Dame,308,5.09,29.5,21.0,105.0,7.75,4.6,2004,6,6,6.5,0.0
6247,6361,Lewis Moore,OLB,Pittsburgh,234,4.68,0.0,0.0,0.0,0.0,0.0,2004,6,1,6.083333333,0.0
6248,6362,Clarence Moore,WR,Northern Arizona,211,4.55,34.0,0.0,122.0,6.84,4.16,2004,6,6,6.5,0.0
6249,6363,Mewelde Moore,RB,Tulane,209,4.65,35.0,0.0,118.0,7.05,4.12,2004,5,11,5.916666667,0.0
6250,6364,Johnnie Morant,WR,Syracuse,229,4.51,41.0,0.0,130.0,7.34,4.22,2004,6,4,6.333333333,0.0
6251,6365,John Navarre,QB,Michigan,246,5.19,26.5,0.0,100.0,7.73,4.46,2004,6,6,6.5,0.0
6252,6366,James Newson,WR,Oregon State,213,4.76,31.5,0.0,116.0,7.41,0.0,2004,6,1,6.083333333,0.0
6253,6367,Jesse Nicassio,K,East. Washington,192,0.0,0.0,0.0,0.0,0.0,0.0,2004,6,0,6.0,0.0
6254,6368,Gabe Nyenhuis,DE,Colorado,269,4.74,39.0,25.0,124.0,6.92,4.03,2004,6,3,6.25,0.0
6255,6369,Antwan Odom,DE,Alabama,274,4.71,37.0,21.0,114.0,7.3,4.44,2004,6,6,6.5,0.0
6256,6370,Shane Olivea,OT,Ohio State,302,5.29,29.0,0.0,92.0,8.25,4.71,2004,6,3,6.25,0.0
6257,6371,Igor Olshansky,DT,Oregon,315,4.96,33.5,41.0,110.0,7.61,4.41,2004,6,5,6.416666667,0.0
6258,6372,Uyi Osunde,DE,Connecticut,252,4.75,0.0,33.0,0.0,0.0,0.0,2004,6,3,6.25,0.0
6259,6373,Tony Pape,OT,Michigan,323,5.36,27.0,26.0,97.0,8.01,4.6,2004,6,6,6.5,0.0
6260,6374,Arnold Parker,S,Utah,213,4.54,35.5,18.0,120.0,6.98,4.12,2004,6,2,6.166666667,0.0
6261,6375,Samie Parker,WR,Oregon,179,4.39,36.0,0.0,0.0,0.0,0.0,2004,5,10,5.833333333,0.0
6262,6376,Josh Parrish,OT,Washington State,330,5.41,28.0,20.0,104.0,8.24,4.61,2004,6,6,6.5,0.0
6263,6377,Jarrett Payton,RB,Miami (FL),220,4.66,31.0,0.0,115.0,7.34,4.31,2004,6,0,6.0,0.0
6264,6379,Bradlee Van Pelt,QB,Colorado State,231,4.98,33.5,0.0,115.0,6.89,4.11,2004,6,2,6.166666667,0.0
6265,6380,Carlos Perez,WR,Florida,203,4.78,38.0,0.0,118.0,0.0,4.45,2004,5,11,5.916666667,0.0
6266,6381,Chris Perry,RB,Michigan,224,4.56,0.0,19.0,0.0,0.0,0.0,2004,6,0,6.0,0.0
6267,6382,Stephen Peterman,OG,LSU,312,5.46,24.5,23.0,95.0,7.87,4.68,2004,6,4,6.333333333,0.0
6268,6383,Jason Peters,TE,Arkansas,336,4.93,29.0,21.0,115.0,7.7,4.75,2004,6,4,6.333333333,0.0
6269,6384,Shaun Phillips,DE,Purdue,255,4.78,33.0,0.0,114.0,6.95,4.23,2004,6,3,6.25,0.0
6270,6385,Cody Pickett,QB,Washington,233,4.79,30.5,0.0,109.0,7.19,4.3,2004,6,3,6.25,0.0
6271,6386,Brett Pierce,TE,Stanford,250,4.95,27.0,19.0,103.0,7.13,4.37,2004,6,5,6.416666667,0.0
6272,6387,Lousaka Polite,FB,Pittsburgh,246,4.68,32.0,28.0,117.0,7.45,4.18,2004,6,0,6.0,0.0
6273,6388,Will Poole,CB,USC,194,4.47,0.0,16.0,0.0,0.0,0.0,2004,5,10,5.833333333,0.0
6274,6389,Derrick Pope,OLB,Alabama,230,4.71,0.0,24.0,106.0,0.0,0.0,2004,5,11,5.916666667,0.0
6275,6390,Kendyll Pope,OLB,Florida State,226,4.7,0.0,0.0,118.0,0.0,4.26,2004,6,1,6.083333333,0.0
6276,6391,Etric Pruitt,S,Southern Miss,197,4.57,39.5,0.0,116.0,7.15,4.0,2004,6,0,6.0,0.0
6277,6392,Chad Pugh,DT,TCU,321,5.38,25.0,19.0,98.0,8.17,4.85,2004,6,3,6.25,0.0
6278,6393,Keiwan Ratliff,CB,Florida,194,4.56,0.0,11.0,0.0,0.0,0.0,2004,5,10,5.833333333,0.0
6279,6394,Dexter Reid,S,North Carolina,203,4.56,0.0,0.0,0.0,0.0,0.0,2004,5,11,5.916666667,0.0
6280,6395,Alan Reuber,OG,Texas A&M,323,5.49,29.0,26.0,98.0,7.95,4.91,2004,6,6,6.5,0.0
6281,6396,Robert Reynolds,ILB,Ohio State,251,4.76,32.5,18.0,116.0,7.17,3.94,2004,6,3,6.25,0.0
6282,6397,Lawrence Richardson,CB,Arkansas,194,4.62,31.0,8.0,112.0,0.0,0.0,2004,5,9,5.75,0.0
6283,6398,Greg Richmond,OLB,Oklahoma State,233,4.73,0.0,17.0,0.0,0.0,0.0,2004,6,1,6.083333333,0.0
6284,6399,Brian Rimpf,OT,East Carolina,319,5.41,28.0,31.0,105.0,7.97,4.66,2004,6,6,6.5,0.0
6285,6400,Scott Rislov,QB,San Jose State,224,4.95,30.0,0.0,119.0,7.44,4.34,2004,6,1,6.083333333,0.0
6286,6401,Constantin Ritzmann,DE,Tennessee,259,4.97,29.0,24.0,108.0,7.39,4.48,2004,6,3,6.25,0.0
6287,6402,Philip Rivers,QB,North Carolina State,229,5.08,0.0,0.0,0.0,0.0,0.0,2004,6,5,6.416666667,0.0
6288,6403,Ell Roberson,QB,Kansas State,194,4.6,0.0,0.0,0.0,0.0,0.0,2004,5,11,5.916666667,0.0
6289,6404,Dunta Robinson,CB,South Carolina,186,4.34,36.0,15.0,120.0,6.97,3.75,2004,5,11,5.916666667,0.0
6290,6405,Ben Roethlisberger,QB,Miami (OH),241,4.75,0.0,0.0,0.0,0.0,0.0,2004,6,5,6.416666667,0.0
6291,6406,Jacob Rogers,OT,USC,307,5.3,0.0,30.0,0.0,0.0,0.0,2004,6,6,6.5,0.0
6292,6407,Fred Russell,RB,Iowa,195,4.5,34.0,21.0,121.0,7.09,4.3,2004,5,7,5.583333333,0.0
6293,6408,Rod Rutherford,QB,Pittsburgh,240,4.79,30.5,0.0,110.0,7.66,4.41,2004,6,2,6.166666667,0.0
6294,6409,Sean Ryan,TE,Boston Col.,268,4.97,32.5,22.0,115.0,0.0,0.0,2004,6,4,6.333333333,0.0
6295,6410,P.K. Sam,WR,Florida State,210,4.54,34.5,0.0,0.0,7.04,0.0,2004,6,3,6.25,0.0
6296,6411,Stanford Samuels,CB,Florida State,193,4.58,0.0,0.0,0.0,0.0,0.0,2004,5,10,5.833333333,0.0
6297,6412,B.J. Sander,P,Ohio State,219,4.84,0.0,0.0,0.0,0.0,0.0,2004,6,4,6.333333333,0.0
6298,6413,Bob Sanders,S,Iowa,204,4.35,41.5,15.0,128.0,6.7,3.91,2004,5,8,5.666666667,0.0
6299,6414,Matt Schaub,QB,Virginia,243,5.04,30.5,0.0,110.0,7.65,4.62,2004,6,6,6.5,0.0
6300,6415,Bo Schobel,DE,TCU,271,4.8,32.5,25.0,109.0,6.94,4.38,2004,6,5,6.416666667,0.0
6301,6416,Stuart Schweigert,S,Purdue,218,4.47,38.0,18.0,124.0,6.68,3.89,2004,6,2,6.166666667,0.0
6302,6417,Josh Scobee,K,Louisiana Tech,191,4.87,0.0,0.0,0.0,0.0,0.0,2004,6,1,6.083333333,0.0
6303,6418,Darrion Scott,DE,Ohio State,289,4.81,36.5,0.0,118.0,0.0,4.32,2004,6,3,6.25,0.0
6304,6419,Guss Scott,S,Florida,204,4.46,39.0,20.0,124.0,0.0,0.0,2004,5,10,5.833333333,0.0
6305,6420,Jake Scott,OT,Idaho,281,5.06,34.5,24.0,110.0,7.96,4.68,2004,6,5,6.416666667,0.0
6306,6421,Richard Seigler,ILB,Oregon State,244,4.86,0.0,25.0,0.0,0.0,0.0,2004,6,2,6.166666667,0.0
6307,6422,Nicholas Setta,K,Notre Dame,204,4.8,0.0,0.0,0.0,0.0,0.0,2004,5,11,5.916666667,0.0
6308,6423,Josh Sewell,C,Nebraska,301,5.06,30.0,30.0,99.0,7.53,4.24,2004,6,2,6.166666667,0.0
6309,6424,Jason Shivers,S,Arizona State,201,4.51,36.0,19.0,128.0,0.0,0.0,2004,6,0,6.0,0.0
6310,6425,Jeff Shoate,CB,San Diego State,189,4.62,36.0,12.0,121.0,7.0,3.88,2004,5,10,5.833333333,0.0
6311,6426,Andrew Shull,DE,Kansas State,265,4.9,30.5,16.0,107.0,7.46,4.28,2004,6,5,6.416666667,0.0
6312,6427,Junior Siavii,DT,Oregon,344,5.16,24.5,31.0,93.0,7.93,4.84,2004,6,4,6.333333333,0.0
6313,6428,Kurt Sigler,C,East. Washington,306,5.84,24.0,0.0,93.0,8.09,4.63,2004,6,5,6.416666667,0.0
6314,6430,Justin Smiley,OG,Alabama,298,5.07,32.0,19.0,111.0,7.72,4.41,2004,6,3,6.25,0.0
6315,6431,Antonio Smith,DE,Oklahoma State,274,5.03,33.0,24.0,108.0,0.0,4.75,2004,6,3,6.25,0.0
6316,6432,Daryl Smith,OLB,Georgia Tech,234,4.67,0.0,24.0,0.0,0.0,0.0,2004,6,2,6.166666667,0.0
6317,6433,Jonathan Smith,WR,Georgia Tech,194,4.78,32.5,0.0,114.0,0.0,4.35,2004,5,10,5.833333333,0.0
6318,6434,Keith Smith,CB,McNeese State,201,4.48,36.5,12.0,116.0,0.0,0.0,2004,5,11,5.916666667,0.0
6319,6435,Will Smith,DE,Ohio State,275,4.6,0.0,0.0,0.0,0.0,0.0,2004,6,3,6.25,0.0
6320,6436,Jeff Smoker,QB,Michigan State,223,4.95,26.5,0.0,101.0,7.65,4.36,2004,6,3,6.25,0.0
6321,6437,Chris Snee,OG,Boston Col.,314,5.1,30.5,29.0,104.0,7.75,4.66,2004,6,3,6.25,0.0
6322,6438,Shannon Snell,OG,Florida,316,5.82,25.5,21.0,93.0,8.38,4.91,2004,6,4,6.333333333,0.0
6323,6439,Isaac Sopoaga,DT,Hawaii,317,4.97,30.5,42.0,99.0,7.79,4.66,2004,6,2,6.166666667,0.0
6324,6440,Cody Spencer,ILB,North Texas,242,4.65,34.5,27.0,116.0,6.94,4.08,2004,6,2,6.166666667,0.0
6325,6441,John Standeford,WR,Purdue,197,4.6,32.5,0.0,113.0,6.9,4.08,2004,6,3,6.25,0.0
6326,6442,Max Starks,OT,Florida,350,5.56,27.5,21.0,98.0,7.88,4.65,2004,6,7,6.583333333,0.0
6327,6443,Randy Starks,DT,Maryland,314,5.08,29.5,27.0,102.0,0.0,0.0,2004,6,3,6.25,0.0
6328,6444,Kendrick Starling,WR,San Jose State,193,4.49,31.5,0.0,119.0,6.88,3.87,2004,6,1,6.083333333,0.0
6329,6445,Alex Stepanovich,C,Ohio State,304,5.29,25.5,0.0,96.0,7.64,4.44,2004,6,3,6.25,0.0
6330,6446,Larry Stevens,DE,Michigan,241,4.86,0.0,0.0,0.0,0.0,0.0,2004,6,2,6.166666667,0.0
6331,6447,Derrick Strait,CB,Oklahoma,196,4.52,0.0,0.0,0.0,0.0,0.0,2004,5,11,5.916666667,0.0
6332,6448,Drew Strojny,OT,Duke,327,5.37,29.5,0.0,99.0,7.98,4.84,2004,6,7,6.583333333,0.0
6333,6449,Billy Strother,OLB,New Mexico,241,4.68,33.0,0.0,112.0,7.41,4.15,2004,6,0,6.0,0.0
6334,6450,B.J. Symons,QB,Texas Tech,210,4.9,0.0,0.0,0.0,0.0,0.0,2004,6,0,6.0,0.0
6335,6451,Thomas Tapeh,FB,Minnesota,245,4.8,32.5,23.0,114.0,7.65,4.52,2004,6,1,6.083333333,0.0
6336,6452,Greg Taplin,DE,Michigan State,267,5.09,33.0,0.0,115.0,0.0,0.0,2004,6,5,6.416666667,0.0
6337,6453,Jamaar Taylor,WR,Texas A&M,197,4.46,0.0,0.0,0.0,0.0,0.0,2004,6,1,6.083333333,0.0
6338,6454,Sean Taylor,S,Miami (FL),230,4.51,0.0,0.0,0.0,0.0,0.0,2004,6,2,6.166666667,0.0
6339,6455,Craig Terrill,DT,Purdue,290,5.21,26.5,28.0,100.0,7.39,4.1,2004,6,2,6.166666667,0.0
6340,6456,Jeb Terry,OG,North Carolina,313,5.2,29.0,27.0,105.0,8.03,4.98,2004,6,5,6.416666667,0.0
6341,6457,Dontarrious Thomas,OLB,Auburn,241,4.57,38.5,26.0,129.0,0.0,4.0,2004,6,2,6.166666667,0.0
6342,6458,Joey Thomas,CB,Montana State,195,4.44,38.5,17.0,122.0,6.82,3.88,2004,6,1,6.083333333,0.0
6343,6459,Sloan Thomas,WR,Texas,203,4.5,0.0,0.0,0.0,0.0,0.0,2004,6,1,6.083333333,0.0
6344,6460,Chris Thompson,CB,Nicholls State,189,4.5,35.0,12.0,117.0,7.09,4.14,2004,6,0,6.0,0.0
6345,6461,Bruce Thornton,CB,Georgia,197,4.5,37.5,0.0,122.0,0.0,0.0,2004,5,10,5.833333333,0.0
6346,6462,Andrae Thurman,WR,Arizona,192,4.54,34.5,0.0,121.0,7.31,4.3,2004,5,11,5.916666667,0.0
6347,6463,Deryck Toles,OLB,Penn State,224,4.58,37.0,24.0,112.0,7.12,4.23,2004,6,0,6.0,0.0
6348,6464,Reggie Torbor,DE,Auburn,254,4.65,34.0,16.0,120.0,7.48,4.46,2004,6,2,6.166666667,0.0
6349,6465,Daryl Towns,OLB,Nevada,224,4.57,37.0,0.0,112.0,7.15,4.25,2004,6,0,6.0,0.0
6350,6466,Ben Troupe,TE,Florida,265,4.65,0.0,0.0,0.0,0.0,0.0,2004,6,4,6.333333333,0.0
6351,6467,Marcus Tubbs,DT,Texas,321,5.05,32.5,29.0,105.0,0.0,0.0,2004,6,4,6.333333333,0.0
6352,6468,Sean Tufts,OLB,Colorado,242,4.61,34.5,21.0,118.0,6.94,3.94,2004,6,4,6.333333333,0.0
6353,6469,Michael Turner,RB,Northern Illinois,237,4.49,31.0,22.0,114.0,7.5,4.15,2004,5,10,5.833333333,0.0
6354,6470,Kenechi Udeze,DE,USC,281,4.77,0.0,0.0,0.0,0.0,0.0,2004,6,3,6.25,0.0
6355,6471,Ben Utecht,TE,Minnesota,249,4.8,0.0,0.0,0.0,0.0,0.0,2004,6,6,6.5,0.0
6356,6472,Nathan Vasher,CB,Texas,177,4.49,0.0,0.0,0.0,0.0,0.0,2004,5,10,5.833333333,0.0
6357,6473,Khaleed Vaughn,DE,Clemson,281,5.0,31.5,14.0,113.0,7.38,4.35,2004,6,4,6.333333333,0.0
6358,6474,Jonathan Vilma,ILB,Miami (FL),233,4.61,0.0,0.0,0.0,0.0,0.0,2004,6,0,6.0,0.0
6359,6475,Michael Waddell,CB,North Carolina,187,4.31,37.5,14.0,121.0,6.84,4.03,2004,5,11,5.916666667,0.0
6360,6476,Alex Wade,FB,Duke,248,4.97,32.5,22.0,114.0,7.5,4.41,2004,6,0,6.0,0.0
6361,6477,Mike Walker,TE,Minnesota-Morris,254,4.84,30.0,19.0,106.0,7.51,4.35,2004,6,4,6.333333333,0.0
6362,6478,Matt Ware,S,UCLA,209,4.54,0.0,15.0,0.0,0.0,0.0,2004,6,2,6.166666667,0.0
6363,6479,Donnell Washington,DT,Clemson,332,5.0,31.0,34.0,109.0,7.8,4.88,2004,6,5,6.416666667,0.0
6364,6481,Rashad Washington,S,Kansas State,223,4.61,34.0,14.0,116.0,7.06,4.02,2004,6,2,6.166666667,0.0
6365,6482,Benjamin Watson,TE,Georgia,258,4.5,35.5,34.0,123.0,7.38,4.11,2004,6,3,6.25,0.0
6366,6483,Courtney Watson,OLB,Notre Dame,237,4.56,36.5,22.0,114.0,7.39,4.35,2004,6,1,6.083333333,0.0
6367,6484,Darius Watts,WR,Marshall,188,4.5,0.0,0.0,0.0,0.0,0.0,2004,6,1,6.083333333,0.0
6368,6485,Scott Wells,C,Tennessee,300,5.3,31.0,31.0,109.0,7.56,4.35,2004,6,2,6.166666667,0.0
6369,6486,Travelle Wharton,OT,South Carolina,312,5.14,31.5,0.0,105.0,8.31,4.58,2004,6,4,6.333333333,0.0
6370,6487,Huey Whittaker,WR,South Florida,234,4.62,37.0,0.0,121.0,7.06,4.13,2004,6,4,6.333333333,0.0
6371,6488,Ernest Wilford,WR,Virginia Tech,226,4.79,40.5,0.0,130.0,0.0,4.17,2004,6,4,6.333333333,0.0
6372,6489,Vince Wilfork,DT,Miami (FL),323,5.08,0.0,36.0,0.0,0.0,0.0,2004,6,1,6.083333333,0.0
6373,6490,Virgil Williams,S,Washington State,196,4.66,0.0,11.0,0.0,0.0,0.0,2004,6,1,6.083333333,0.0
6374,6491,Corey Williams,DT,Arkansas State,313,5.18,28.0,25.0,106.0,7.97,4.55,2004,6,4,6.333333333,0.0
6375,6492,D.J. Williams,OLB,Miami (FL),250,4.55,0.0,0.0,0.0,0.0,0.0,2004,6,1,6.083333333,0.0
6376,6493,Demorrio Williams,OLB,Nebraska,232,4.52,37.0,16.0,125.0,7.02,4.11,2004,6,1,6.083333333,0.0
6377,6494,Madieu Williams,S,Maryland,193,4.48,0.0,18.0,125.0,0.0,0.0,2004,6,0,6.0,0.0
6378,6495,Quintin Williams,S,Wake Forest,207,4.6,37.0,21.0,122.0,7.28,4.09,2004,5,11,5.916666667,0.0
6379,6496,Reggie Williams,WR,Washington,229,4.56,0.0,0.0,0.0,0.0,0.0,2004,6,4,6.333333333,0.0
6380,6497,Roy Williams,WR,Texas,212,4.48,0.0,0.0,0.0,0.0,0.0,2004,6,2,6.166666667,0.0
6381,6498,Shaud Williams,RB,Alabama,193,4.73,34.0,15.0,114.0,7.01,4.15,2004,5,7,5.583333333,0.0
6382,6499,Keith Willis,TE,Virginia Tech,260,5.03,0.0,21.0,114.0,7.33,4.44,2004,6,6,6.5,0.0
6383,6500,George Wilson,WR,Arkansas,213,4.63,35.0,0.0,120.0,7.07,3.98,2004,6,0,6.0,0.0
6384,6501,Gibril Wilson,S,Tennessee,197,4.47,0.0,15.0,120.0,0.0,0.0,2004,6,0,6.0,0.0
6385,6502,Kris Wilson,TE,Pittsburgh,248,4.62,35.0,24.0,119.0,6.88,4.1,2004,6,2,6.166666667,0.0
6386,6503,Mark Wilson,OT,California,314,5.36,28.5,24.0,108.0,7.53,4.49,2004,6,7,6.583333333,0.0
6387,6504,Quincy Wilson,RB,West Virginia,225,4.6,33.5,26.0,118.0,7.68,4.36,2004,5,9,5.75,0.0
6388,6505,Travis Wilson,FB,Kansas State,256,4.89,33.0,25.0,109.0,7.56,4.36,2004,6,3,6.25,0.0
6389,6506,Marcus Winn,S,Arkansas,223,4.86,0.0,21.0,0.0,0.0,0.0,2004,6,0,6.0,0.0
6390,6507,Kellen Winslow,TE,Miami (FL),251,4.55,0.0,24.0,120.0,0.0,0.0,2004,6,4,6.333333333,0.0
6391,6508,Jeff Womble,DT,Florida State,313,5.38,28.0,18.0,0.0,0.0,0.0,2004,6,1,6.083333333,0.0
6392,6509,Rashaun Woods,WR,Oklahoma State,202,4.47,39.0,0.0,125.0,6.93,3.97,2004,6,2,6.166666667,0.0
6393,6510,Renaldo Works,RB,Oklahoma,222,4.7,30.5,21.0,115.0,7.25,4.09,2004,6,0,6.0,0.0
6394,6511,Carlos Wright,WR,Tennessee State,203,4.65,34.0,0.0,122.0,7.12,4.31,2004,6,1,6.083333333,0.0
6395,6512,Jason Wright,RB,Northwestern,210,4.68,30.0,0.0,111.0,7.35,4.12,2004,5,10,5.833333333,0.0
6396,6513,Dexter Wynn,CB,Colorado State,175,4.49,39.0,13.0,123.0,6.7,3.9,2004,5,9,5.75,0.0
6397,6514,Kirk Yliniemi,K,Oregon State,214,4.69,0.0,0.0,0.0,0.0,0.0,2004,6,0,6.0,0.0
6398,6515,Kevin Youngblood,WR,Clemson,213,4.64,34.0,0.0,0.0,0.0,0.0,2004,6,4,6.333333333,0.0
6399,6516,Khalid Abdullah,OLB,Mars Hill,227,4.61,36.5,26.0,126.0,7.13,4.25,2003,6,2,6.166666667,0.0
6400,6517,Anthony Adams,DT,Penn State,299,5.13,30.5,0.0,109.0,7.68,4.59,2003,6,0,6.0,0.0
6401,6518,Sam Aiken,WR,North Carolina,209,4.59,39.5,0.0,121.0,7.22,0.0,2003,6,2,6.166666667,0.0
6402,6519,Paul Arnold,WR,Washington,213,4.53,40.5,0.0,131.0,6.84,4.11,2003,6,1,6.083333333,0.0
6403,6520,B.J. Askew,RB,Michigan,241,4.6,0.0,0.0,0.0,0.0,0.0,2003,6,2,6.166666667,0.0
6404,6521,Nnamdi Asomugha,CB,California,213,4.45,37.5,16.0,124.0,0.0,0.0,2003,6,2,6.166666667,0.0
6405,6522,Rod Babers,CB,Texas,192,4.43,37.0,15.0,127.0,6.83,4.07,2003,5,9,5.75,0.0
6406,6523,Boss Bailey,OLB,Georgia,233,4.58,42.0,0.0,135.0,0.0,0.0,2003,6,3,6.25,0.0
6407,6524,Korey Banks,CB,Mississippi State,188,4.58,0.0,15.0,0.0,0.0,0.0,2003,5,10,5.833333333,0.0
6408,6525,Brad Banks,QB,Iowa,201,4.67,33.5,0.0,112.0,0.0,0.0,2003,5,11,5.916666667,0.0
6409,6526,Tully Banta-Cain,DE,California,264,4.79,0.0,25.0,0.0,0.0,0.0,2003,6,2,6.166666667,0.0
6410,6527,Nick Barnett,OLB,Oregon State,236,4.67,34.5,32.0,123.0,7.0,4.08,2003,6,2,6.166666667,0.0
6411,6528,Solomon Bates,ILB,Arizona State,243,4.89,30.0,19.0,112.0,7.23,4.34,2003,6,1,6.083333333,0.0
6412,6529,Justin Bates,OG,Colorado,300,5.38,0.0,18.0,0.0,0.0,0.0,2003,6,4,6.333333333,0.0
6413,6530,Arnaz Battle,WR,Notre Dame,217,4.58,35.0,0.0,117.0,6.74,4.06,2003,6,1,6.083333333,0.0
6414,6531,Julian Battle,CB,Tennessee,205,4.45,0.0,0.0,0.0,0.0,0.0,2003,6,2,6.166666667,0.0
6415,6532,Santonio Beard,RB,Alabama,222,4.62,31.5,0.0,119.0,0.0,0.0,2003,6,0,6.0,0.0
6416,6533,Ronald Bellamy,WR,Michigan,208,4.57,30.5,0.0,119.0,7.38,4.1,2003,6,0,6.0,0.0
6417,6534,Sean Berton,TE,North Carolina State,279,5.02,31.0,0.0,107.0,7.18,4.35,2003,6,4,6.333333333,0.0
6418,6535,Jordan Black,OT,Notre Dame,314,5.18,30.0,0.0,106.0,7.65,4.5,2003,6,6,6.5,0.0
6419,6536,Josh Blankenship,QB,Tulsa,211,5.16,28.5,0.0,103.0,7.59,4.42,2003,6,2,6.166666667,0.0
6420,6537,Anquan Boldin,WR,Florida State,216,4.72,33.5,0.0,114.0,7.35,4.33,2003,6,1,6.083333333,0.0
6421,6538,Kyle Boller,QB,California,234,4.61,35.5,0.0,117.0,7.2,4.02,2003,6,3,6.25,0.0
6422,6539,Ulish Booker,OT,Michigan State,304,5.24,0.0,0.0,0.0,0.0,0.0,2003,6,6,6.5,0.0
6423,6540,Colin Branch,S,Stanford,203,4.4,36.0,22.0,119.0,0.0,0.0,2003,6,0,6.0,0.0
6424,6541,Tyler Brayton,DE,Colorado,277,4.73,34.0,25.0,116.0,7.14,4.31,2003,6,6,6.5,0.0
6425,6542,Jeremy Bridges,OG,Southern Miss,301,5.38,28.5,25.0,96.0,8.12,4.77,2003,6,4,6.333333333,0.0
6426,6543,Lance Briggs,ILB,Arizona,242,4.75,33.0,25.0,113.0,0.0,0.0,2003,6,1,6.083333333,0.0
6427,6544,Lucas Brigman,C,Nebraska-Omaha,308,5.3,27.0,26.0,101.0,7.99,4.67,2003,6,0,6.0,0.0
6428,6545,Chris Brown,RB,Colorado,220,4.46,0.0,0.0,0.0,0.0,0.0,2003,6,3,6.25,0.0
6429,6546,Chris Brown,S,Ala-Birmingham,195,4.59,35.5,15.0,126.0,7.05,4.13,2003,6,0,6.0,0.0
6430,6547,Mark Brown,ILB,Auburn,238,4.82,37.5,0.0,121.0,7.37,4.21,2003,6,0,6.0,0.0
6431,6548,Josh Brown,K,Nebraska,202,4.81,0.0,0.0,0.0,0.0,0.0,2003,6,1,6.083333333,0.0
6432,6549,D. Bryant,QB,Duke,218,4.73,35.5,0.0,114.0,7.36,4.4,2003,6,2,6.166666667,0.0
6433,6550,Jamal Burke,WR,Boston Col.,204,4.56,36.0,0.0,119.0,7.2,4.13,2003,6,0,6.0,0.0
6434,6551,Nate Burleson,WR,Nevada,197,4.51,42.5,0.0,126.0,6.96,4.16,2003,6,0,6.0,0.0
6435,6552,Nick Burley,DE,Fresno State,243,4.83,32.0,26.0,108.0,7.73,4.57,2003,6,4,6.333333333,0.0
6436,6553,Curry Burns,S,Louisville,216,4.56,36.0,19.0,120.0,7.04,4.16,2003,6,0,6.0,0.0
6437,6554,Mike Bush,WR,Washington State,198,4.7,0.0,0.0,115.0,7.42,4.28,2003,6,5,6.416666667,0.0
6438,6555,Tyrone Calico,WR,Middle Tennessee State,223,4.34,38.0,0.0,127.0,6.73,4.26,2003,6,4,6.333333333,0.0
6439,6556,Fred Capshaw,P,Miami (FL),192,4.89,0.0,0.0,0.0,0.0,0.0,2003,5,10,5.833333333,0.0
6440,6557,Kerry Carter,RB,Stanford,238,4.61,36.0,20.0,118.0,7.29,4.39,2003,6,2,6.166666667,0.0
6441,6558,Dallas Clark,TE,Iowa,257,4.65,37.5,0.0,123.0,0.0,0.0,2003,6,3,6.25,0.0
6442,6559,Ben Claxton,C,Mississippi,301,5.16,27.0,0.0,102.0,7.81,4.69,2003,6,3,6.25,0.0
6443,6560,Chris Clemons,OLB,Georgia,236,4.68,35.0,18.0,116.0,7.48,4.66,2003,6,3,6.25,0.0
6444,6561,Avon Cobourne,RB,West Virginia,205,4.7,31.5,21.0,112.0,7.21,4.18,2003,5,7,5.583333333,0.0
6445,6562,Colin Cole,DT,Iowa,309,5.22,31.0,29.0,103.0,7.85,4.75,2003,6,2,6.166666667,0.0
6446,6563,Torrie Cox,CB,Pittsburgh,181,4.55,32.0,0.0,119.0,6.98,4.2,2003,5,9,5.75,0.0
6447,6564,Angelo Crowell,ILB,Virginia,236,4.73,32.5,25.0,0.0,7.08,4.29,2003,6,0,6.0,0.0
6448,6565,Dan Curley,TE,East. Washington,254,4.63,35.5,17.0,118.0,7.47,4.53,2003,6,4,6.333333333,0.0
6449,6567,Brennan Curtin,OT,Notre Dame,318,5.28,32.0,0.0,100.0,7.98,4.87,2003,6,9,6.75,0.0
6450,6568,Kevin Curtis,WR,Utah State,186,4.42,36.0,0.0,122.0,6.76,3.99,2003,5,11,5.916666667,0.0
6451,6569,Anthony Davis,OG,Virginia Tech,329,5.34,27.5,0.0,95.0,8.26,4.98,2003,6,4,6.333333333,0.0
6452,6570,Chris Davis,FB,Syracuse,235,4.56,38.5,21.0,116.0,7.25,4.37,2003,5,11,5.916666667,0.0
6453,6571,Sammy Davis,CB,Texas A&M,186,4.42,40.0,19.0,131.0,7.01,0.0,2003,6,0,6.0,0.0
6454,6572,Enoch DeMar,OG,Indiana,334,5.63,22.5,22.0,90.0,8.35,5.1,2003,6,4,6.333333333,0.0
6455,6573,Dahrran Diedrick,RB,Nebraska,228,4.62,37.0,19.0,117.0,7.32,4.44,2003,6,0,6.0,0.0
6456,6574,David Diehl,OG,Illinois,310,5.26,28.0,22.0,96.0,8.1,4.97,2003,6,6,6.5,0.0
6457,6575,Robbie Doane,OG,Texas,311,5.29,24.5,0.0,85.0,8.04,4.73,2003,6,6,6.5,0.0
6458,6576,Derrick Dockery,OG,Texas,347,5.58,25.0,0.0,92.0,0.0,0.0,2003,6,6,6.5,0.0
6459,6577,Ken Dorsey,QB,Miami (FL),208,4.7,0.0,0.0,0.0,0.0,0.0,2003,6,5,6.416666667,0.0
6460,6578,Mike Doss,S,Ohio State,207,4.45,0.0,0.0,0.0,0.0,0.0,2003,5,10,5.833333333,0.0
6461,6579,Charles Drake,S,Michigan,205,4.52,0.0,20.0,0.0,0.0,0.0,2003,6,1,6.083333333,0.0
6462,6580,Brandon Drumm,FB,Colorado,233,4.71,32.5,21.0,113.0,7.18,4.29,2003,6,1,6.083333333,0.0
6463,6581,LaTarence Dunbar,WR,TCU,196,4.52,34.0,0.0,122.0,7.41,4.35,2003,5,11,5.916666667,0.0
6464,6582,Damon Duval,P,Auburn,196,4.9,0.0,0.0,0.0,0.0,0.0,2003,6,0,6.0,0.0
6465,6583,Nick Eason,DT,Clemson,301,5.17,0.0,29.0,102.0,0.0,0.0,2003,6,3,6.25,0.0
6466,6584,Terrence Edwards,WR,Georgia,176,4.5,0.0,0.0,0.0,0.0,0.0,2003,6,0,6.0,0.0
6467,6585,Jeff Faine,C,Notre Dame,303,5.18,0.0,0.0,0.0,0.0,0.0,2003,6,3,6.25,0.0
6468,6586,Justin Fargas,RB,USC,219,4.35,0.0,27.0,137.0,0.0,0.0,2003,6,1,6.083333333,0.0
6469,6587,Gus Felder,OG,Penn State,324,5.83,23.5,0.0,94.0,9.12,5.54,2003,6,3,6.25,0.0
6470,6588,Nate Fikse,P,UCLA,196,4.91,0.0,0.0,0.0,0.0,0.0,2003,5,8,5.666666667,0.0
6471,6589,Drayton Florence,CB,Tuskegee,198,4.39,35.0,18.0,124.0,0.0,0.0,2003,6,0,6.0,0.0
6472,6590,Anthony Floyd,S,Louisville,202,4.6,33.5,19.0,117.0,7.09,4.2,2003,5,9,5.75,0.0
6473,6591,Lawrence Flugence,ILB,Texas Tech,239,4.87,34.0,23.0,106.0,7.4,4.36,2003,6,1,6.083333333,0.0
6474,6592,George Foster,OT,Georgia,338,5.23,27.0,0.0,100.0,0.0,0.0,2003,6,5,6.416666667,0.0
6475,6593,Aubrayo Franklin,DT,Tennessee,307,5.2,27.0,0.0,100.0,0.0,4.79,2003,6,1,6.083333333,0.0
6476,6594,Makoa Freitas,OG,Arizona,307,5.05,24.5,36.0,95.0,8.24,4.92,2003,6,4,6.333333333,0.0
6477,6595,Lui Fuata,C,Hawaii,309,5.57,0.0,0.0,0.0,0.0,0.0,2003,6,2,6.166666667,0.0
6478,6596,Doug Gabriel,WR,Central Florida,213,4.52,35.5,0.0,116.0,7.05,4.16,2003,6,2,6.166666667,0.0
6479,6597,Justin Gage,WR,Missouri,217,4.45,0.0,0.0,0.0,0.0,0.0,2003,6,4,6.333333333,0.0
6480,6598,Ahmaad Galloway,RB,Alabama,223,4.65,0.0,22.0,0.0,0.0,0.0,2003,6,0,6.0,0.0
6481,6599,Antonio Garay,DE,Boston Col.,295,4.9,0.0,0.0,0.0,0.0,0.0,2003,6,3,6.25,0.0
6482,6600,Talman Gardner,WR,Florida State,205,4.44,34.5,0.0,116.0,7.54,4.43,2003,6,1,6.083333333,0.0
6483,6601,Kevin Garrett,CB,SMU,194,4.32,35.0,0.0,129.0,6.9,3.96,2003,5,9,5.75,0.0
6484,6602,Jason Gesser,QB,Washington State,205,4.87,0.0,0.0,0.0,0.0,0.0,2003,6,1,6.083333333,0.0
6485,6603,Tony Gilbert,ILB,Georgia,251,4.86,27.5,19.0,109.0,0.0,0.0,2003,6,0,6.0,0.0
6486,6604,Jason Goss,CB,TCU,183,4.58,32.5,15.0,117.0,7.46,4.31,2003,5,10,5.833333333,0.0
6487,6605,Earnest Graham,RB,Florida,225,4.5,0.0,22.0,0.0,0.0,0.0,2003,5,9,5.75,0.0
6488,6606,Cie Grant,OLB,Ohio State,228,4.68,0.0,0.0,0.0,0.0,0.0,2003,6,0,6.0,0.0
6489,6607,Cornelius Green,DE,Miami (FL),243,4.81,0.0,0.0,0.0,0.0,0.0,2003,6,3,6.25,0.0
6490,6608,Brandon Green,DE,Rice,267,4.78,32.0,19.0,105.0,7.23,4.32,2003,6,2,6.166666667,0.0
6491,6609,Jamaal Green,DE,Miami (FL),272,4.78,35.5,27.0,119.0,0.0,0.0,2003,6,2,6.166666667,0.0
6492,6610,Quentin Griffin,RB,Oklahoma,195,4.48,38.0,21.0,123.0,0.0,4.08,2003,5,7,5.583333333,0.0
6493,6611,Justin Griffith,FB,Mississippi State,232,4.59,32.0,29.0,113.0,7.73,4.68,2003,5,11,5.916666667,0.0
6494,6612,DeJuan Groce,CB,Nebraska,192,4.49,36.0,18.0,118.0,6.82,4.0,2003,5,10,5.833333333,0.0
6495,6613,Andy Groom,P,Ohio State,196,4.63,0.0,0.0,0.0,0.0,0.0,2003,6,0,6.0,0.0
6496,6614,Jordan Gross,OT,Utah,300,5.05,31.5,28.0,112.0,7.69,4.39,2003,6,4,6.333333333,0.0
6497,6615,Rex Grossman,QB,Florida,217,5.06,0.0,0.0,0.0,0.0,0.0,2003,6,1,6.083333333,0.0
6498,6616,Mario Haggan,ILB,Mississippi State,252,4.88,33.0,21.0,110.0,7.55,4.46,2003,6,3,6.25,0.0
6499,6618,Ken Hamlin,S,Arkansas,209,4.61,33.0,16.0,117.0,6.8,3.92,2003,6,2,6.166666667,0.0
6500,6619,Omari Hand,DE,Tennessee,267,4.85,0.0,34.0,0.0,0.0,0.0,2003,6,4,6.333333333,0.0
6501,6620,Byron Hardmon,ILB,Florida,232,4.76,32.5,17.0,115.0,7.55,4.41,2003,6,1,6.083333333,0.0
6502,6621,Kwame Harris,OT,Stanford,310,5.2,35.5,0.0,107.0,7.98,4.65,2003,6,7,6.583333333,0.0
6503,6622,Gerald Hayes,ILB,Pittsburgh,238,4.75,30.5,0.0,107.0,7.57,4.35,2003,6,1,6.083333333,0.0
6504,6623,Michael Haynes,DE,Penn State,281,4.87,30.5,23.0,109.0,0.0,0.0,2003,6,4,6.333333333,0.0
6505,6624,E.J. Henderson,ILB,Maryland,245,4.8,0.0,20.0,0.0,0.0,0.0,2003,6,1,6.083333333,0.0
6506,6625,Dwone Hicks,RB,Middle Tennessee State,222,4.6,34.0,29.0,115.0,7.38,4.42,2003,5,10,5.833333333,0.0
6507,6626,Zach Hilton,TE,North Carolina,262,4.83,35.0,24.0,112.0,7.26,4.33,2003,6,8,6.666666667,0.0
6508,6627,Ryan Hoag,WR,Gustavus Adolphus,200,4.51,38.0,0.0,125.0,6.72,3.95,2003,6,2,6.166666667,0.0
6509,6628,Victor Hobson,ILB,Michigan,252,4.86,33.0,29.0,117.0,7.26,4.33,2003,6,0,6.0,0.0
6510,6629,Montrae Holland,OG,Florida State,333,5.3,0.0,30.0,0.0,8.46,5.13,2003,6,1,6.083333333,0.0
6511,6630,Terrence Holt,S,North Carolina State,208,4.55,34.5,13.0,122.0,6.99,4.03,2003,6,2,6.166666667,0.0
6512,6631,Raymond House,DE,Arkansas,277,5.08,32.0,20.0,120.0,7.55,4.36,2003,6,2,6.166666667,0.0
6513,6632,Keenan Howry,WR,Oregon,178,4.56,31.5,0.0,114.0,7.34,4.28,2003,5,10,5.833333333,0.0
6514,6633,Joey Huber,P,Colorado State,246,4.96,0.0,0.0,0.0,0.0,0.0,2003,6,6,6.5,0.0
6515,6634,Aaron Hunt,DE,Texas Tech,267,4.86,30.0,24.0,106.0,7.68,4.52,2003,6,2,6.166666667,0.0
6516,6635,Wayne Hunter,OT,Hawaii,303,5.08,31.0,37.0,104.0,7.72,4.57,2003,6,6,6.5,0.0
6517,6636,Alex Jackson,OG,Georgia,356,5.4,0.0,0.0,0.0,0.0,0.0,2003,6,4,6.333333333,0.0
6518,6637,Alonzo Jackson,DE,Florida State,266,4.86,37.0,14.0,114.0,7.69,4.5,2003,6,4,6.333333333,0.0
6519,6638,Taylor Jacobs,WR,Florida,205,4.42,0.0,0.0,0.0,0.0,0.0,2003,6,0,6.0,0.0
6520,6639,Bradie James,ILB,LSU,242,4.71,32.5,0.0,113.0,7.53,4.54,2003,6,2,6.166666667,0.0
6521,6640,Jason Jimenez,OT,Southern Miss,311,5.26,30.0,18.0,96.0,8.47,4.69,2003,6,7,6.583333333,0.0
6522,6641,Garry Johnson,OT,Arkansas State,289,5.28,24.5,17.0,97.0,8.27,4.89,2003,6,3,6.25,0.0
6523,6642,Ben Johnson,OT,Wisconsin,329,5.37,0.0,30.0,0.0,0.0,0.0,2003,6,6,6.5,0.0
6524,6643,Al Johnson,C,Wisconsin,305,4.95,0.0,0.0,0.0,0.0,0.0,2003,6,3,6.25,0.0
6525,6644,Andre Johnson,WR,Miami (FL),230,4.41,39.0,0.0,132.0,0.0,0.0,2003,6,2,6.166666667,0.0
6526,6645,Bethel Johnson,WR,Texas A&M,201,4.38,38.5,0.0,127.0,0.0,0.0,2003,5,11,5.916666667,0.0
6527,6646,Bryant Johnson,WR,Penn State,214,4.57,0.0,0.0,0.0,0.0,0.0,2003,6,2,6.166666667,0.0
6528,6647,Eddie Johnson,P,Idaho State,232,5.17,0.0,0.0,0.0,0.0,0.0,2003,6,3,6.25,0.0
6529,6648,Jarret Johnson,DT,Alabama,284,5.07,28.5,21.0,107.0,7.72,4.58,2003,6,3,6.25,0.0
6530,6649,Jeremi Johnson,FB,Indiana,260,4.9,29.0,20.0,103.0,0.0,0.0,2003,5,11,5.916666667,0.0
6531,6650,Larry Johnson,RB,Penn State,228,4.45,0.0,19.0,0.0,0.0,0.0,2003,6,1,6.083333333,0.0
6532,6651,Robert Johnson,TE,Auburn,278,4.96,33.5,18.0,115.0,7.15,4.47,2003,6,6,6.5,0.0
6533,6652,Teyo Johnson,WR,Stanford,247,4.61,33.5,0.0,0.0,0.0,0.0,2003,6,5,6.416666667,0.0
6534,6653,Todd Johnson,S,Florida,206,4.56,33.5,19.0,117.0,7.01,4.19,2003,6,1,6.083333333,0.0
6535,6654,Bennie Joppru,TE,Michigan,272,4.78,30.5,19.0,109.0,0.0,0.0,2003,6,4,6.333333333,0.0
6536,6655,William Joseph,DT,Miami (FL),308,5.18,0.0,29.0,0.0,0.0,0.0,2003,6,5,6.416666667,0.0
6537,6656,Jason Jowers,OG,Wisconsin,319,5.44,29.5,0.0,101.0,8.32,4.86,2003,6,6,6.5,0.0
6538,6657,Cato June,S,Michigan,218,4.61,35.0,0.0,113.0,0.0,0.0,2003,6,0,6.0,0.0
6539,6658,Josh Kayser,OG,Augustana (SD),312,5.73,26.0,21.0,95.0,8.57,5.09,2003,6,3,6.25,0.0
6540,6659,Kareem Kelly,WR,USC,186,4.42,35.0,0.0,125.0,7.51,4.24,2003,6,0,6.0,0.0
6541,6660,Chris Kelsay,DE,Nebraska,273,4.75,36.5,23.0,121.0,0.0,0.0,2003,6,4,6.333333333,0.0
6542,6661,Jimmy Kennedy,DT,Penn State,322,5.2,0.0,0.0,0.0,0.0,0.0,2003,6,4,6.333333333,0.0
6543,6662,Terrence Kiel,S,Texas A&M,204,4.46,38.0,16.0,127.0,6.88,3.96,2003,5,11,5.916666667,0.0
6544,6663,Austin King,C,Northwestern,299,5.42,28.0,20.0,106.0,7.99,4.73,2003,6,4,6.333333333,0.0
6545,6664,Kenny King,DE,Alabama,281,4.95,35.0,25.0,114.0,7.5,4.37,2003,6,3,6.25,0.0
6546,6665,Kliff Kingsbury,QB,Texas Tech,213,4.77,30.0,0.0,101.0,6.92,4.1,2003,6,3,6.25,0.0
6547,6666,Chuck Klabo,OT,North Dakota State,291,5.32,0.0,0.0,0.0,0.0,0.0,2003,6,5,6.416666667,0.0
6548,6667,Dan Klecko,DT,Temple,283,4.94,33.5,26.0,111.0,7.52,4.43,2003,5,11,5.916666667,0.0
6549,6669,Scott Kooistra,OT,North Carolina State,316,5.14,31.0,28.0,103.0,7.95,4.62,2003,6,6,6.5,0.0
6550,6670,Dan Koppen,C,Boston Col.,297,5.43,28.5,27.0,101.0,8.26,4.56,2003,6,3,6.25,0.0
6551,6671,Tron LaFavor,DT,Florida,290,5.08,28.0,26.0,106.0,0.0,0.0,2003,6,2,6.166666667,0.0
6552,6672,Damian Lavergne,OT,Louisiana Tech,333,5.57,27.0,17.0,92.0,8.44,4.86,2003,6,6,6.5,0.0
6553,6673,Donald Lee,TE,Mississippi State,249,4.82,39.0,26.0,120.0,7.42,4.42,2003,6,3,6.25,0.0
6554,6674,James Lee,DT,Oregon State,327,4.98,30.0,23.0,106.0,7.78,4.69,2003,6,4,6.333333333,0.0
6555,6675,Byron Leftwich,QB,Marshall,241,4.85,0.0,0.0,0.0,0.0,0.0,2003,6,5,6.416666667,0.0
6556,6676,Michael Lehan,CB,Minnesota,196,4.48,34.5,13.0,119.0,6.95,4.15,2003,6,0,6.0,0.0
6557,6677,Norman LeJeune,S,LSU,200,4.65,33.5,11.0,115.0,7.42,4.21,2003,6,0,6.0,0.0
6558,6678,Matt Leonard,DT,Stanford,305,4.97,26.0,30.0,95.0,7.53,4.56,2003,6,3,6.25,0.0
6559,6679,Brandon Lloyd,WR,Illinois,184,4.62,36.0,0.0,0.0,0.0,0.0,2003,6,0,6.0,0.0
6560,6680,Rien Long,DT,Washington State,302,5.1,0.0,0.0,105.0,0.0,0.0,2003,6,6,6.5,0.0
6561,6681,Tom Lopienski,FB,Notre Dame,246,4.75,34.0,24.0,111.0,7.53,4.24,2003,6,0,6.0,0.0
6562,6682,Pete Lougheed,OT,Purdue,300,5.16,28.5,20.0,93.0,7.86,4.51,2003,6,5,6.416666667,0.0
6563,6683,Jeremy Loyd,OLB,Iowa State,235,4.64,34.0,17.0,114.0,6.9,4.15,2003,6,2,6.166666667,0.0
6564,6684,Wayne Lucier,C,Colorado,301,5.28,0.0,0.0,0.0,0.0,0.0,2003,6,4,6.333333333,0.0
6565,6685,Malaefou MacKenzie,RB,USC,233,4.67,0.0,0.0,0.0,0.0,0.0,2003,5,10,5.833333333,0.0
6566,6686,Nick Maddox,RB,Florida State,211,4.65,33.5,18.0,115.0,7.33,4.5,2003,5,11,5.916666667,0.0
6567,6687,Adrian Madise,WR,TCU,215,4.49,32.0,0.0,119.0,7.32,4.26,2003,5,11,5.916666667,0.0
6568,6688,Sean Mahan,OG,Notre Dame,301,5.14,30.0,30.0,105.0,7.75,4.77,2003,6,3,6.25,0.0
6569,6689,Reno Mahe,WR,BYU,198,4.68,32.0,0.0,109.0,7.27,4.23,2003,5,9,5.75,0.0
6570,6690,Brian Mance,CB,Clemson,189,4.58,32.5,18.0,115.0,0.0,0.0,2003,5,10,5.833333333,0.0
6571,6691,Eric Manning,DT,Oregon State,303,5.05,28.5,26.0,107.0,7.77,4.66,2003,6,1,6.083333333,0.0
6572,6692,Ricky Manning,CB,UCLA,185,4.52,36.5,12.0,117.0,7.11,4.17,2003,5,9,5.75,0.0
6573,6693,Vince Manuwai,OG,Hawaii,304,5.06,29.5,27.0,107.0,7.59,4.4,2003,6,2,6.166666667,0.0
6574,6694,Mark Mariscal,P,Colorado,201,4.9,0.0,0.0,0.0,0.0,0.0,2003,6,2,6.166666667,0.0
6575,6695,Seth Marler,K,Tulane,195,5.25,0.0,0.0,0.0,0.0,0.0,2003,6,1,6.083333333,0.0
6576,6696,Kareem Marshall,OT,Georgia,359,5.22,27.5,0.0,92.0,0.0,0.0,2003,6,5,6.416666667,0.0
6577,6697,Terrance Martin,DT,North Carolina State,299,5.15,0.0,30.0,0.0,0.0,0.0,2003,6,3,6.25,0.0
6578,6698,Rashean Mathis,S,Bethune-Cookman,202,4.45,38.5,22.0,123.0,7.09,4.17,2003,6,1,6.083333333,0.0
6579,6699,Mat McBriar,P,Hawaii,213,5.07,0.0,0.0,0.0,0.0,0.0,2003,6,0,6.0,0.0
6580,6700,Sultan McCullough,RB,USC,202,4.49,0.0,27.0,0.0,0.0,0.0,2003,5,11,5.916666667,0.0
6581,6701,LaMarcus McDonald,ILB,TCU,227,4.99,31.0,0.0,110.0,7.6,4.44,2003,6,1,6.083333333,0.0
6582,6702,Shaun McDonald,WR,Arizona State,169,4.43,0.0,0.0,0.0,0.0,0.0,2003,5,8,5.666666667,0.0
6583,6703,Jerome McDougle,DE,Miami (FL),264,4.67,34.0,0.0,117.0,7.28,4.58,2003,6,2,6.166666667,0.0
6584,6704,Willis McGahee,RB,Miami (FL),223,4.45,0.0,0.0,0.0,0.0,0.0,2003,6,0,6.0,0.0
6585,6705,Terrence McGee,CB,NW State (LA),201,4.57,37.0,15.0,126.0,6.88,4.09,2003,5,10,5.833333333,0.0
6586,6706,Billy McMullen,WR,Virginia,210,4.61,0.0,0.0,0.0,0.0,0.0,2003,6,4,6.333333333,0.0
6587,6707,Bryant McNeal,DE,Clemson,248,4.88,34.5,22.0,117.0,0.0,0.0,2003,6,4,6.333333333,0.0
6588,6708,Hanik Milligan,S,Houston,201,4.52,36.5,9.0,130.0,7.11,4.18,2003,6,2,6.166666667,0.0
6589,6709,Antoine Mirambeau,C,Florida State,299,5.2,0.0,0.0,0.0,0.0,0.0,2003,6,3,6.25,0.0
6590,6710,Clint Mitchell,DE,Florida,257,4.93,34.5,16.0,115.0,7.36,4.39,2003,6,7,6.583333333,0.0
6591,6711,Kawika Mitchell,ILB,South Florida,253,4.69,37.0,25.0,117.0,7.32,4.24,2003,6,1,6.083333333,0.0
6592,6712,Cecil Moore,WR,East Tennessee State,210,4.6,38.0,0.0,124.0,7.03,4.23,2003,6,1,6.083333333,0.0
6593,6713,Casey Moore,FB,Stanford,240,4.65,32.5,22.0,114.0,7.29,4.26,2003,6,2,6.166666667,0.0
6594,6714,Eddie Moore,OLB,Tennessee,237,4.71,0.0,0.0,0.0,0.0,0.0,2003,6,0,6.0,0.0
6595,6715,Langston Moore,DT,South Carolina,303,5.04,32.0,29.0,104.0,7.64,4.29,2003,6,1,6.083333333,0.0
6596,6716,Rashad Moore,DT,Tennessee,324,5.1,0.0,0.0,0.0,0.0,0.0,2003,6,3,6.25,0.0
6597,6717,Kindal Moorehead,DE,Alabama,285,5.0,32.0,22.0,104.0,7.71,4.57,2003,6,2,6.166666667,0.0
6598,6718,Carl Morris,WR,Harvard,214,4.65,33.5,0.0,116.0,6.93,4.09,2003,6,3,6.25,0.0
6599,6720,Gene Mruczkowski,C,Purdue,297,5.19,0.0,28.0,0.0,0.0,0.0,2003,6,3,6.25,0.0
6600,6721,Ovie Mughelli,FB,Wake Forest,255,4.73,31.5,0.0,114.0,7.78,4.32,2003,6,1,6.083333333,0.0
6601,6722,Michael Nattiel,OLB,Florida,228,4.65,30.0,0.0,106.0,7.49,4.39,2003,6,0,6.0,0.0
6602,6723,Spencer Nead,TE,BYU,259,4.86,28.5,19.0,102.0,7.37,4.34,2003,6,4,6.333333333,0.0
6603,6724,Bruce Nelson,C,Iowa,301,5.26,0.0,21.0,0.0,0.0,0.0,2003,6,5,6.416666667,0.0
6604,6725,Terence Newman,CB,Kansas State,189,4.37,41.0,0.0,136.0,6.88,3.83,2003,5,10,5.833333333,0.0
6605,6726,Donnie Nickey,S,Ohio State,220,4.65,33.5,17.0,119.0,7.08,4.16,2003,6,2,6.166666667,0.0
6606,6727,Lance Nimmo,OT,West Virginia,303,5.28,27.0,20.0,90.0,8.21,4.96,2003,6,5,6.416666667,0.0
6607,6728,Joe Odom,OLB,Purdue,241,4.6,0.0,26.0,0.0,0.0,0.0,2003,6,1,6.083333333,0.0
6608,6729,Will Ofenheusle,OT,Tennessee,308,5.35,26.5,23.0,94.0,8.65,5.03,2003,6,6,6.5,0.0
6609,6730,Kassim Osgood,WR,San Diego State,208,4.68,31.0,0.0,122.0,7.19,4.44,2003,6,5,6.416666667,0.0
6610,6731,Calvin Pace,DE,Wake Forest,269,4.79,33.0,0.0,115.0,0.0,0.0,2003,6,4,6.333333333,0.0
6611,6732,Derek Pagel,S,Iowa,208,4.57,35.5,25.0,115.0,6.87,4.08,2003,6,1,6.083333333,0.0
6612,6733,Glenn Pakulak,P,Kentucky,226,4.96,0.0,0.0,0.0,0.0,0.0,2003,6,2,6.166666667,0.0
6613,6734,Carson Palmer,QB,USC,232,4.65,0.0,0.0,0.0,0.0,0.0,2003,6,5,6.416666667,0.0
6614,6735,Tony Pashos,OT,Illinois,337,5.3,0.0,38.0,0.0,0.0,0.0,2003,6,6,6.5,0.0
6615,6736,Antwan Peek,OLB,Cincinnati,246,4.65,37.0,21.0,125.0,7.07,4.35,2003,6,3,6.25,0.0
6616,6737,Kenny Peterson,DE,Ohio State,298,4.8,0.0,0.0,0.0,0.0,0.0,2003,6,3,6.25,0.0
6617,6738,Terry Pierce,ILB,Kansas State,251,4.78,27.5,28.0,0.0,0.0,0.0,2003,6,1,6.083333333,0.0
6618,6739,Brian Saint Pierre,QB,Boston Col.,218,4.82,30.0,0.0,106.0,0.0,0.0,2003,6,3,6.25,0.0
6619,6740,Shurron Pierson,DE,South Florida,243,4.63,39.0,0.0,128.0,0.0,0.0,2003,6,2,6.166666667,0.0
6620,6741,Willie Pile,S,Virginia Tech,206,4.57,38.0,14.0,125.0,6.77,4.21,2003,6,2,6.166666667,0.0
6621,6742,Mike Pinkard,TE,Arizona State,259,4.69,35.0,0.0,0.0,0.0,0.0,2003,6,5,6.416666667,0.0
6622,6743,Artose Pinner,RB,Kentucky,229,4.68,0.0,0.0,0.0,0.0,0.0,2003,5,10,5.833333333,0.0
6623,6744,Andrew Pinnock,FB,South Carolina,265,4.62,0.0,22.0,0.0,0.0,0.0,2003,5,10,5.833333333,0.0
6624,6745,Troy Polamalu,S,USC,206,4.4,0.0,0.0,0.0,0.0,0.0,2003,5,10,5.833333333,0.0
6625,6746,David Porter,OT,Iowa,311,5.32,26.0,0.0,95.0,8.43,4.98,2003,6,6,6.5,0.0
6626,6747,Tim Provost,OT,San Jose State,301,5.23,28.5,21.0,102.0,8.38,4.7,2003,6,5,6.416666667,0.0
6627,6748,Dave Ragone,QB,Louisville,249,4.99,30.5,0.0,101.0,7.42,4.36,2003,6,4,6.333333333,0.0
6628,6749,Cory Redding,DE,Texas,279,4.88,0.0,24.0,0.0,0.0,0.0,2003,6,4,6.333333333,0.0
6629,6750,Gabe Reid,TE,BYU,255,4.82,37.0,23.0,119.0,7.49,4.32,2003,6,3,6.25,0.0
6630,6751,Terrell Roberts,CB,Oregon State,203,4.63,34.0,18.0,117.0,7.12,4.26,2003,5,9,5.75,0.0
6631,6752,Dewayne Robertson,DT,Kentucky,317,5.15,0.0,0.0,0.0,0.0,0.0,2003,6,1,6.083333333,0.0
6632,6753,Terrence Robinson,ILB,Oklahoma State,240,4.95,33.5,19.0,116.0,7.62,4.36,2003,6,0,6.0,0.0
6633,6754,Charles Rogers,WR,Michigan State,202,4.4,0.0,0.0,0.0,0.0,0.0,2003,6,2,6.166666667,0.0
6634,6755,Brett Romberg,C,Miami (FL),295,5.2,27.5,27.0,99.0,8.16,4.65,2003,6,2,6.166666667,0.0
6635,6756,Tony Romo,QB,East. Illinois,230,5.01,30.0,0.0,105.0,7.11,4.2,2003,6,2,6.166666667,0.0
6636,6757,Dustin Rykert,OT,BYU,327,5.42,26.5,21.0,92.0,8.2,4.87,2003,6,6,6.5,0.0
6637,6758,Asante Samuel,CB,Central Florida,185,4.49,35.5,9.0,120.0,6.95,4.14,2003,5,11,5.916666667,0.0
6638,6759,Antwoine Sanders,S,Utah,202,4.54,37.5,14.0,128.0,7.44,4.45,2003,6,2,6.166666667,0.0
6639,6760,Watts Sanderson,OT,South Carolina,303,5.37,28.5,24.0,100.0,8.48,4.94,2003,6,5,6.416666667,0.0
6640,6761,Justin Sands,OG,Kansas,324,5.05,32.0,31.0,105.0,0.0,0.0,2003,6,7,6.583333333,0.0
6641,6762,Lauvale Sape,DT,Utah,297,5.21,31.5,0.0,111.0,7.73,4.72,2003,6,2,6.166666667,0.0
6642,6763,Cecil Sapp,RB,Colorado State,229,4.55,0.0,0.0,0.0,0.0,0.0,2003,5,11,5.916666667,0.0
6643,6764,Gerome Sapp,S,Notre Dame,216,4.64,36.5,0.0,112.0,7.13,4.3,2003,6,0,6.0,0.0
6644,6765,Antwone Savage,WR,Oklahoma,192,4.47,32.0,0.0,118.0,7.37,4.37,2003,5,11,5.916666667,0.0
6645,6766,Greg Schindler,OG,Stanford,307,5.09,30.5,18.0,94.0,8.56,5.13,2003,6,5,6.416666667,0.0
6646,6767,Mike Scifres,P,West. Illinois,236,4.91,0.0,0.0,0.0,0.0,0.0,2003,6,2,6.166666667,0.0
6647,6768,Steve Sciullo,OT,Marshall,330,5.48,28.0,23.0,98.0,7.85,4.72,2003,6,5,6.416666667,0.0
6648,6769,Bryan Scott,S,Penn State,219,4.6,0.0,13.0,0.0,0.0,0.0,2003,6,1,6.083333333,0.0
6649,6771,Ian Scott,DT,Florida,312,5.16,28.5,28.0,99.0,8.12,5.0,2003,6,2,6.166666667,0.0
6650,6772,Mike Seidman,TE,UCLA,261,4.8,0.0,20.0,0.0,0.0,0.0,2003,6,4,6.333333333,0.0
6651,6773,Chad Setterstrom,OG,New Mexico,309,5.44,28.5,16.0,99.0,7.93,4.66,2003,6,3,6.25,0.0
6652,6774,Scott Shanle,OLB,Nebraska,245,4.72,31.0,20.0,111.0,7.27,4.32,2003,6,2,6.166666667,0.0
6653,6775,Visanthe Shiancoe,TE,South Florida,251,4.65,39.5,28.0,120.0,7.09,4.31,2003,6,4,6.333333333,0.0
6654,6776,Todd Sievers,K,Miami (FL),214,4.89,0.0,0.0,0.0,0.0,0.0,2003,6,3,6.25,0.0
6655,6777,Chris Simms,QB,Texas,220,4.84,31.0,0.0,103.0,7.38,4.21,2003,6,4,6.333333333,0.0
6656,6778,Clifton Smith,ILB,Syracuse,253,4.88,0.0,0.0,0.0,0.0,0.0,2003,6,2,6.166666667,0.0
6657,6779,L.J. Smith,TE,Rutgers,258,4.62,37.0,26.0,122.0,6.74,4.25,2003,6,3,6.25,0.0
6658,6780,Musa Smith,RB,Georgia,232,4.45,35.5,0.0,123.0,0.0,0.0,2003,6,1,6.083333333,0.0
6659,6781,Onterrio Smith,RB,Oregon,220,4.48,0.0,19.0,0.0,0.0,0.0,2003,5,10,5.833333333,0.0
6660,6782,Trent Smith,TE,Oklahoma,243,4.79,35.5,16.0,118.0,7.23,4.37,2003,6,5,6.416666667,0.0
6661,6783,Wade Smith,OT,Memphis,296,5.14,32.5,24.0,114.0,7.62,4.75,2003,6,4,6.333333333,0.0
6662,6784,Ben Sobieski,OG,Iowa,307,5.0,30.0,18.0,109.0,7.7,4.49,2003,6,5,6.416666667,0.0
6663,6785,Jamil Soriano,OG,Harvard,317,5.48,27.5,0.0,103.0,8.54,5.08,2003,6,4,6.333333333,0.0
6664,6786,Jake Sprague,DT,Wisconsin,274,4.97,0.0,26.0,0.0,0.0,0.0,2003,6,2,6.166666667,0.0
6665,6787,Eric Steinbach,OG,Iowa,297,4.96,36.0,0.0,119.0,7.36,4.42,2003,6,6,6.5,0.0
6666,6788,Jon Stinchcomb,OT,Georgia,302,4.99,35.0,32.0,115.0,7.83,4.62,2003,6,5,6.416666667,0.0
6667,6789,Erick Streelman,TE,Nevada,248,5.06,30.0,9.0,109.0,7.59,4.4,2003,6,5,6.416666667,0.0
6668,6790,Dan Stricker,WR,Vanderbilt,203,4.68,39.0,0.0,122.0,6.91,4.16,2003,6,2,6.166666667,0.0
6669,6791,Donald Strickland,CB,Colorado,187,4.53,35.5,16.0,121.0,6.98,4.04,2003,5,10,5.833333333,0.0
6670,6792,Lee Suggs,RB,Virginia Tech,202,4.44,0.0,0.0,0.0,0.0,0.0,2003,6,0,6.0,0.0
6671,6793,Terrell Suggs,DE,Arizona State,262,4.84,0.0,0.0,0.0,0.0,0.0,2003,6,3,6.25,0.0
6672,6794,Johnathan Sullivan,DT,Georgia,313,5.1,0.0,0.0,0.0,0.0,0.0,2003,6,3,6.25,0.0
6673,6795,Scott Tercero,OG,California,303,5.23,28.5,25.0,103.0,7.81,4.51,2003,6,4,6.333333333,0.0
6674,6796,Tony Terrell,OG,UNLV,334,5.48,25.5,25.0,94.0,8.62,5.0,2003,6,3,6.25,0.0
6675,6797,Ray Thomas,TE,Wake Forest,248,5.01,31.0,17.0,113.0,7.47,4.53,2003,6,4,6.333333333,0.0
6676,6798,Chaun Thompson,OLB,West Texas A&M,240,4.58,35.5,29.0,123.0,7.01,4.22,2003,6,2,6.166666667,0.0
6677,6799,Charles Tillman,CB,Louisiana-Lafayette,207,4.49,40.0,12.0,131.0,7.05,3.89,2003,6,1,6.083333333,0.0
6678,6800,Pisa Tinoisamoa,OLB,Hawaii,231,4.65,34.5,19.0,111.0,6.97,4.07,2003,6,0,6.0,0.0
6679,6801,LaBrandon Toefield,RB,LSU,233,4.6,0.0,19.0,0.0,0.0,0.0,2003,5,11,5.916666667,0.0
6680,6802,J.R. Tolver,WR,San Diego State,202,4.67,36.0,0.0,119.0,6.99,4.23,2003,6,1,6.083333333,0.0
6681,6803,Marcus Trufant,CB,Washington State,199,4.38,39.0,11.0,127.0,6.87,4.32,2003,5,11,5.916666667,0.0
6682,6804,B.J. Tucker,CB,Wisconsin,188,4.34,35.0,16.0,123.0,7.25,4.2,2003,5,10,5.833333333,0.0
6683,6805,Torrin Tucker,OG,Southern Miss,328,5.35,30.0,0.0,103.0,8.39,4.97,2003,6,6,6.5,0.0
6684,6806,Chris Vance,WR,Ohio State,189,4.55,0.0,0.0,0.0,0.0,0.0,2003,6,1,6.083333333,0.0
6685,6807,Demetrin Veal,DE,Tennessee,288,5.24,0.0,26.0,111.0,0.0,0.0,2003,6,2,6.166666667,0.0
6686,6808,Bobby Wade,WR,Arizona,193,4.66,34.5,0.0,115.0,7.01,4.11,2003,5,10,5.833333333,0.0
6687,6809,Aaron Walker,TE,Florida,252,4.72,33.5,24.0,115.0,7.57,4.3,2003,6,6,6.5,0.0
6688,6810,Seneca Wallace,QB,Iowa State,196,4.56,38.0,0.0,127.0,6.98,4.14,2003,5,11,5.916666667,0.0
6689,6811,Alex Walls,K,Tennessee,211,5.0,0.0,0.0,0.0,0.0,0.0,2003,6,0,6.0,0.0
6690,6812,Matt Walters,DE,Miami (FL),272,4.9,0.0,30.0,0.0,0.0,0.0,2003,6,4,6.333333333,0.0
6691,6813,Shane Walton,CB,Notre Dame,184,4.67,31.0,11.0,109.0,7.05,4.29,2003,5,11,5.916666667,0.0
6692,6814,Seth Wand,OT,Northwest Missouri State,321,5.14,31.5,20.0,107.0,7.61,4.5,2003,6,7,6.583333333,0.0
6693,6815,Kevin Ware,TE,Washington,256,4.79,34.0,22.0,110.0,7.52,4.47,2003,6,3,6.25,0.0
6694,6816,Ty Warren,DT,Texas A&M,307,5.1,0.0,27.0,0.0,0.0,0.0,2003,6,5,6.416666667,0.0
6695,6817,Cliff Washburn,DE,Citadel,275,5.03,27.0,22.0,109.0,8.59,4.82,2003,6,5,6.416666667,0.0
6696,6818,Kelley Washington,WR,Tennessee,223,4.42,0.0,0.0,0.0,0.0,0.0,2003,6,2,6.166666667,0.0
6697,6819,Derek Watson,RB,South Carolina,223,4.63,34.0,15.0,114.0,7.35,4.2,2003,6,0,6.0,0.0
6698,6820,Dennis Weathersby,CB,Oregon State,204,4.38,38.0,9.0,125.0,7.14,4.13,2003,6,1,6.083333333,0.0
6699,6822,Reggie Wells,OT,Clarion,300,5.16,29.0,23.0,104.0,8.35,4.56,2003,6,3,6.25,0.0
6700,6823,DeWayne White,DE,Louisville,273,4.76,33.0,22.0,112.0,7.22,4.32,2003,6,2,6.166666667,0.0
6701,6824,Keyon Whiteside,ILB,Tennessee,229,4.8,29.0,27.0,111.0,7.32,4.34,2003,6,0,6.0,0.0
6702,6825,Taylor Whitley,OG,Texas A&M,321,5.18,30.0,28.0,106.0,7.95,4.58,2003,6,4,6.333333333,0.0
6703,6826,Matt Wilhelm,ILB,Ohio State,245,4.8,0.0,0.0,0.0,0.0,0.0,2003,6,4,6.333333333,0.0
6704,6827,Jimmy Wilkerson,DE,Oklahoma,271,4.91,34.5,29.0,114.0,7.45,4.4,2003,6,3,6.25,0.0
6705,6828,Domanick Williams,RB,LSU,213,4.63,32.5,22.0,112.0,7.32,4.47,2003,5,9,5.75,0.0
6706,6829,Andrew Williams,DE,Miami (FL),263,4.7,32.0,29.0,113.0,7.53,4.47,2003,6,2,6.166666667,0.0
6707,6830,Brett Williams,OT,Florida State,321,5.25,27.5,0.0,99.0,8.57,5.01,2003,6,5,6.416666667,0.0
6708,6831,Kevin Williams,DE,Oklahoma State,304,4.81,30.0,23.0,112.0,7.66,5.04,2003,6,5,6.416666667,0.0
6709,6832,Todd Williams,OT,Florida State,340,5.08,32.5,27.0,108.0,8.06,4.54,2003,6,5,6.416666667,0.0
6710,6833,Eugene Wilson,CB,Illinois,192,4.48,38.0,15.0,122.0,7.18,4.05,2003,5,10,5.833333333,0.0
6711,6834,Jason Witten,TE,Tennessee,264,4.65,31.0,25.0,0.0,0.0,0.0,2003,6,6,6.5,0.0
6712,6835,Juston Wood,QB,Portland State,207,4.78,32.5,0.0,113.0,7.14,4.16,2003,6,1,6.083333333,0.0
6713,6836,Andre Woolfolk,CB,Oklahoma,197,4.47,35.5,10.0,128.0,6.78,3.96,2003,6,1,6.083333333,0.0
6714,6837,George Wrighster,TE,Oregon,249,4.89,34.5,16.0,115.0,7.24,0.0,2003,6,2,6.166666667,0.0
6715,6838,Thomas Wright,S,Michigan State,201,4.76,36.0,13.0,114.0,7.42,4.41,2003,6,1,6.083333333,0.0
6716,6839,Walter Young,WR,Illinois,214,4.54,39.0,0.0,121.0,6.9,4.25,2003,6,5,6.416666667,0.0
6717,6840,Doug Zeigler,TE,Mississippi,257,4.7,0.0,20.0,0.0,0.0,0.0,2003,6,4,6.333333333,0.0
6718,6841,Mike Abrams,P,Virginia,227,0.0,0.0,0.0,0.0,0.0,0.0,2002,6,4,6.333333333,0.0
6719,6842,Jonathan Adams,RB,Arkansas State,219,4.58,36.5,15.0,120.0,6.97,4.31,2002,6,0,6.0,0.0
6720,6843,P.J. Alexander,OG,Syracuse,299,5.38,29.5,0.0,102.0,7.9,4.73,2002,6,4,6.333333333,0.0
6721,6844,Jeremy Allen,FB,Iowa,241,4.59,38.0,17.0,126.0,7.06,4.49,2002,6,0,6.0,0.0
6722,6845,Brian Allen,RB,Stanford,209,4.46,33.0,19.0,112.0,6.9,4.08,2002,5,9,5.75,0.0
6723,6846,James Allen,OLB,Oregon State,240,4.62,38.0,24.0,126.0,7.59,4.21,2002,6,3,6.25,0.0
6724,6847,Matt Anderle,OT,Minnesota,327,5.5,29.0,26.0,104.0,7.99,4.8,2002,6,6,6.5,0.0
6725,6848,Damien Anderson,RB,Northwestern,211,4.56,33.5,27.0,112.0,6.93,4.02,2002,5,10,5.833333333,0.0
6726,6849,Marques Anderson,S,UCLA,213,4.5,39.5,18.0,127.0,0.0,0.0,2002,5,11,5.916666667,0.0
6727,6850,Mark Anelli,TE,Wisconsin,262,4.8,0.0,18.0,0.0,0.0,0.0,2002,6,4,6.333333333,0.0
6728,6851,Akin Ayodele,OLB,Purdue,257,4.81,35.0,26.0,121.0,7.0,4.12,2002,6,2,6.166666667,0.0
6729,6852,Chris Baker,TE,Michigan State,258,4.81,35.0,18.0,112.0,6.95,0.0,2002,6,3,6.25,0.0
6730,6853,Jason Ball,C,New Hampshire,301,5.41,29.0,27.0,94.0,7.87,4.73,2002,6,2,6.166666667,0.0
6731,6854,Clenton Ballard,DT,Texas State,313,5.18,26.5,24.0,93.0,7.47,4.64,2002,6,2,6.166666667,0.0
6732,6855,Mike Banks,TE,Iowa State,260,4.84,31.5,0.0,104.0,0.0,0.0,2002,6,4,6.333333333,0.0
6733,6856,Justin Bannan,DT,Colorado,300,5.0,29.0,24.0,99.0,7.31,4.24,2002,6,3,6.25,0.0
6734,6857,Kevin Barry,OG,Arizona,325,5.34,28.5,24.0,108.0,8.34,4.73,2002,6,4,6.333333333,0.0
6735,6858,Will Bartholomew,FB,Tennessee,246,4.68,38.0,35.0,119.0,6.85,4.09,2002,6,0,6.0,0.0
6736,6859,Rashad Bauman,CB,Oregon,186,4.44,39.0,10.0,118.0,0.0,0.0,2002,5,8,5.666666667,0.0
6737,6860,Jarrod Baxter,FB,New Mexico,245,4.7,32.5,23.0,116.0,7.1,4.27,2002,6,1,6.083333333,0.0
6738,6861,Chad Beasley,DT,Virginia Tech,303,5.15,31.5,27.0,104.0,7.75,4.6,2002,6,5,6.416666667,0.0
6739,6862,Atrews Bell,WR,Florida State,218,4.52,0.0,0.0,0.0,0.0,0.0,2002,5,11,5.916666667,0.0
6740,6863,Kevin Bentley,OLB,Northwestern,243,4.68,39.0,23.0,120.0,6.71,3.83,2002,6,0,6.0,0.0
6741,6864,LeCharles Bentley,C,Ohio State,299,5.19,25.5,0.0,103.0,7.85,4.54,2002,6,2,6.166666667,0.0
6742,6865,Rocky Bernard,DT,Texas A&M,294,4.96,33.0,30.0,108.0,7.43,4.41,2002,6,3,6.25,0.0
6743,6866,Ladell Betts,RB,Iowa,220,4.62,38.0,23.0,116.0,7.06,4.06,2002,5,10,5.833333333,0.0
6744,6867,Martin Bibla,OG,Miami (FL),306,5.08,0.0,35.0,0.0,0.0,0.0,2002,6,3,6.25,0.0
6745,6868,Terreal Bierria,S,Georgia,216,4.61,36.0,18.0,130.0,6.93,4.1,2002,6,3,6.25,0.0
6746,6869,Dwayne Blakley,TE,Missouri,256,4.96,32.5,21.0,107.0,7.33,4.29,2002,6,5,6.416666667,0.0
6747,6870,Rocky Boiman,OLB,Notre Dame,242,4.6,35.0,17.0,122.0,6.86,4.05,2002,6,4,6.333333333,0.0
6748,6871,Bruce Branch,CB,Penn State,192,4.53,35.0,0.0,119.0,7.12,4.47,2002,5,10,5.833333333,0.0
6749,6872,Deion Branch,WR,Louisville,191,4.47,36.0,0.0,117.0,6.71,3.78,2002,5,9,5.75,0.0
6750,6873,Sam Brandon,S,UNLV,199,4.66,36.5,0.0,127.0,0.0,0.0,2002,6,2,6.166666667,0.0
6751,6874,Jack Brewer,S,Minnesota,194,4.59,37.0,12.0,122.0,6.9,4.24,2002,6,0,6.0,0.0
6752,6875,Raheem Brock,DE,Temple,257,4.93,34.0,25.0,115.0,7.09,4.23,2002,6,4,6.333333333,0.0
6753,6876,Alex Brown,DE,Florida,260,4.74,0.0,0.0,0.0,0.0,0.0,2002,6,3,6.25,0.0
6754,6877,Sheldon Brown,CB,South Carolina,196,4.47,36.5,15.0,120.0,7.0,4.24,2002,5,10,5.833333333,0.0
6755,6878,Antonio Bryant,WR,Pittsburgh,188,4.57,37.0,0.0,121.0,0.0,0.0,2002,6,1,6.083333333,0.0
6756,6879,Wendell Bryant,DT,Wisconsin,308,4.91,0.0,0.0,0.0,0.0,0.0,2002,6,4,6.333333333,0.0
6757,6880,Phillip Buchanon,CB,Miami (FL),186,4.31,0.0,0.0,0.0,0.0,0.0,2002,5,10,5.833333333,0.0
6758,6881,Courtland Bullard,OLB,Ohio State,234,4.69,36.5,0.0,123.0,6.99,4.28,2002,6,3,6.25,0.0
6759,6882,Joe Burns,RB,Georgia Tech,213,4.81,31.0,21.0,105.0,0.0,0.0,2002,5,9,5.75,0.0
6760,6883,Jamie Burrow,ILB,Nebraska,249,4.83,30.5,18.0,102.0,7.28,4.21,2002,6,1,6.083333333,0.0
6761,6884,Reche Caldwell,WR,Florida,194,4.53,41.5,0.0,130.0,7.0,4.1,2002,6,0,6.0,0.0
6762,6885,Rocky Calmus,OLB,Oklahoma,243,4.69,0.0,16.0,0.0,0.0,0.0,2002,6,3,6.25,0.0
6763,6886,Kelly Campbell,WR,Georgia Tech,171,4.48,0.0,0.0,0.0,0.0,0.0,2002,5,10,5.833333333,0.0
6764,6887,Pete Campion,OG,North Dakota State,307,5.26,25.5,30.0,88.0,7.96,4.81,2002,6,4,6.333333333,0.0
6765,6888,David Carr,QB,Fresno State,223,4.67,35.0,0.0,108.0,7.05,4.28,2002,6,3,6.25,0.0
6766,6889,Demontray Carter,RB,Troy,191,4.52,33.0,16.0,120.0,7.38,4.36,2002,5,10,5.833333333,0.0
6767,6890,Tim Carter,WR,Auburn,190,4.32,39.0,0.0,126.0,6.68,3.93,2002,6,0,6.0,0.0
6768,6892,Rock Cartwright,RB,Kansas State,237,4.47,35.0,30.0,116.0,7.18,4.25,2002,5,8,5.666666667,0.0
6769,6893,Chris Cash,CB,USC,177,4.5,0.0,0.0,0.0,0.0,0.0,2002,5,10,5.833333333,0.0
6770,6894,Jeff Chandler,K,Florida,218,5.0,0.0,0.0,0.0,0.0,0.0,2002,6,2,6.166666667,0.0
6771,6895,Terry Charles,WR,Portland State,207,4.52,36.5,0.0,122.0,7.02,4.09,2002,6,3,6.25,0.0
6772,6896,Jermaine Chatman,CB,Arizona,185,4.55,35.5,0.0,121.0,0.0,0.0,2002,5,11,5.916666667,0.0
6773,6897,Kenyon Coleman,DE,UCLA,284,4.97,0.0,32.0,0.0,0.0,0.0,2002,6,5,6.416666667,0.0
6774,6898,Reggie Coleman,OT,Tennessee,301,5.23,29.0,0.0,103.0,7.84,4.88,2002,6,5,6.416666667,0.0
6775,6899,Mike Collins,OT,Wake Forest,300,5.53,25.5,32.0,104.0,8.62,4.98,2002,6,5,6.416666667,0.0
6776,6900,Mike Collins,DT,Ohio State,298,5.03,31.5,31.0,105.0,7.52,4.46,2002,6,3,6.25,0.0
6777,6901,Marc Colombo,OT,Boston Col.,313,5.27,29.5,30.0,101.0,7.65,4.6,2002,6,8,6.666666667,0.0
6778,6902,Joe Cooper,OLB,Ohio State,233,4.95,32.0,17.0,111.0,7.47,4.46,2002,6,0,6.0,0.0
6779,6903,Keyuo Craver,CB,Nebraska,201,4.62,31.0,13.0,123.0,0.0,0.0,2002,5,11,5.916666667,0.0
6780,6904,Eric Crouch,RB,Nebraska,195,4.47,38.0,0.0,112.0,6.87,4.02,2002,6,0,6.0,0.0
6781,6905,Alonzo Cunningham,OG,Iowa,316,5.46,24.0,0.0,98.0,8.52,4.73,2002,6,4,6.333333333,0.0
6782,6906,Ronald Curry,QB,North Carolina,220,4.59,35.0,0.0,115.0,7.06,4.11,2002,6,2,6.166666667,0.0
6783,6907,Kevin Curtis,S,Texas Tech,212,4.53,37.5,24.0,124.0,6.75,3.88,2002,6,2,6.166666667,0.0
6784,6908,Woody Dantzler,QB,Clemson,207,4.59,0.0,0.0,0.0,0.0,0.0,2002,5,10,5.833333333,0.0
6785,6909,Najeh Davenport,FB,Miami (FL),248,4.57,0.0,0.0,0.0,0.0,0.0,2002,6,1,6.083333333,0.0
6786,6910,Rohan Davey,QB,LSU,245,4.74,0.0,0.0,0.0,0.0,0.0,2002,6,2,6.166666667,0.0
6787,6911,Andre' Davis,WR,Virginia Tech,194,4.42,39.5,0.0,123.0,6.77,4.1,2002,6,1,6.083333333,0.0
6788,6912,Andra Davis,ILB,Florida,244,4.77,31.5,20.0,112.0,0.0,0.0,2002,6,1,6.083333333,0.0
6789,6913,Dorsett Davis,DT,Mississippi State,304,5.0,31.0,30.0,109.0,7.83,4.67,2002,6,5,6.416666667,0.0
6790,6914,Dan Dawson,S,Rice,219,4.57,38.0,24.0,124.0,6.75,4.0,2002,6,1,6.083333333,0.0
6791,6915,Konrad Dean,OG,Akron,333,5.57,27.5,30.0,97.0,8.37,4.97,2002,6,4,6.333333333,0.0
6792,6916,Ryan Denney,DE,BYU,276,4.86,33.0,36.0,107.0,7.18,4.25,2002,6,7,6.583333333,0.0
6793,6917,Kori Dickerson,FB,USC,240,4.75,34.0,22.0,116.0,7.34,4.51,2002,6,4,6.333333333,0.0
6794,6918,Brandon Doman,QB,BYU,210,4.81,32.5,0.0,106.0,6.9,4.08,2002,6,2,6.166666667,0.0
6795,6919,Travis Dorsch,P,Purdue,221,4.89,0.0,0.0,0.0,0.0,0.0,2002,6,6,6.5,0.0
6796,6920,T.J. Duckett,RB,Michigan State,254,4.45,0.0,0.0,0.0,0.0,0.0,2002,6,0,6.0,0.0
6797,6921,Howard Duncan,OG,Oklahoma,324,5.44,28.5,22.0,101.0,8.31,4.69,2002,6,4,6.333333333,0.0
6798,6922,Tim Duncan,K,Oklahoma,207,5.0,0.0,0.0,0.0,0.0,0.0,2002,6,2,6.166666667,0.0
6799,6923,Nate Dwyer,DT,Kansas,313,5.1,31.0,27.0,103.0,7.57,4.41,2002,6,3,6.25,0.0
6800,6924,Omar Easy,FB,Penn State,244,4.53,40.0,21.0,123.0,7.25,4.12,2002,6,1,6.083333333,0.0
6801,6925,Andy Eby,C,Kansas State,300,5.1,29.0,28.0,103.0,7.46,4.55,2002,6,3,6.25,0.0
6802,6926,Mike Echols,CB,Wisconsin,190,4.35,0.0,0.0,0.0,0.0,0.0,2002,5,9,5.75,0.0
6803,6927,Kalimba Edwards,DE,South Carolina,265,4.75,0.0,0.0,0.0,0.0,0.0,2002,6,5,6.416666667,0.0
6804,6928,Steve Edwards,OG,Central Florida,355,5.5,23.0,20.0,94.0,8.37,5.15,2002,6,5,6.416666667,0.0
6805,6929,Antwaan Randle El,WR,Indiana,191,4.49,0.0,0.0,0.0,0.0,0.0,2002,5,10,5.833333333,0.0
6806,6930,Justin Ena,ILB,BYU,247,4.71,34.0,20.0,116.0,6.78,4.11,2002,6,3,6.25,0.0
6807,6931,R.J. English,WR,Pittsburgh,211,4.55,37.5,0.0,121.0,7.03,4.11,2002,6,2,6.166666667,0.0
6808,6932,Hayden Epstein,K,Michigan,212,4.79,0.0,0.0,0.0,0.0,0.0,2002,6,2,6.166666667,0.0
6809,6933,Demarcus Faggins,CB,Kansas State,178,4.57,36.5,3.0,121.0,6.64,3.92,2002,5,10,5.833333333,0.0
6810,6934,Randy Fasani,QB,Stanford,224,4.77,31.5,0.0,106.0,6.75,3.87,2002,6,3,6.25,0.0
6811,6935,Trev Faulk,ILB,LSU,241,4.9,32.0,0.0,116.0,0.0,0.0,2002,6,3,6.25,0.0
6812,6936,Jeff Ferguson,P,Oklahoma,201,4.8,0.0,0.0,0.0,0.0,0.0,2002,5,10,5.833333333,0.0
6813,6937,Levar Fisher,OLB,North Carolina State,233,4.67,31.0,0.0,110.0,7.3,0.0,2002,6,1,6.083333333,0.0
6814,6938,Tony Fisher,RB,Notre Dame,226,4.66,41.5,21.0,126.0,7.0,4.13,2002,6,1,6.083333333,0.0
6815,6939,Little John Flowers,RB,Michigan State,214,4.72,34.0,19.0,110.0,7.09,4.08,2002,5,11,5.916666667,0.0
6816,6940,Delvon Flowers,RB,Arizona State,200,4.67,35.5,15.0,117.0,0.0,0.0,2002,5,11,5.916666667,0.0
6817,6941,Toniu Fonoti,OG,Nebraska,349,5.49,28.5,32.0,97.0,8.12,4.81,2002,6,4,6.333333333,0.0
6818,6943,Larry Foote,OLB,Michigan,231,4.83,30.0,24.0,0.0,7.18,4.41,2002,6,1,6.083333333,0.0
6819,6944,Willie Ford,CB,Syracuse,195,4.57,34.0,10.0,117.0,7.25,4.33,2002,6,1,6.083333333,0.0
6820,6945,Lonnie Ford,DE,USC,261,4.77,37.5,22.0,112.0,7.12,4.28,2002,6,2,6.166666667,0.0
6821,6946,DeShaun Foster,RB,UCLA,222,4.57,35.5,20.0,119.0,6.82,4.16,2002,6,1,6.083333333,0.0
6822,6947,Melvin Fowler,C,Maryland,300,5.46,27.0,32.0,99.0,7.51,4.6,2002,6,3,6.25,0.0
6823,6948,Eddie Freeman,DT,Ala-Birmingham,310,4.91,34.5,32.0,111.0,7.85,4.81,2002,6,5,6.416666667,0.0
6824,6949,Dwight Freeney,DE,Syracuse,266,4.48,0.0,28.0,0.0,0.0,0.0,2002,6,1,6.083333333,0.0
6825,6950,Scott Fujita,OLB,California,248,4.64,42.0,20.0,122.0,7.09,4.21,2002,6,5,6.416666667,0.0
6826,6951,Jabar Gaffney,WR,Florida,193,4.56,0.0,0.0,0.0,6.87,4.06,2002,6,1,6.083333333,0.0
6827,6952,Paris Gaines,FB,Fresno State,228,4.67,0.0,14.0,0.0,0.0,0.0,2002,6,0,6.0,0.0
6828,6953,David Garrard,QB,East Carolina,235,4.82,33.5,0.0,111.0,7.35,4.26,2002,6,2,6.166666667,0.0
6829,6954,David Givens,WR,Notre Dame,217,4.56,40.5,0.0,126.0,6.82,4.13,2002,6,0,6.0,0.0
6830,6955,LaVar Glover,CB,Cincinnati,177,4.59,37.0,11.0,117.0,7.18,4.29,2002,5,9,5.75,0.0
6831,6956,Andre Goodman,CB,South Carolina,182,4.36,0.0,0.0,0.0,0.0,0.0,2002,5,10,5.833333333,0.0
6832,6957,Jonathan Goodwin,OG,Michigan,318,5.13,0.0,0.0,0.0,0.0,0.0,2002,6,3,6.25,0.0
6833,6958,Lamar Gordon,RB,North Dakota State,214,4.55,34.0,16.0,119.0,0.0,0.0,2002,6,1,6.083333333,0.0
6834,6959,Daniel Graham,TE,Colorado,248,4.64,36.0,0.0,118.0,0.0,0.0,2002,6,3,6.25,0.0
6835,6960,Charles Grant,DE,Georgia,282,4.69,31.0,24.0,118.0,7.69,4.39,2002,6,3,6.25,0.0
6836,6961,Bobby Gray,S,Louisiana Tech,209,4.66,0.0,24.0,112.0,0.0,0.0,2002,6,0,6.0,0.0
6837,6962,Jarvis Green,DE,LSU,272,4.87,31.0,0.0,109.0,7.52,4.25,2002,6,3,6.25,0.0
6838,6963,William Green,RB,Boston Col.,221,4.6,42.0,27.0,121.0,0.0,0.0,2002,6,0,6.0,0.0
6839,6964,David Greene,K,Virginia,177,0.0,0.0,0.0,0.0,0.0,0.0,2002,5,10,5.833333333,0.0
6840,6965,Andre Gurode,OG,Colorado,316,5.34,30.5,0.0,100.0,8.15,5.05,2002,6,4,6.333333333,0.0
6841,6966,Sean Guthrie,DE,Boston Col.,269,4.88,0.0,28.0,0.0,0.0,0.0,2002,6,4,6.333333333,0.0
6842,6967,Joe Hall,FB,Kansas State,271,4.97,28.0,22.0,107.0,0.0,0.0,2002,6,2,6.166666667,0.0
6843,6968,Carlos Hall,DE,Arkansas,259,4.67,40.0,20.0,129.0,6.97,4.19,2002,6,4,6.333333333,0.0
6844,6969,Ryan Hannam,TE,New Mexico,251,4.69,30.5,18.0,113.0,7.07,4.21,2002,6,2,6.166666667,0.0
6845,6970,Alan Harper,DT,Fresno State,295,5.27,30.5,0.0,104.0,0.0,4.64,2002,6,2,6.166666667,0.0
6846,6971,Joey Harrington,QB,Oregon,215,4.89,32.0,0.0,112.0,7.0,4.21,2002,6,4,6.333333333,0.0
6847,6972,Napoleon Harris,OLB,Northwestern,253,4.55,34.0,27.0,115.0,7.15,4.44,2002,6,3,6.25,0.0
6848,6973,Quentin Harris,S,Syracuse,216,4.61,36.5,14.0,120.0,7.59,4.34,2002,6,0,6.0,0.0
6849,6974,Tyreo Harrison,ILB,Notre Dame,238,4.87,40.0,0.0,118.0,7.24,0.0,2002,6,2,6.166666667,0.0
6850,6975,Herb Haygood,WR,Michigan State,193,4.45,33.0,0.0,114.0,6.65,4.26,2002,5,11,5.916666667,0.0
6851,6976,Verron Haynes,FB,Georgia,224,4.78,31.5,25.0,117.0,7.27,4.08,2002,5,10,5.833333333,0.0
6852,6977,Albert Haynesworth,DT,Tennessee,320,5.09,0.0,0.0,0.0,0.0,0.0,2002,6,6,6.5,0.0
6853,6978,Ennis Haywood,RB,Iowa State,218,4.76,35.0,12.0,112.0,7.08,4.14,2002,5,10,5.833333333,0.0
6854,6979,Jason Hebert,S,Rice,190,4.63,35.5,15.0,118.0,7.12,3.88,2002,5,11,5.916666667,0.0
6855,6980,Keith Heinrich,TE,SMU,255,4.77,35.0,21.0,120.0,6.87,4.1,2002,6,5,6.416666667,0.0
6856,6981,Eric Heitmann,OG,Stanford,305,5.22,28.0,33.0,103.0,7.56,4.6,2002,6,4,6.333333333,0.0
6857,6982,John Henderson,DT,Tennessee,308,4.87,27.5,24.0,110.0,7.71,4.66,2002,6,7,6.583333333,0.0
6858,6983,Leonard Henry,RB,East Carolina,206,4.57,35.0,26.0,113.0,7.11,4.29,2002,6,1,6.083333333,0.0
6859,6984,Artis Hicks,OG,Memphis,303,5.08,29.5,22.0,104.0,7.85,4.64,2002,6,4,6.333333333,0.0
6860,6985,Maurice Hicks,RB,North Carolina A&T,200,4.64,0.0,19.0,0.0,0.0,0.0,2002,5,10,5.833333333,0.0
6861,6986,Charles Hill,DT,Maryland,293,5.06,33.5,23.0,113.0,7.37,4.36,2002,6,2,6.166666667,0.0
6862,6987,Kahlil Hill,WR,Iowa,200,4.65,35.0,0.0,0.0,0.0,0.0,2002,6,2,6.166666667,0.0
6863,6988,Matt Hill,OT,Boise State,300,5.33,28.5,20.0,101.0,7.58,4.54,2002,6,6,6.5,0.0
6864,6989,Chris Hope,S,Florida State,210,4.58,0.0,28.0,113.0,0.0,0.0,2002,6,0,6.0,0.0
6865,6990,Abdual Howard,S,Florida State,209,4.64,0.0,0.0,120.0,0.0,0.0,2002,6,0,6.0,0.0
6866,6991,Dameon Hunter,RB,Utah,219,4.68,30.5,0.0,113.0,0.0,0.0,2002,5,11,5.916666667,0.0
6867,6992,Javin Hunter,WR,Notre Dame,186,4.47,41.0,0.0,129.0,6.84,4.04,2002,5,11,5.916666667,0.0
6868,6994,Grant Irons,DE,Notre Dame,267,4.96,40.5,19.0,119.0,7.27,4.38,2002,6,6,6.5,0.0
6869,6995,Ron Israel,S,Notre Dame,213,4.6,0.0,20.0,121.0,0.0,0.0,2002,6,0,6.0,0.0
6870,6996,Bobby Jackson,S,Illinois,216,4.68,34.5,0.0,125.0,7.01,4.16,2002,6,0,6.0,0.0
6871,6997,Quentin Jammer,CB,Texas,204,4.49,36.0,18.0,124.0,0.0,0.0,2002,6,0,6.0,0.0
6872,6998,Joseph Jefferson,CB,Western Kentucky,205,4.39,39.5,8.0,121.0,6.84,4.01,2002,5,11,5.916666667,0.0
6873,6999,Bradley Jennings,ILB,Florida State,255,4.96,0.0,0.0,0.0,0.0,0.0,2002,6,3,6.25,0.0
6874,7000,Emmett Johnson,WR,Virginia Tech,205,4.45,39.0,0.0,122.0,7.15,4.1,2002,6,2,6.166666667,0.0
6875,7001,Dennis Johnson,DE,Kentucky,258,4.82,35.5,17.0,119.0,7.21,4.36,2002,6,5,6.416666667,0.0
6876,7002,Kyle Johnson,FB,Syracuse,242,4.74,34.0,22.0,119.0,7.4,4.35,2002,6,1,6.083333333,0.0
6877,7003,Ron Johnson,WR,Minnesota,225,4.7,34.5,0.0,118.0,7.12,4.02,2002,6,2,6.166666667,0.0
6878,7004,Doug Jolley,TE,BYU,251,4.6,38.0,18.0,117.0,6.9,4.18,2002,6,4,6.333333333,0.0
6879,7005,Jermese Jones,OT,Virginia,337,5.29,0.0,22.0,0.0,0.0,0.0,2002,6,5,6.416666667,0.0
6880,7006,Daryl Jones,WR,Miami (FL),180,4.35,0.0,0.0,0.0,0.0,0.0,2002,5,9,5.75,0.0
6881,7007,Levi Jones,OT,Arizona State,304,5.21,0.0,0.0,103.0,0.0,0.0,2002,6,5,6.416666667,0.0
6882,7008,Terry Jones,TE,Alabama,265,4.79,33.5,20.0,111.0,7.43,4.43,2002,6,3,6.25,0.0
6883,7009,Eric Joyce,CB,Tennessee State,192,4.53,40.5,11.0,115.0,6.81,3.97,2002,5,9,5.75,0.0
6884,7010,Doug Kaufusi,OT,Utah,313,5.47,0.0,0.0,0.0,0.0,0.0,2002,6,6,6.5,0.0
6885,7011,Brett Keisel,DE,BYU,279,4.89,33.5,26.0,107.0,7.28,4.51,2002,6,5,6.416666667,0.0
6886,7012,Stephon Kelly,S,Winston-Salem State,212,4.62,32.5,15.0,117.0,7.26,4.1,2002,6,3,6.25,0.0
6887,7013,Antwan Kirk-Hughes,OG,Texas,316,5.43,27.0,0.0,95.0,8.28,4.91,2002,6,3,6.25,0.0
6888,7014,Kurt Kittner,QB,Illinois,221,4.86,27.0,0.0,100.0,7.34,4.5,2002,6,2,6.166666667,0.0
6889,7015,Kyle Kosier,OT,Arizona State,293,5.09,29.5,24.0,108.0,7.34,4.49,2002,6,5,6.416666667,0.0
6890,7016,Antwan Lake,DE,West Virginia,288,5.08,0.0,27.0,0.0,0.0,0.0,2002,6,4,6.333333333,0.0
6891,7017,Broderick Lancaster,OG,Colorado State,310,5.26,0.0,14.0,0.0,0.0,0.0,2002,6,4,6.333333333,0.0
6892,7018,Ben Leber,OLB,Kansas State,244,4.62,32.5,20.0,114.0,6.75,4.25,2002,6,3,6.25,0.0
6893,7019,Ashley Lelie,WR,Hawaii,197,4.49,0.0,0.0,0.0,0.0,0.0,2002,6,3,6.25,0.0
6894,7020,Devin Lewis,WR,Southern,205,4.54,38.5,0.0,111.0,0.0,0.0,2002,6,2,6.166666667,0.0
6895,7021,D.D. Lewis,ILB,Texas,235,4.7,33.5,24.0,114.0,0.0,0.0,2002,6,1,6.083333333,0.0
6896,7022,Michael Lewis,S,Colorado,211,4.6,36.5,16.0,122.0,6.96,4.14,2002,6,1,6.083333333,0.0
6897,7023,Aaron Lockett,WR,Kansas State,155,4.31,35.0,0.0,119.0,6.84,4.11,2002,5,7,5.583333333,0.0
6898,7024,Andre Lott,CB,Tennessee,194,4.48,36.5,15.0,119.0,7.1,4.01,2002,5,10,5.833333333,0.0
6899,7025,Omare Lowe,CB,Washington,196,4.58,35.5,12.0,118.0,6.65,3.97,2002,6,1,6.083333333,0.0
6900,7026,Chris Luzar,TE,Virginia,270,4.76,32.5,22.0,115.0,6.84,4.17,2002,6,7,6.583333333,0.0
6901,7027,Wesly Mallard,S,Oregon,221,4.49,41.0,22.0,122.0,6.81,4.07,2002,6,2,6.166666667,0.0
6902,7028,Marquand Manuel,S,Florida,209,4.52,0.0,18.0,0.0,0.0,0.0,2002,6,0,6.0,0.0
6903,7029,Jamar Martin,FB,Ohio State,245,4.89,32.0,23.0,108.0,7.53,4.34,2002,5,11,5.916666667,0.0
6904,7030,Lee Mays,WR,Texas-El Paso,190,4.55,32.5,0.0,119.0,7.08,4.17,2002,6,1,6.083333333,0.0
6905,7031,Jason McAddley,WR,Alabama,203,4.47,36.5,0.0,123.0,6.83,4.09,2002,6,1,6.083333333,0.0
6906,7032,Tango McCauley,OG,Arkansas,304,5.32,31.0,29.0,104.0,7.9,4.78,2002,6,3,6.25,0.0
6907,7033,Eric McCoo,RB,Penn State,214,4.55,32.5,14.0,112.0,0.0,0.0,2002,5,10,5.833333333,0.0
6908,7034,Josh McCown,QB,SMU,221,4.59,38.5,0.0,120.0,6.85,3.9,2002,6,4,6.333333333,0.0
6909,7035,Ivory McCoy,TE,Michigan State,240,4.59,35.0,25.0,113.0,7.3,4.24,2002,6,4,6.333333333,0.0
6910,7036,Curt McGill,C,Georgia,290,5.07,0.0,30.0,0.0,0.0,0.0,2002,6,3,6.25,0.0
6911,7037,Jon McGraw,S,Kansas State,208,4.5,39.5,13.0,126.0,6.51,3.92,2002,6,3,6.25,0.0
6912,7038,Seth McKinney,C,Texas A&M,300,4.97,33.5,23.0,105.0,7.36,4.51,2002,6,3,6.25,0.0
6913,7039,Bryant McKinnie,OT,Miami (FL),343,5.13,0.0,0.0,0.0,0.0,0.0,2002,6,8,6.666666667,0.0
6914,7040,Randy McMichael,TE,Georgia,247,4.88,29.5,18.0,112.0,7.58,4.28,2002,6,3,6.25,0.0
6915,7041,Terrence Metcalf,OT,Mississippi,318,5.31,0.0,28.0,0.0,0.0,0.0,2002,6,3,6.25,0.0
6916,7042,Dicenzo Miller,RB,Mississippi State,215,4.93,31.0,8.0,107.0,7.25,4.39,2002,5,10,5.833333333,0.0
6917,7043,Ben Miller,C,Air Force,263,4.92,37.5,18.0,114.0,7.28,4.46,2002,6,2,6.166666667,0.0
6918,7045,Freddie Milons,WR,Alabama,190,4.51,33.5,0.0,117.0,6.84,0.0,2002,5,10,5.833333333,0.0
6919,7046,Dave Minnich,RB,Washington State,218,4.66,33.5,12.0,117.0,0.0,0.0,2002,5,11,5.916666667,0.0
6920,7047,Mel Mitchell,S,Western Kentucky,220,4.55,35.0,15.0,128.0,7.0,4.15,2002,6,1,6.083333333,0.0
6921,7048,Qasim Mitchell,OG,North Carolina A&T,335,5.28,26.0,22.0,0.0,8.07,4.94,2002,6,5,6.416666667,0.0
6922,7049,Shannon Money,OG,Arkansas,295,5.22,33.5,25.0,107.0,0.0,0.0,2002,6,3,6.25,0.0
6923,7050,Quincy Monk,ILB,North Carolina,250,4.82,33.5,26.0,113.0,7.48,4.38,2002,6,3,6.25,0.0
6924,7051,Derrius Monroe,DE,Virginia Tech,269,4.56,31.5,25.0,111.0,7.38,4.51,2002,6,4,6.333333333,0.0
6925,7052,Brandon Moore,OLB,Oklahoma,239,4.61,36.5,23.0,113.0,0.0,0.0,2002,6,1,6.083333333,0.0
6926,7053,Brandon Moore,DT,Illinois,293,5.26,25.5,32.0,96.0,7.84,4.64,2002,6,3,6.25,0.0
6927,7054,Maurice Morris,RB,Oregon,208,4.53,38.5,23.0,119.0,0.0,0.0,2002,5,11,5.916666667,0.0
6928,7055,Marquise Muldrow,OG,Arizona State,316,5.31,25.5,29.0,98.0,8.12,4.8,2002,6,2,6.166666667,0.0
6929,7056,Nick Murphy,P,Arizona State,188,4.74,0.0,0.0,0.0,0.0,0.0,2002,6,0,6.0,0.0
6930,7057,Larry Ned,RB,San Diego State,219,4.62,34.5,15.0,120.0,7.12,0.0,2002,5,11,5.916666667,0.0
6931,7058,David Neill,QB,Nevada,206,4.95,30.0,0.0,108.0,7.28,4.44,2002,6,3,6.25,0.0
6932,7059,Kendall Newson,WR,Middle Tennessee State,200,4.69,33.5,0.0,117.0,6.87,4.27,2002,6,2,6.166666667,0.0
6933,7060,Josh Norman,TE,Oklahoma,236,4.65,32.0,18.0,115.0,0.0,0.0,2002,6,2,6.166666667,0.0
6934,7061,Donnie O'Neal,WR,Arizona State,191,4.52,38.0,0.0,126.0,6.9,0.0,2002,6,1,6.083333333,0.0
6935,7062,J.T. O'Sullivan,QB,California-Davis,223,4.88,29.0,0.0,107.0,7.46,4.28,2002,6,2,6.166666667,0.0
6936,7063,Willie Offord,S,South Carolina,215,4.61,35.0,22.0,117.0,0.0,0.0,2002,6,2,6.166666667,0.0
6937,7064,Tony Okanlawon,CB,Maryland,185,4.67,38.0,16.0,118.0,7.37,4.39,2002,5,10,5.833333333,0.0
6938,7065,Will Overstreet,DE,Tennessee,259,4.65,32.5,21.0,116.0,7.37,4.31,2002,6,3,6.25,0.0
6939,7066,John Owens,TE,Notre Dame,265,4.77,38.5,21.0,117.0,0.0,0.0,2002,6,3,6.25,0.0
6940,7067,Melvin Paige,OG,South Carolina,314,5.34,23.5,30.0,0.0,0.0,0.0,2002,6,5,6.416666667,0.0
6941,7068,Anton Palepoi,DE,UNLV,279,4.81,33.5,24.0,114.0,7.46,4.27,2002,6,3,6.25,0.0
6942,7069,Justin Peelle,TE,Oregon,255,4.75,29.0,21.0,110.0,7.34,4.29,2002,6,4,6.333333333,0.0
6943,7070,Julius Peppers,DE,North Carolina,283,4.74,0.0,0.0,0.0,0.0,0.0,2002,6,6,6.5,0.0
6944,7071,Cameron Peterka,K,North Dakota,190,0.0,0.0,0.0,0.0,0.0,0.0,2002,6,3,6.25,0.0
6945,7072,Scott Peters,C,Arizona State,300,5.07,33.5,36.0,97.0,7.68,4.69,2002,6,3,6.25,0.0
6946,7073,Adrian Peterson,RB,Georgia Southern,214,4.68,34.0,14.0,119.0,7.59,4.6,2002,5,10,5.833333333,0.0
6947,7074,Jermaine Petty,ILB,Arkansas,261,4.74,33.5,20.0,116.0,0.0,4.34,2002,6,3,6.25,0.0
6948,7075,Jermaine Phillips,S,Georgia,214,4.66,31.5,18.0,115.0,0.0,0.0,2002,6,1,6.083333333,0.0
6949,7076,Dwayne Pierce,OG,LSU,319,5.5,26.0,0.0,93.0,8.12,5.23,2002,6,2,6.166666667,0.0
6950,7077,Chester Pitts,OT,San Diego State,320,5.22,30.0,0.0,106.0,7.84,4.81,2002,6,4,6.333333333,0.0
6951,7078,Brian Poli-Dixon,WR,UCLA,210,4.48,0.0,0.0,0.0,0.0,0.0,2002,6,5,6.416666667,0.0
6952,7079,Monsanto Pope,DT,Virginia,295,5.25,0.0,0.0,0.0,0.0,0.0,2002,6,3,6.25,0.0
6953,7080,Clinton Portis,RB,Miami (FL),204,4.42,0.0,0.0,0.0,0.0,0.0,2002,5,11,5.916666667,0.0
6954,7081,Pig Prather,S,Mississippi State,200,4.48,0.0,0.0,0.0,0.0,0.0,2002,6,0,6.0,0.0
6955,7082,Mike Pucillo,OG,Auburn,317,5.31,28.0,26.0,0.0,0.0,0.0,2002,6,4,6.333333333,0.0
6956,7083,Zach Quaccia,C,Stanford,309,5.37,26.5,23.0,93.0,7.9,4.63,2002,6,4,6.333333333,0.0
6957,7084,Patrick Ramsey,QB,Tulane,219,5.24,33.5,0.0,112.0,7.12,4.09,2002,6,2,6.166666667,0.0
6958,7085,Saleem Rasheed,ILB,Alabama,229,4.66,0.0,26.0,0.0,0.0,0.0,2002,6,3,6.25,0.0
6959,7086,Pete Rebstock,WR,Colorado State,190,4.5,0.0,0.0,0.0,0.0,0.0,2002,5,9,5.75,0.0
6960,7087,Tellis Redmon,RB,Minnesota,210,4.61,32.0,20.0,113.0,7.08,4.14,2002,5,11,5.916666667,0.0
6961,7088,Ed Reed,S,Miami (FL),201,4.57,0.0,0.0,0.0,0.0,0.0,2002,5,11,5.916666667,0.0
6962,7089,Josh Reed,WR,LSU,210,4.54,0.0,0.0,0.0,0.0,0.0,2002,5,10,5.833333333,0.0
6963,7090,Kris Richard,CB,USC,186,4.47,39.5,10.0,120.0,0.0,4.15,2002,5,11,5.916666667,0.0
6964,7091,Nick Rogers,OLB,Georgia Tech,251,4.73,36.0,22.0,117.0,7.02,4.19,2002,6,2,6.166666667,0.0
6965,7092,Victor Rogers,OG,Colorado,331,5.57,25.0,20.0,93.0,9.0,5.16,2002,6,6,6.5,0.0
6966,7093,Frank Romero,OG,Oklahoma,300,5.3,27.5,22.0,88.0,7.65,4.79,2002,6,4,6.333333333,0.0
6967,7094,Derek Ross,CB,Ohio State,197,4.56,0.0,17.0,118.0,0.0,0.0,2002,5,11,5.916666667,0.0
6968,7096,Casey Roussel,P,Tulane,219,5.2,0.0,0.0,0.0,0.0,0.0,2002,6,1,6.083333333,0.0
6969,7097,Robert Royal,TE,LSU,253,4.97,31.0,14.0,114.0,7.37,4.27,2002,6,5,6.416666667,0.0
6970,7098,Mike Rumph,CB,Miami (FL),205,4.47,0.0,0.0,0.0,0.0,0.0,2002,6,2,6.166666667,0.0
6971,7099,Cliff Russell,WR,Utah,185,4.36,0.0,0.0,0.0,0.0,0.0,2002,5,11,5.916666667,0.0
6972,7100,Jake Schifino,WR,Akron,200,4.49,0.0,0.0,0.0,0.0,0.0,2002,6,1,6.083333333,0.0
6973,7101,Matt Schobel,TE,TCU,263,0.0,34.5,0.0,0.0,0.0,0.0,2002,6,5,6.416666667,0.0
6974,7102,Josh Scobey,RB,Kansas State,218,4.42,40.5,21.0,124.0,6.96,3.93,2002,5,11,5.916666667,0.0
6975,7103,Greg Scott,DE,Kansas State,268,4.9,32.5,26.0,110.0,7.5,4.61,2002,6,4,6.333333333,0.0
6976,7104,Jason Scukanec,C,BYU,304,5.33,29.0,30.0,100.0,7.87,4.59,2002,6,2,6.166666667,0.0
6977,7105,Josh Shaw,DT,Michigan State,279,5.08,0.0,22.0,0.0,0.0,0.0,2002,6,3,6.25,0.0
6978,7106,Lito Sheppard,CB,Florida,194,4.47,37.5,11.0,120.0,0.0,0.0,2002,5,10,5.833333333,0.0
6979,7107,Rick Sherrod,S,West Virginia,192,4.62,37.0,0.0,119.0,7.09,4.11,2002,6,2,6.166666667,0.0
6980,7108,Jeremy Shockey,TE,Miami (FL),255,4.64,0.0,0.0,0.0,0.0,0.0,2002,6,5,6.416666667,0.0
6981,7109,Billy Silva,ILB,Northwestern,244,4.68,0.0,0.0,0.0,0.0,0.0,2002,6,3,6.25,0.0
6982,7110,Kendall Simmons,OG,Auburn,311,5.3,28.5,24.0,98.0,7.84,4.71,2002,6,3,6.25,0.0
6983,7111,Ryan Sims,DT,North Carolina,311,5.09,0.0,27.0,0.0,0.0,0.0,2002,6,4,6.333333333,0.0
6984,7112,Bobby Sippio,CB,Western Kentucky,214,4.69,37.0,12.0,123.0,6.78,4.2,2002,6,3,6.25,0.0
6985,7113,Derek Smith,TE,Kentucky,271,4.9,28.5,16.0,112.0,7.46,4.38,2002,6,4,6.333333333,0.0
6986,7114,Raonall Smith,OLB,Washington State,244,4.53,42.0,26.0,125.0,7.1,4.11,2002,6,2,6.166666667,0.0
6987,7115,Steve Smith,S,Oregon,193,4.62,30.5,0.0,110.0,7.0,4.22,2002,6,1,6.083333333,0.0
6988,7116,Charles Stackhouse,FB,Mississippi,252,4.93,29.0,20.0,111.0,7.63,4.53,2002,6,2,6.166666667,0.0
6989,7117,Luke Staley,RB,BYU,227,4.42,0.0,0.0,0.0,0.0,0.0,2002,6,1,6.083333333,0.0
6990,7118,Donte' Stallworth,WR,Tennessee,197,4.22,0.0,0.0,0.0,0.0,0.0,2002,6,0,6.0,0.0
6991,7119,John Stamper,DE,South Carolina,265,4.98,36.5,24.0,112.0,7.35,4.22,2002,6,4,6.333333333,0.0
6992,7120,Connor Stephens,DE,Mississippi State,256,4.89,36.5,20.0,119.0,7.5,4.55,2002,6,4,6.333333333,0.0
6993,7121,Travis Stephens,RB,Tennessee,194,4.6,32.0,15.0,121.0,0.0,0.0,2002,5,8,5.666666667,0.0
6994,7122,Jerramy Stevens,TE,Washington,265,4.77,0.0,0.0,0.0,0.0,0.0,2002,6,7,6.583333333,0.0
6995,7123,Dominique Stevenson,OLB,Tennessee,231,4.53,32.5,23.0,110.0,0.0,0.0,2002,6,0,6.0,0.0
6996,7124,Lawrence Story,WR,Jackson State,205,4.63,33.5,0.0,114.0,7.06,4.16,2002,6,5,6.416666667,0.0
6997,7125,Tim Stratton,TE,Purdue,251,4.97,27.0,15.0,101.0,0.0,0.0,2002,6,4,6.333333333,0.0
6998,7126,Jashon Sykes,OLB,Colorado,236,4.68,34.5,23.0,116.0,7.25,4.34,2002,6,3,6.25,0.0
6999,7127,Ed Ta'amu,OG,Utah,335,5.3,29.0,28.0,0.0,0.0,0.0,2002,6,2,6.166666667,0.0
7000,7128,T.C. Taylor,WR,Jackson State,219,4.69,31.0,0.0,114.0,7.59,4.25,2002,6,4,6.333333333,0.0
7001,7129,Ben Taylor,ILB,Virginia Tech,236,4.83,35.5,19.0,120.0,6.56,4.09,2002,6,2,6.166666667,0.0
7002,7130,Chester Taylor,RB,Toledo,213,4.58,33.0,22.0,114.0,0.0,0.0,2002,5,11,5.916666667,0.0
7003,7131,Lew Thomas,RB,Vanderbilt,210,4.59,36.0,17.0,115.0,6.87,4.21,2002,5,9,5.75,0.0
7004,7132,Bryan Thomas,DE,Ala-Birmingham,266,4.47,34.5,33.0,0.0,0.0,0.0,2002,6,4,6.333333333,0.0
7005,7133,Kevin Thomas,CB,UNLV,180,4.64,35.0,10.0,122.0,0.0,0.0,2002,5,11,5.916666667,0.0
7006,7134,Robert Thomas,OLB,UCLA,229,4.51,34.0,21.0,116.0,7.21,4.1,2002,6,0,6.0,0.0
7007,7135,Lamont Thompson,S,Washington State,220,4.59,33.5,12.0,120.0,0.0,0.0,2002,6,1,6.083333333,0.0
7008,7136,Josh Thornhill,ILB,Michigan State,243,4.69,36.5,27.0,121.0,7.15,4.19,2002,6,2,6.166666667,0.0
7009,7137,David Thornton,OLB,North Carolina,236,4.62,35.5,26.0,117.0,6.93,4.09,2002,6,2,6.166666667,0.0
7010,7138,Ryan Tolhurst,WR,Richmond,196,4.49,38.0,0.0,123.0,6.65,3.88,2002,5,11,5.916666667,0.0
7011,7139,Larry Tripplett,DT,Washington,305,4.93,30.0,0.0,102.0,0.0,4.36,2002,6,2,6.166666667,0.0
7012,7140,Kurt Vollers,OT,Notre Dame,321,5.36,30.5,30.0,0.0,0.0,0.0,2002,6,7,6.583333333,0.0
7013,7141,Marquise Walker,WR,Michigan,219,4.63,0.0,0.0,0.0,0.0,0.0,2002,6,2,6.166666667,0.0
7014,7142,Javon Walker,WR,Florida State,210,4.38,39.5,0.0,128.0,6.86,4.05,2002,6,3,6.25,0.0
7015,7143,Langston Walker,OT,California,344,5.26,28.5,21.0,102.0,8.09,4.95,2002,6,8,6.666666667,0.0
7016,7144,Lenny Walls,CB,Boston Col.,192,4.67,37.0,7.0,120.0,0.0,0.0,2002,6,4,6.333333333,0.0
7017,7145,Fred Weary,C,Tennessee,308,5.37,32.0,34.0,104.0,7.68,4.63,2002,6,4,6.333333333,0.0
7018,7147,Anthony Weaver,DT,Notre Dame,296,4.95,32.5,24.0,109.0,7.37,4.31,2002,6,3,6.25,0.0
7019,7148,Jeff Webb,P,Vanderbilt,215,0.0,0.0,0.0,0.0,0.0,0.0,2002,6,3,6.25,0.0
7020,7149,Jonathan Wells,RB,Ohio State,243,4.52,0.0,0.0,0.0,0.0,0.0,2002,6,1,6.083333333,0.0
7021,7150,Dante Wesley,CB,Ark-Pine Bluff,211,4.43,35.0,15.0,116.0,7.25,4.22,2002,6,1,6.083333333,0.0
7022,7151,Brian Westbrook,RB,Villanova,200,4.57,37.0,26.0,118.0,7.09,0.0,2002,5,8,5.666666667,0.0
7023,7152,Stylez White,DE,Minnesota,268,4.88,31.5,20.0,114.0,7.4,4.36,2002,6,3,6.25,0.0
7024,7153,Levron Williams,RB,Indiana,224,4.66,0.0,16.0,0.0,0.0,0.0,2002,6,3,6.25,0.0
7025,7154,Roe Williams,CB,Tuskegee,204,4.53,38.0,23.0,123.0,0.0,0.0,2002,5,11,5.916666667,0.0
7026,7155,Chad Williams,S,Southern Miss,207,4.58,36.5,20.0,121.0,6.96,0.0,2002,5,9,5.75,0.0
7027,7156,Mike Williams,OT,Texas,375,5.3,30.0,29.0,102.0,0.0,0.0,2002,6,6,6.5,0.0
7028,7157,Ricky Williams,RB,Texas Tech,190,4.47,32.5,19.0,110.0,0.0,0.0,2002,5,7,5.583333333,0.0
7029,7158,Roy Williams,S,Oklahoma,219,4.53,30.5,13.0,115.0,0.0,0.0,2002,6,0,6.0,0.0
7030,7159,Tank Williams,S,Stanford,222,4.46,38.5,19.0,125.0,6.78,3.93,2002,6,2,6.166666667,0.0
7031,7160,Coy Wire,S,Stanford,209,4.56,38.5,28.0,120.0,6.62,3.87,2002,6,0,6.0,0.0
7032,7161,Tracey Wistrom,TE,Nebraska,245,4.92,33.5,17.0,116.0,7.09,4.1,2002,6,4,6.333333333,0.0
7033,7162,Will Witherspoon,OLB,Georgia,231,4.68,38.0,25.0,122.0,7.09,4.21,2002,6,1,6.083333333,0.0
7034,7163,Adam Wulfeck,P,Cincinnati,228,4.83,0.0,0.0,0.0,0.0,0.0,2002,6,0,6.0,0.0
7035,7164,Chris Young,S,Georgia Tech,210,4.63,38.5,23.0,121.0,0.0,0.0,2002,6,0,6.0,0.0
7036,7165,Dave Zastudil,P,Ohio,222,5.26,0.0,0.0,0.0,0.0,0.0,2002,6,3,6.25,0.0
7037,7166,Greg Zolman,QB,Vanderbilt,220,4.93,34.0,0.0,112.0,7.08,4.14,2002,6,2,6.166666667,0.0
7038,7167,Keith Adams,OLB,Clemson,219,4.82,0.0,24.0,104.0,0.0,0.0,2001,5,11,5.916666667,0.0
7039,7168,Hakim Akbar,S,Washington,210,4.55,0.0,0.0,0.0,0.0,0.0,2001,6,0,6.0,0.0
7040,7169,Brian Allen,OLB,Florida State,238,4.65,0.0,25.0,0.0,0.0,0.0,2001,6,0,6.0,0.0
7041,7170,David Allen,RB,Kansas State,194,4.62,31.0,15.0,111.0,0.0,0.0,2001,5,9,5.75,0.0
7042,7171,Matt Allen,P,Troy,246,0.0,0.0,0.0,0.0,0.0,0.0,2001,6,3,6.25,0.0
7043,7172,Will Allen,CB,Syracuse,192,4.44,39.5,14.0,121.0,6.78,3.9,2001,5,10,5.833333333,0.0
7044,7173,Scotty Anderson,WR,Grambling State,184,4.57,34.5,0.0,115.0,0.0,0.0,2001,6,2,6.166666667,0.0
7045,7174,Adam Archuleta,S,Arizona State,211,4.46,0.0,31.0,0.0,0.0,0.0,2001,6,0,6.0,0.0
7046,7175,Tom Ashworth,OG,Colorado,293,5.11,33.5,20.0,109.0,7.4,4.3,2001,6,6,6.5,0.0
7047,7176,Billy Baber,TE,Virginia,255,4.76,33.0,22.0,106.0,7.12,4.19,2001,6,4,6.333333333,0.0
7048,7177,Jeff Backus,OT,Michigan,310,5.37,27.0,25.0,99.0,8.27,4.67,2001,6,5,6.416666667,0.0
7049,7178,Rodney Bailey,DE,Ohio State,283,5.1,0.0,0.0,0.0,0.0,0.0,2001,6,3,6.25,0.0
7050,7179,Jason Baker,P,Iowa,198,0.0,0.0,0.0,0.0,0.0,0.0,2001,6,1,6.083333333,0.0
7051,7180,Alex Bannister,WR,East. Kentucky,201,4.47,30.5,0.0,110.0,0.0,0.0,2001,6,5,6.416666667,0.0
7052,7181,Kevan Barlow,RB,Pittsburgh,235,4.56,0.0,0.0,0.0,0.0,0.0,2001,6,1,6.083333333,0.0
7053,7182,Idrees Bashir,S,Memphis,206,4.56,40.0,22.0,126.0,7.14,4.2,2001,6,2,6.166666667,0.0
7054,7183,Gary Baxter,CB,Baylor,204,4.53,37.5,0.0,122.0,7.39,4.21,2001,6,2,6.166666667,0.0
7055,7184,Jonathan Beasley,QB,Kansas State,227,4.85,29.5,0.0,102.0,7.55,4.38,2001,6,0,6.0,0.0
7056,7185,Monty Beisel,DE,Kansas State,270,4.83,34.5,25.0,110.0,7.32,4.28,2001,6,4,6.333333333,0.0
7057,7186,Kendrell Bell,ILB,Georgia,234,4.64,38.5,24.0,124.0,7.25,4.5,2001,6,1,6.083333333,0.0
7058,7187,Marcus Bell,DT,Memphis,319,5.32,0.0,17.0,98.0,8.07,4.71,2001,6,1,6.083333333,0.0
7059,7188,Michael Bennett,RB,Wisconsin,207,4.38,39.5,13.0,130.0,0.0,0.0,2001,5,9,5.75,0.0
7060,7189,Eddie Berlin,WR,New Mexico,191,4.43,39.5,0.0,122.0,6.78,4.08,2001,5,11,5.916666667,0.0
7061,7190,Cory Bird,S,Virginia Tech,217,4.6,0.0,22.0,0.0,0.0,0.0,2001,5,10,5.833333333,0.0
7062,7191,Darvell Bivens,FB,NW State (LA),255,4.97,33.5,32.0,108.0,7.81,4.38,2001,5,10,5.833333333,0.0
7063,7192,Randy Black,S,UNLV,205,4.74,35.5,0.0,115.0,7.14,4.2,2001,6,0,6.0,0.0
7064,7193,Harold Blackmon,CB,Northwestern,210,4.54,37.0,17.0,121.0,7.03,4.28,2001,5,11,5.916666667,0.0
7065,7194,Willie Blade,DT,Mississippi State,316,4.93,0.0,0.0,0.0,0.0,0.0,2001,6,3,6.25,0.0
7066,7195,Al Blades,S,Miami (FL),209,4.56,0.0,0.0,0.0,0.0,0.0,2001,6,1,6.083333333,0.0
7067,7196,Derrick Blaylock,RB,Stephen F. Austin,194,4.36,35.5,18.0,119.0,7.05,4.09,2001,5,10,5.833333333,0.0
7068,7197,David Bobo,OG,TCU,290,5.28,31.0,19.0,106.0,7.81,4.89,2001,6,4,6.333333333,0.0
7069,7198,Fred Booker,CB,LSU,193,4.65,0.0,0.0,0.0,0.0,0.0,2001,5,9,5.75,0.0
7070,7199,Josh Booty,QB,LSU,221,4.9,29.5,0.0,105.0,7.54,4.48,2001,6,2,6.166666667,0.0
7071,7200,Jarvis Borum,OG,North Carolina State,332,5.05,30.5,25.0,107.0,8.08,4.83,2001,6,7,6.583333333,0.0
7072,7201,Kyle Vanden Bosch,DE,Nebraska,270,4.75,36.5,26.0,119.0,6.82,4.08,2001,6,4,6.333333333,0.0
7073,7202,James Boyd,S,Penn State,207,4.59,32.5,0.0,117.0,7.29,4.24,2001,5,11,5.916666667,0.0
7074,7203,Roylin Bradley,OLB,Texas A&M,243,4.67,34.0,19.0,116.0,7.16,4.28,2001,6,1,6.083333333,0.0
7075,7204,Drew Brees,QB,Purdue,213,4.83,32.0,0.0,105.0,7.09,4.21,2001,6,0,6.0,0.0
7076,7205,Sean Brewer,TE,San Jose State,255,4.73,36.0,14.0,117.0,7.37,4.18,2001,6,4,6.333333333,0.0
7077,7206,Chris Brown,OT,Georgia Tech,329,5.33,0.0,30.0,0.0,0.0,0.0,2001,6,5,6.416666667,0.0
7078,7207,Corey Brown,WR,Tulsa,202,4.63,39.5,0.0,126.0,0.0,0.0,2001,6,0,6.0,0.0
7079,7208,Kenny Bryant,CB,Jackson State,190,4.65,37.5,10.0,117.0,7.5,4.15,2001,5,11,5.916666667,0.0
7080,7209,Correll Buckhalter,RB,Nebraska,226,4.53,40.0,11.0,123.0,7.08,4.06,2001,6,0,6.0,0.0
7081,7210,Derrick Burgess,DE,Mississippi,264,4.92,40.0,24.0,125.0,7.85,0.0,2001,6,2,6.166666667,0.0
7082,7211,Adrian Burnette,WR,Tulane,191,4.63,0.0,0.0,0.0,0.0,0.0,2001,5,10,5.833333333,0.0
7083,7212,Jerametrius Butler,CB,Kansas State,173,4.57,36.0,11.0,121.0,7.22,4.4,2001,5,10,5.833333333,0.0
7084,7213,Cecil Caldwell,DT,South Carolina,268,4.93,0.0,0.0,0.0,0.0,0.0,2001,6,1,6.083333333,0.0
7085,7214,John Capel,WR,Florida,177,4.39,36.5,0.0,126.0,0.0,0.0,2001,5,11,5.916666667,0.0
7086,7215,Terrence Carroll,S,Oregon State,212,4.63,0.0,0.0,0.0,0.0,0.0,2001,6,0,6.0,0.0
7087,7216,Elliott Carson,TE,Vanderbilt,246,4.9,36.0,16.0,115.0,7.52,4.21,2001,6,4,6.333333333,0.0
7088,7218,Robert Carswell,S,Clemson,214,4.59,34.0,21.0,106.0,7.14,4.18,2001,6,0,6.0,0.0
7089,7219,Andre Carter,DE,California,249,4.84,38.5,20.0,132.0,0.0,4.24,2001,6,4,6.333333333,0.0
7090,7220,Quincy Carter,QB,Georgia,225,4.58,35.5,0.0,113.0,7.12,4.12,2001,6,2,6.166666667,0.0
7091,7221,Quinton Caver,ILB,Arkansas,227,4.67,37.5,23.0,118.0,7.66,4.25,2001,6,4,6.333333333,0.0
7092,7222,Derrick Chambers,DT,Florida,299,4.98,0.0,32.0,0.0,0.0,0.0,2001,6,4,6.333333333,0.0
7093,7223,Chris Chambers,WR,Wisconsin,210,4.33,45.0,0.0,134.0,0.0,4.0,2001,6,0,6.0,0.0
7094,7224,Jeff Chaney,RB,Florida State,193,4.46,0.0,0.0,0.0,0.0,0.0,2001,5,11,5.916666667,0.0
7095,7225,Jeff Chase,OG,Texas A&M-Kingsville,303,5.25,0.0,27.0,0.0,0.0,0.0,2001,6,3,6.25,0.0
7096,7226,Patrick Chukwurah,OLB,Wyoming,238,4.77,40.0,24.0,119.0,7.34,4.21,2001,6,2,6.166666667,0.0
7097,7227,Kenny Clark,WR,Central Florida,225,4.59,35.5,0.0,121.0,0.0,0.0,2001,6,1,6.083333333,0.0
7098,7228,Nate Clements,CB,Ohio State,209,4.38,0.0,0.0,0.0,0.0,0.0,2001,5,11,5.916666667,0.0
7099,7229,Tay Cody,CB,Florida State,181,4.55,0.0,11.0,0.0,0.0,0.0,2001,5,9,5.75,0.0
7100,7230,Justin Coleman,QB,Nebraska-Kearney,238,5.22,29.5,0.0,101.0,7.78,4.62,2001,6,4,6.333333333,0.0
7101,7231,Derek Combs,RB,Ohio State,193,4.42,35.0,8.0,120.0,6.96,4.07,2001,6,0,6.0,0.0
7102,7232,Jameel Cook,FB,Illinois,226,4.8,29.5,17.0,108.0,7.55,4.38,2001,5,10,5.833333333,0.0
7103,7233,Chris Cooper,DE,Nebraska-Omaha,272,4.95,35.5,24.0,114.0,7.12,4.21,2001,6,5,6.416666667,0.0
7104,7234,Jarrod Cooper,S,Kansas State,222,4.45,41.5,0.0,130.0,6.87,3.9,2001,6,0,6.0,0.0
7105,7235,Dave Costa,OG,Wisconsin,305,5.34,0.0,17.0,0.0,0.0,0.0,2001,6,6,6.5,0.0
7106,7236,Rodney Crayton,CB,Auburn,178,4.6,35.5,13.0,118.0,7.25,4.4,2001,5,8,5.666666667,0.0
7107,7237,Rick Crowell,OLB,Colorado State,242,5.03,31.5,19.0,109.0,7.54,4.35,2001,6,3,6.25,0.0
7108,7238,Corey Crume,RB,East. Kentucky,225,4.76,37.0,15.0,115.0,7.36,4.32,2001,5,11,5.916666667,0.0
7109,7239,Alge Crumpler,TE,North Carolina,266,4.76,34.0,22.0,112.0,7.38,4.43,2001,6,2,6.166666667,0.0
7110,7240,Will Cuthbert,OG,Alabama,318,5.53,24.5,17.0,91.0,8.84,5.06,2001,6,5,6.416666667,0.0
7111,7241,Ronney Daniels,WR,Auburn,212,4.61,34.5,0.0,118.0,0.0,0.0,2001,6,1,6.083333333,0.0
7112,7242,Leonard Davis,OT,Texas,370,5.32,28.0,33.0,97.0,8.72,5.18,2001,6,6,6.5,0.0
7113,7243,Ennis Davis,DT,USC,302,5.1,27.5,23.0,99.0,7.98,4.87,2001,6,4,6.333333333,0.0
7114,7244,Rick DeMulling,OG,Idaho,307,5.24,31.5,32.0,108.0,7.62,4.6,2001,6,4,6.333333333,0.0
7115,7245,Anthony Denman,ILB,Notre Dame,239,4.76,0.0,0.0,0.0,0.0,0.0,2001,6,1,6.083333333,0.0
7116,7246,Ryan Diem,OT,Northern Illinois,338,5.13,34.0,0.0,102.0,7.5,4.46,2001,6,7,6.583333333,0.0
7117,7247,Tony Dixon,S,Alabama,213,4.63,37.0,17.0,117.0,7.38,0.0,2001,6,1,6.083333333,0.0
7118,7248,Jason Doering,S,Wisconsin,202,4.73,0.0,0.0,0.0,7.07,4.12,2001,5,11,5.916666667,0.0
7119,7249,Char-Ron Dorsey,OT,Florida State,348,5.99,0.0,16.0,0.0,0.0,0.0,2001,6,6,6.5,0.0
7120,7250,Eric Downing,DT,Syracuse,302,5.23,0.0,27.0,0.0,0.0,0.0,2001,6,3,6.25,0.0
7121,7251,Shawn Draper,OG,Alabama,303,5.3,32.0,17.0,106.0,8.1,4.77,2001,6,3,6.25,0.0
7122,7252,Patrick Dyson,CB,Utah,192,4.55,31.5,0.0,114.0,0.0,0.0,2001,5,11,5.916666667,0.0
7123,7253,Andre Dyson,CB,Utah,179,4.4,0.0,0.0,119.0,0.0,0.0,2001,5,10,5.833333333,0.0
7124,7254,Nijrell Eason,CB,Arizona State,201,4.59,34.5,19.0,119.0,0.0,0.0,2001,6,1,6.083333333,0.0
7125,7255,Ron Edwards,DT,Texas A&M,293,4.86,0.0,0.0,0.0,0.0,0.0,2001,6,3,6.25,0.0
7126,7256,Heath Evans,FB,Auburn,246,4.56,34.5,30.0,111.0,7.3,4.24,2001,6,0,6.0,0.0
7127,7257,Mario Fatafehi,DT,Kansas State,295,5.29,0.0,0.0,0.0,0.0,0.0,2001,6,2,6.166666667,0.0
7128,7258,Robert Ferguson,WR,Texas A&M,205,4.48,36.5,0.0,120.0,7.24,4.07,2001,6,1,6.083333333,0.0
7129,7259,Bill Ferrario,OG,Wisconsin,314,5.3,0.0,17.0,0.0,0.0,0.0,2001,6,2,6.166666667,0.0
7130,7260,Dauntae' Finger,TE,North Carolina,262,5.09,33.5,15.0,103.0,7.95,4.59,2001,6,4,6.333333333,0.0
7131,7261,Jamar Fletcher,CB,Wisconsin,180,4.48,0.0,0.0,0.0,0.0,0.0,2001,5,9,5.75,0.0
7132,7262,Richmond Flowers,WR,Tenn-Chattanooga,195,4.55,35.5,0.0,114.0,6.98,3.96,2001,5,11,5.916666667,0.0
7133,7263,Kynan Forney,OG,Hawaii,312,5.28,27.0,23.0,97.0,8.56,4.7,2001,6,2,6.166666667,0.0
7134,7264,Shawn Forte,S,Maryland,204,4.54,0.0,20.0,0.0,0.0,0.0,2001,6,1,6.083333333,0.0
7135,7265,Curtis Fuller,S,TCU,186,4.45,36.0,18.0,114.0,7.2,4.21,2001,5,10,5.833333333,0.0
7136,7266,Setema Gali,DE,BYU,251,4.88,0.0,0.0,0.0,0.0,0.0,2001,6,4,6.333333333,0.0
7137,7267,Mike Gandy,OG,Notre Dame,305,5.2,30.5,0.0,103.0,8.03,4.71,2001,6,4,6.333333333,0.0
7138,7269,Rod Gardner,WR,Clemson,219,4.48,0.0,0.0,0.0,0.0,0.0,2001,6,2,6.166666667,0.0
7139,7270,Randy Garner,DE,Arkansas,277,4.77,0.0,0.0,0.0,0.0,0.0,2001,6,4,6.333333333,0.0
7140,7271,Roberto Garza,C,Texas A&M-Kingsville,303,5.0,32.5,37.0,114.0,7.71,4.53,2001,6,2,6.166666667,0.0
7141,7272,Reggie Germany,WR,Ohio State,183,4.39,0.0,0.0,0.0,0.0,0.0,2001,6,1,6.083333333,0.0
7142,7273,Derrick Gibson,S,Florida State,218,4.45,0.0,17.0,0.0,0.0,0.0,2001,6,2,6.166666667,0.0
7143,7274,Jason Glenn,OLB,Texas A&M,236,4.94,36.0,14.0,115.0,7.16,4.31,2001,6,1,6.083333333,0.0
7144,7275,Kenneth Grant,CB,Kentucky,204,4.53,39.0,0.0,115.0,7.15,4.34,2001,5,10,5.833333333,0.0
7145,7276,DeLawrence Grant,DE,Oregon State,280,4.77,0.0,0.0,0.0,0.0,0.0,2001,6,3,6.25,0.0
7146,7277,Javon Green,WR,Colorado,211,4.73,35.5,0.0,113.0,7.41,4.34,2001,6,1,6.083333333,0.0
7147,7278,Morlon Greenwood,OLB,Syracuse,237,4.69,33.5,21.0,112.0,7.62,4.08,2001,6,0,6.0,0.0
7148,7279,Shane Griggs,QB,Michigan,199,4.83,0.0,0.0,0.0,0.0,0.0,2001,6,4,6.333333333,0.0
7149,7280,Latef Grim,WR,Pittsburgh,188,4.6,0.0,0.0,111.0,7.27,4.33,2001,5,11,5.916666667,0.0
7150,7281,Daniel Guy,WR,Jackson State,211,4.61,38.5,0.0,125.0,7.35,4.29,2001,6,2,6.166666667,0.0
7151,7282,Adam Haayer,OG,Minnesota,298,5.3,0.0,23.0,0.0,0.0,0.0,2001,6,6,6.5,0.0
7152,7283,Corey Hall,S,Appalachian State,198,4.5,36.5,14.0,127.0,0.0,0.0,2001,6,3,6.25,0.0
7153,7284,Ben Hamilton,C,Minnesota,303,5.26,33.5,17.0,106.0,7.62,4.62,2001,6,5,6.416666667,0.0
7154,7285,Casey Hampton,DT,Texas,314,5.25,0.0,34.0,0.0,0.0,0.0,2001,6,1,6.083333333,0.0
7155,7286,Antoine Harris,TE,Louisville,260,4.93,0.0,11.0,0.0,0.0,0.0,2001,6,3,6.25,0.0
7156,7287,Nick Harris,P,California,221,0.0,0.0,0.0,0.0,0.0,0.0,2001,6,2,6.166666667,0.0
7157,7288,Shaunard Harts,S,Boise State,200,4.56,34.5,12.0,119.0,7.14,0.0,2001,6,0,6.0,0.0
7158,7289,Edgerton Hartwell,ILB,West. Illinois,250,4.86,36.5,18.0,114.0,7.64,4.56,2001,6,1,6.083333333,0.0
7159,7290,Tim Hasselbeck,QB,Boston Col.,211,4.83,33.0,0.0,113.0,7.27,4.4,2001,6,1,6.083333333,0.0
7160,7291,Reggie Hayward,DE,Iowa State,255,4.91,41.0,21.0,127.0,7.43,4.43,2001,6,5,6.416666667,0.0
7161,7292,Todd Heap,TE,Arizona State,252,4.68,0.0,0.0,0.0,0.0,0.0,2001,6,5,6.416666667,0.0
7162,7293,Jamie Henderson,CB,Georgia,202,4.48,40.5,10.0,125.0,6.9,4.12,2001,6,1,6.083333333,0.0
7163,7294,Anthony Henry,CB,South Florida,198,4.6,41.0,15.0,126.0,6.9,4.2,2001,6,1,6.083333333,0.0
7164,7295,Travis Henry,RB,Tennessee,223,4.61,0.0,23.0,0.0,0.0,0.0,2001,5,9,5.75,0.0
7165,7296,Anthony Herron,DE,Iowa,280,5.16,36.0,26.0,114.0,7.58,4.43,2001,6,3,6.25,0.0
7166,7297,Josh Heupel,QB,Oklahoma,215,4.85,37.5,0.0,114.0,7.18,4.15,2001,6,2,6.166666667,0.0
7167,7298,Renaldo Hill,CB,Michigan State,178,4.68,35.5,10.0,116.0,7.07,4.18,2001,5,11,5.916666667,0.0
7168,7299,Russ Hochstein,OG,Nebraska,300,5.4,26.5,16.0,95.0,7.85,4.69,2001,6,3,6.25,0.0
7169,7300,Sedrick Hodge,OLB,North Carolina,244,4.49,32.0,21.0,120.0,0.0,4.09,2001,6,4,6.333333333,0.0
7170,7301,Paul Hogan,C,Alabama,290,5.5,29.0,26.0,102.0,7.78,4.54,2001,6,3,6.25,0.0
7171,7302,Jabari Holloway,TE,Notre Dame,253,4.91,38.5,20.0,113.0,7.14,4.4,2001,6,2,6.166666667,0.0
7172,7303,Menson Holloway,DE,Texas-El Paso,284,4.9,34.5,19.0,111.0,7.54,4.43,2001,6,2,6.166666667,0.0
7173,7304,Rashad Holman,CB,Louisville,186,4.58,42.0,6.0,129.0,7.09,3.85,2001,5,11,5.916666667,0.0
7174,7305,Derek Homer,RB,Kentucky,194,4.6,32.5,0.0,113.0,7.24,4.3,2001,5,8,5.666666667,0.0
7175,7306,Margin Hooks,WR,BYU,191,4.5,36.0,0.0,116.0,7.08,4.18,2001,5,11,5.916666667,0.0
7176,7307,Willie Howard,DT,Stanford,295,4.94,0.0,23.0,0.0,0.0,0.0,2001,6,3,6.25,0.0
7177,7308,John Howell,S,Colorado State,204,4.64,37.0,14.0,121.0,6.87,4.12,2001,6,0,6.0,0.0
7178,7309,Orlando Huff,OLB,Fresno State,245,4.7,0.0,16.0,0.0,0.0,0.0,2001,6,2,6.166666667,0.0
7179,7310,Steve Hutchinson,OG,Michigan,315,5.15,33.5,31.0,106.0,0.0,4.74,2001,6,5,6.416666667,0.0
7180,7311,Khori Ivy,WR,West Virginia,195,4.64,0.0,0.0,0.0,0.0,0.0,2001,6,2,6.166666667,0.0
7181,7312,Arnold Jackson,WR,Louisville,167,4.48,41.0,0.0,127.0,7.42,4.11,2001,5,8,5.666666667,0.0
7182,7313,James Jackson,RB,Miami (FL),210,4.55,0.0,0.0,0.0,0.0,0.0,2001,5,10,5.833333333,0.0
7183,7314,William James,CB,West. Illinois,197,4.51,38.5,13.0,120.0,0.0,0.0,2001,6,0,6.0,0.0
7184,7315,Cedric James,WR,TCU,204,4.49,43.0,0.0,134.0,0.0,0.0,2001,6,2,6.166666667,0.0
7185,7316,Michael Jameson,S,Texas A&M,186,4.5,34.5,9.0,118.0,7.13,4.2,2001,5,11,5.916666667,0.0
7186,7317,Ortege Jenkins,QB,Arizona,234,4.82,34.5,0.0,108.0,7.32,4.4,2001,6,1,6.083333333,0.0
7187,7318,Kris Jenkins,DT,Maryland,318,5.19,31.0,33.0,108.0,7.85,4.4,2001,6,5,6.416666667,0.0
7188,7320,Jonas Jennings,OT,Georgia,334,5.31,29.5,31.0,102.0,8.08,4.93,2001,6,4,6.333333333,0.0
7189,7321,Ligarius Jennings,CB,Tennessee State,202,4.67,34.0,11.0,120.0,7.07,4.03,2001,5,9,5.75,0.0
7190,7322,Sly Johnson,WR,Miami (OH),181,4.61,35.5,0.0,115.0,0.0,0.0,2001,5,9,5.75,0.0
7191,7323,Jevaris Johnson,TE,Georgia,257,4.9,0.0,0.0,0.0,0.0,0.0,2001,6,5,6.416666667,0.0
7192,7324,Chad Johnson,WR,Oregon State,192,4.57,33.0,0.0,108.0,7.51,4.14,2001,6,1,6.083333333,0.0
7193,7325,Rudi Johnson,RB,Auburn,227,4.57,37.5,24.0,119.0,7.32,4.22,2001,5,10,5.833333333,0.0
7194,7326,Kenyatta Jones,OT,South Florida,308,5.01,0.0,31.0,0.0,0.0,0.0,2001,6,3,6.25,0.0
7195,7327,Kevin Jordan,OG,Fresno State,308,5.07,31.5,20.0,112.0,0.0,4.95,2001,6,5,6.416666667,0.0
7196,7328,Lamont Jordan,RB,Maryland,234,4.57,0.0,24.0,0.0,0.0,0.0,2001,5,10,5.833333333,0.0
7197,7329,Bhawoh Jue,CB,Penn State,199,4.54,34.5,0.0,113.0,7.21,4.27,2001,6,0,6.0,0.0
7198,7330,Kevin Kasper,WR,Iowa,199,4.42,43.5,0.0,126.0,6.56,3.73,2001,6,0,6.0,0.0
7199,7331,Michael Keathley,OG,TCU,308,5.24,32.5,28.0,0.0,0.0,0.0,2001,6,4,6.333333333,0.0
7200,7332,Rod Kelly,DE,Northeastern State,254,4.93,28.5,20.0,114.0,7.93,4.55,2001,6,5,6.416666667,0.0
7201,7333,Eric Kelly,CB,Kentucky,199,4.46,36.0,15.0,120.0,7.24,4.18,2001,5,10,5.833333333,0.0
7202,7334,Robert Kilow,WR,Arkansas State,171,4.44,0.0,0.0,0.0,0.0,0.0,2001,5,10,5.833333333,0.0
7203,7335,Andre King,WR,Miami (FL),199,4.61,0.0,0.0,0.0,0.0,0.0,2001,6,0,6.0,0.0
7204,7336,Dave Klemic,WR,Northeastern (MA),188,4.37,36.5,0.0,116.0,0.0,0.0,2001,5,11,5.916666667,0.0
7205,7337,Ross Kolodziej,DE,Wisconsin,290,4.87,34.5,25.0,111.0,7.37,4.36,2001,6,3,6.25,0.0
7206,7338,Justin Kurpeikis,DE,Penn State,252,4.97,31.5,22.0,118.0,6.82,4.1,2001,6,3,6.25,0.0
7207,7339,George Layne,FB,TCU,242,4.59,32.0,0.0,115.0,7.08,4.19,2001,5,11,5.916666667,0.0
7208,7340,David Leaverton,P,Tennessee,211,0.0,0.0,0.0,0.0,0.0,0.0,2001,6,3,6.25,0.0
7209,7341,Matt Lehr,OG,Virginia Tech,290,5.28,31.5,28.0,111.0,7.59,4.44,2001,6,2,6.166666667,0.0
7210,7342,Cleo Lemon,QB,Arkansas State,226,4.87,35.5,0.0,106.0,7.33,4.27,2001,6,2,6.166666667,0.0
7211,7343,Damione Lewis,DT,Miami (FL),293,4.9,0.0,22.0,0.0,0.0,0.0,2001,6,3,6.25,0.0
7212,7344,Victor Leyva,OG,Arizona State,313,5.33,30.0,37.0,105.0,8.0,4.73,2001,6,3,6.25,0.0
7213,7345,Matt Light,OT,Purdue,311,5.29,0.0,26.0,0.0,7.84,4.49,2001,6,5,6.416666667,0.0
7214,7346,Alex Lincoln,ILB,Auburn,251,4.77,35.0,22.0,111.0,0.0,0.0,2001,6,0,6.0,0.0
7215,7347,DeAngelo Lloyd,DE,Tennessee,264,4.88,0.0,15.0,0.0,0.0,0.0,2001,6,5,6.416666667,0.0
7216,7348,Arther Love,TE,South Carolina State,236,4.75,36.0,24.0,0.0,0.0,0.0,2001,6,4,6.333333333,0.0
7217,7349,Ken Lucas,CB,Mississippi,200,4.45,0.0,0.0,0.0,0.0,0.0,2001,6,0,6.0,0.0
7218,7350,LaShaun Mack,C,Norfolk State,299,5.56,26.5,17.0,92.0,8.59,4.99,2001,6,3,6.25,0.0
7219,7351,Brandon Manumaleuna,TE,Arizona,275,4.99,30.0,0.0,106.0,7.49,4.26,2001,6,2,6.166666667,0.0
7220,7352,Torrance Marshall,ILB,Oklahoma,249,4.7,0.0,0.0,0.0,0.0,0.0,2001,6,2,6.166666667,0.0
7221,7353,David Martin,WR,Tennessee,242,4.76,0.0,0.0,0.0,0.0,0.0,2001,6,4,6.333333333,0.0
7222,7354,Shaun Mason,OG,Michigan State,302,5.49,0.0,0.0,0.0,0.0,0.0,2001,6,5,6.416666667,0.0
7223,7355,Deuce McAllister,RB,Mississippi,222,4.41,0.0,0.0,0.0,0.0,0.0,2001,6,1,6.083333333,0.0
7224,7356,Brent McCaffrey,OG,USC,282,5.2,0.0,0.0,0.0,0.0,0.0,2001,6,4,6.333333333,0.0
7225,7357,Justin McCareins,WR,Northern Illinois,209,4.51,41.0,0.0,129.0,7.06,3.99,2001,6,2,6.166666667,0.0
7226,7358,Dustin McClintock,FB,Alabama,259,5.31,30.0,7.0,105.0,8.1,4.58,2001,6,1,6.083333333,0.0
7227,7359,Quentin McCord,WR,Kentucky,191,4.48,36.5,0.0,112.0,7.17,4.18,2001,5,10,5.833333333,0.0
7228,7360,Marlon McCree,S,Kentucky,197,4.62,38.0,10.0,117.0,7.36,4.1,2001,5,11,5.916666667,0.0
7229,7361,Jeff McCurley,C,Pittsburgh,280,5.25,0.0,0.0,0.0,0.0,0.0,2001,6,4,6.333333333,0.0
7230,7362,Kareem McKenzie,OT,Penn State,328,5.33,33.0,20.0,104.0,7.87,4.8,2001,6,6,6.5,0.0
7231,7363,Mike McMahon,QB,Rutgers,207,4.57,37.5,0.0,124.0,7.12,4.12,2001,6,2,6.166666667,0.0
7232,7364,Shad Meier,TE,Kansas State,256,4.85,34.0,20.0,113.0,7.14,4.15,2001,6,5,6.416666667,0.0
7233,7365,Willie Middlebrooks,CB,Minnesota,200,4.5,0.0,17.0,0.0,0.0,0.0,2001,6,2,6.166666667,0.0
7234,7366,Romaro Miller,QB,Mississippi,205,4.61,35.0,0.0,110.0,7.4,4.51,2001,6,0,6.0,0.0
7235,7367,Shawn Mills,WR,Southern Miss,180,4.51,34.5,0.0,116.0,7.12,4.15,2001,6,0,6.0,0.0
7236,7368,Snoop Minnis,WR,Florida State,171,4.57,37.5,0.0,115.0,7.06,4.07,2001,6,1,6.083333333,0.0
7237,7369,Travis Minor,RB,Florida State,197,4.44,32.0,9.0,115.0,0.0,0.0,2001,5,10,5.833333333,0.0
7238,7371,Dwayne Missouri,DE,Northwestern,258,5.03,38.0,21.0,116.0,7.5,4.4,2001,6,5,6.416666667,0.0
7239,7372,Hodges Mitchell,RB,Texas,180,4.53,0.0,0.0,0.0,0.0,0.0,2001,5,7,5.583333333,0.0
7240,7373,Freddie Mitchell,WR,UCLA,185,4.46,39.5,0.0,120.0,6.95,4.06,2001,5,11,5.916666667,0.0
7241,7374,Mario Monds,DT,Cincinnati,342,5.04,28.5,0.0,99.0,8.06,4.73,2001,6,3,6.25,0.0
7242,7375,Keon Moore,CB,Southern Miss,193,4.56,37.5,10.0,119.0,7.06,4.2,2001,5,11,5.916666667,0.0
7243,7376,Zeke Moreno,ILB,USC,248,4.76,0.0,24.0,0.0,7.1,4.31,2001,6,2,6.166666667,0.0
7244,7377,Dan Morgan,ILB,Miami (FL),240,4.54,0.0,0.0,0.0,0.0,0.0,2001,6,2,6.166666667,0.0
7245,7378,Quincy Morgan,WR,Kansas State,211,4.48,0.0,0.0,0.0,0.0,0.0,2001,6,1,6.083333333,0.0
7246,7379,Santana Moss,WR,Miami (FL),184,4.31,0.0,0.0,0.0,0.0,0.0,2001,5,10,5.833333333,0.0
7247,7380,Leonard Myers,CB,Miami (FL),190,4.65,37.0,13.0,120.0,7.21,4.16,2001,5,10,5.833333333,0.0
7248,7381,Brian Natkin,TE,Texas-El Paso,251,4.95,27.0,20.0,98.0,7.78,4.59,2001,6,2,6.166666667,0.0
7249,7382,Steve Neal,WR,West. Michigan,190,4.59,36.0,0.0,119.0,7.18,4.19,2001,6,1,6.083333333,0.0
7250,7383,Carl Nesmith,S,Kansas,223,4.95,31.5,5.0,112.0,0.0,0.0,2001,6,2,6.166666667,0.0
7251,7384,Bobby Newcombe,WR,Nebraska,195,4.53,37.0,0.0,117.0,6.86,3.98,2001,5,10,5.833333333,0.0
7252,7385,Richard Newsome,S,Michigan State,203,4.59,0.0,14.0,0.0,0.0,0.0,2001,5,11,5.916666667,0.0
7253,7386,Mathias Nkwenti,OG,Temple,293,5.57,35.5,29.0,113.0,7.66,4.18,2001,6,3,6.25,0.0
7254,7387,Dennis Norman,OG,Princeton,305,5.16,35.0,25.0,107.0,8.08,4.72,2001,6,4,6.333333333,0.0
7255,7388,Moran Norris,FB,Kansas,250,4.63,31.0,37.0,114.0,7.56,4.5,2001,6,1,6.083333333,0.0
7256,7389,Dan O'Leary,TE,Notre Dame,252,5.02,32.0,16.0,113.0,7.4,4.31,2001,6,4,6.333333333,0.0
7257,7390,Ifeanyi Ohalete,S,USC,221,4.64,0.0,16.0,0.0,0.0,0.0,2001,6,2,6.166666667,0.0
7258,7391,Chukky Okobi,C,Purdue,316,5.27,32.5,24.0,103.0,7.87,4.61,2001,6,1,6.083333333,0.0
7259,7392,Jesse Palmer,QB,Florida,231,4.78,35.5,0.0,112.0,7.13,4.29,2001,6,2,6.166666667,0.0
7260,7393,Saul Patu,DE,Oregon,272,5.01,30.5,22.0,112.0,7.52,4.43,2001,6,2,6.166666667,0.0
7261,7394,Tupe Peko,C,Michigan State,300,5.36,28.0,0.0,92.0,8.1,4.56,2001,6,4,6.333333333,0.0
7262,7395,Devonte Peterson,DE,Catawba,275,5.02,0.0,31.0,0.0,0.0,0.0,2001,6,3,6.25,0.0
7263,7396,Jeremiah Pharms,OLB,Washington,257,4.91,32.5,0.0,106.0,7.37,4.53,2001,6,0,6.0,0.0
7264,7397,Ryan Pickett,DT,Ohio State,309,5.1,0.0,0.0,0.0,0.0,0.0,2001,6,2,6.166666667,0.0
7265,7398,Vitaly Pisetsky,K,Wisconsin,232,0.0,0.0,0.0,0.0,0.0,0.0,2001,5,10,5.833333333,0.0
7266,7399,Owen Pochman,K,BYU,179,0.0,0.0,0.0,0.0,0.0,0.0,2001,5,11,5.916666667,0.0
7267,7400,Carlos Polk,ILB,Nebraska,251,4.76,0.0,0.0,0.0,0.0,0.0,2001,6,2,6.166666667,0.0
7268,7401,Tommy Polley,OLB,Florida State,234,4.55,0.0,0.0,0.0,0.0,0.0,2001,6,4,6.333333333,0.0
7269,7402,Nate Poole,WR,Marshall,198,4.79,32.5,0.0,112.0,7.26,4.22,2001,6,1,6.083333333,0.0
7270,7403,Ryan Prince,TE,Weber State,257,4.99,31.0,20.0,102.0,7.65,4.45,2001,6,4,6.333333333,0.0
7271,7404,Casey Rabach,C,Wisconsin,298,5.23,0.0,19.0,0.0,0.0,0.0,2001,6,4,6.333333333,0.0
7272,7405,Dominic Raiola,C,Nebraska,307,5.13,33.0,29.0,108.0,7.55,4.35,2001,6,2,6.166666667,0.0
7273,7406,Ken-Yon Rambo,WR,Ohio State,196,4.34,0.0,0.0,0.0,0.0,0.0,2001,6,1,6.083333333,0.0
7274,7407,Josh Redding,OG,Virginia Tech,317,5.47,27.0,31.0,97.0,7.85,4.8,2001,6,4,6.333333333,0.0
7275,7408,Ray Redziniak,OG,Illinois,296,5.5,27.0,32.0,92.0,8.17,4.77,2001,6,3,6.25,0.0
7276,7409,Jamal Reynolds,DE,Florida State,267,4.72,0.0,0.0,0.0,0.0,0.0,2001,6,3,6.25,0.0
7277,7410,Jamie Rheem,K,Kansas State,192,0.0,0.0,0.0,0.0,0.0,0.0,2001,6,1,6.083333333,0.0
7278,7411,Karon Riley,DE,Minnesota,264,4.75,0.0,0.0,0.0,0.0,0.0,2001,6,2,6.166666667,0.0
7279,7412,David Rivers,QB,West. Carolina,223,4.73,31.5,0.0,115.0,7.37,4.2,2001,6,3,6.25,0.0
7280,7413,Marcellus Rivers,TE,Oklahoma State,247,4.84,32.5,7.0,113.0,7.04,4.25,2001,6,4,6.333333333,0.0
7281,7414,Mike Roberg,TE,Idaho,256,4.75,34.5,16.0,117.0,7.28,4.4,2001,6,4,6.333333333,0.0
7282,7415,Bernard Robertson,OG,Tulane,308,5.24,30.0,19.0,106.0,8.06,4.58,2001,6,3,6.25,0.0
7283,7416,Koren Robinson,WR,North Carolina State,211,4.61,0.0,0.0,0.0,0.0,0.0,2001,6,1,6.083333333,0.0
7284,7417,Kendrick Rogers,OT,Central Missouri State,311,5.16,0.0,23.0,0.0,0.0,0.0,2001,6,5,6.416666667,0.0
7285,7418,Shaun Rogers,DT,Texas,320,5.28,0.0,0.0,0.0,0.0,0.0,2001,6,4,6.333333333,0.0
7286,7419,Sage Rosenfels,QB,Iowa State,228,4.74,34.0,0.0,107.0,7.07,4.29,2001,6,4,6.333333333,0.0
7287,7420,Jace Sayler,DT,Michigan State,294,5.06,31.0,29.0,105.0,7.81,4.59,2001,6,5,6.416666667,0.0
7288,7422,John Schlecht,DT,Minnesota,295,4.95,31.5,27.0,101.0,7.45,4.3,2001,6,0,6.0,0.0
7289,7423,Aaron Schobel,DE,TCU,263,4.75,38.0,0.0,119.0,7.16,4.03,2001,6,4,6.333333333,0.0
7290,7424,Carey Scott,CB,Kentucky State,208,4.65,30.0,0.0,113.0,7.52,4.18,2001,5,11,5.916666667,0.0
7291,7425,Cedric Scott,DE,Southern Miss,281,4.86,35.5,23.0,107.0,7.67,4.37,2001,6,6,6.5,0.0
7292,7426,Anthony Sessions,OLB,Tennessee,228,4.8,0.0,19.0,0.0,0.0,0.0,2001,6,0,6.0,0.0
7293,7427,Roland Seymour,DE,Florida State,250,4.75,0.0,0.0,0.0,0.0,0.0,2001,6,3,6.25,0.0
7294,7428,Richard Seymour,DT,Georgia,299,4.95,0.0,0.0,0.0,0.0,0.0,2001,6,6,6.5,0.0
7295,7429,Marcel Shipp,RB,Massachusetts,222,4.71,32.5,18.0,115.0,0.0,0.0,2001,5,11,5.916666667,0.0
7296,7430,Elliot Silvers,OT,Washington,348,5.43,31.5,19.0,99.0,7.81,4.66,2001,6,7,6.583333333,0.0
7297,7431,Rickie Simpkins,DT,Syracuse,287,5.28,29.5,0.0,97.0,7.65,4.52,2001,6,3,6.25,0.0
7298,7432,Dwight Smith,CB,Akron,212,4.51,33.5,15.0,114.0,0.0,0.0,2001,5,10,5.833333333,0.0
7299,7433,Justin Smith,DE,Missouri,267,4.64,34.0,26.0,117.0,0.0,0.0,2001,6,4,6.333333333,0.0
7300,7434,Kenny Smith,DT,Alabama,299,5.24,30.0,0.0,100.0,8.0,4.8,2001,6,3,6.25,0.0
7301,7435,Omar Smith,OG,Kentucky,293,5.33,30.0,21.0,98.0,0.0,0.0,2001,6,2,6.166666667,0.0
7302,7436,Steve Smith,WR,Utah,184,4.41,38.5,0.0,121.0,7.44,4.25,2001,5,9,5.75,0.0
7303,7437,Fred Smoot,CB,Mississippi State,172,4.48,0.0,0.0,0.0,0.0,0.0,2001,5,11,5.916666667,0.0
7304,7438,Brandon Spoon,ILB,North Carolina,245,4.75,35.5,33.0,110.0,7.3,4.15,2001,6,2,6.166666667,0.0
7305,7439,Markus Steele,OLB,USC,232,4.62,33.0,0.0,119.0,7.15,4.5,2001,6,3,6.25,0.0
7306,7440,Kevin Stemke,P,Wisconsin,187,0.0,0.0,0.0,0.0,0.0,0.0,2001,6,2,6.166666667,0.0
7307,7441,Russell Stewart,TE,Stanford,251,4.92,28.5,17.0,106.0,7.46,4.3,2001,6,4,6.333333333,0.0
7308,7442,Daleroy Stewart,DT,Southern Miss,309,4.9,33.0,0.0,110.0,7.75,4.72,2001,6,3,6.25,0.0
7309,7443,Tony Stewart,TE,Penn State,256,4.96,35.5,0.0,109.0,7.3,4.4,2001,6,5,6.416666667,0.0
7310,7444,Kris Stockton,K,Texas,189,0.0,0.0,0.0,0.0,0.0,0.0,2001,5,9,5.75,0.0
7311,7445,Michael Stone,CB,Memphis,191,4.51,41.0,17.0,127.0,0.0,0.0,2001,5,11,5.916666667,0.0
7312,7446,Marcus Stroud,DT,Georgia,321,5.13,30.0,21.0,110.0,8.07,4.72,2001,6,6,6.5,0.0
7313,7447,Tim Stuber,OG,Colorado State,315,5.6,28.0,22.0,96.0,8.06,4.75,2001,6,5,6.416666667,0.0
7314,7448,Dan Stultz,K,Ohio State,207,0.0,0.0,0.0,0.0,0.0,0.0,2001,5,11,5.916666667,0.0
7315,7449,Alex Sulfsted,OG,Miami (OH),312,5.3,30.5,0.0,96.0,0.0,0.0,2001,6,4,6.333333333,0.0
7316,7450,Marques Sullivan,OT,Illinois,338,5.32,30.5,28.0,98.0,8.36,4.8,2001,6,5,6.416666667,0.0
7317,7451,Vinny Sutherland,WR,Purdue,192,4.48,0.0,0.0,0.0,0.0,0.0,2001,5,9,5.75,0.0
7318,7452,Joe Tafoya,DE,Arizona,269,4.91,33.0,28.0,111.0,7.65,4.4,2001,6,4,6.333333333,0.0
7319,7453,Chris Taylor,WR,Texas A&M,183,4.4,35.5,0.0,115.0,6.81,3.93,2001,5,11,5.916666667,0.0
7320,7454,David Terrell,WR,Michigan,213,4.43,0.0,0.0,0.0,0.0,0.0,2001,6,3,6.25,0.0
7321,7455,Clevan Thomas,CB,Florida State,189,4.64,36.0,0.0,118.0,7.42,4.24,2001,5,9,5.75,0.0
7322,7456,Tarlos Thomas,OT,Florida State,336,5.52,25.0,19.0,92.0,8.6,4.9,2001,6,5,6.416666667,0.0
7323,7457,Anthony Thomas,RB,Michigan,229,4.58,32.5,20.0,115.0,7.48,4.44,2001,6,2,6.166666667,0.0
7324,7458,LaDainian Tomlinson,RB,TCU,221,4.46,40.5,18.0,124.0,6.84,4.21,2001,5,10,5.833333333,0.0
7325,7459,Ja'Mar Toombs,FB,Texas A&M,281,4.72,0.0,17.0,0.0,0.0,0.0,2001,6,0,6.0,0.0
7326,7460,Paul Toviessi,DE,Marshall,260,4.78,33.5,0.0,120.0,7.06,4.32,2001,6,6,6.5,0.0
7327,7461,Albert Traylor,OG,NW State (LA),307,5.42,27.0,20.0,96.0,8.34,0.0,2001,6,3,6.25,0.0
7328,7462,Marques Tuiasosopo,QB,Washington,223,4.71,35.5,0.0,115.0,7.36,4.35,2001,6,1,6.083333333,0.0
7329,7463,T.J. Turner,ILB,Michigan State,273,4.8,0.0,0.0,0.0,0.0,0.0,2001,6,3,6.25,0.0
7330,7464,Chris Valletta,OG,Texas A&M,299,5.32,33.5,18.0,98.0,7.9,4.53,2001,6,3,6.25,0.0
7331,7465,Patrick Venzke,OT,Idaho,303,5.28,34.0,0.0,103.0,8.08,4.59,2001,6,6,6.5,0.0
7332,7466,Michael Vick,QB,Virginia Tech,210,4.33,0.0,0.0,0.0,0.0,0.0,2001,6,0,6.0,0.0
7333,7467,Keydrick Vincent,OG,Mississippi,328,5.61,32.5,23.0,94.0,0.0,0.0,2001,6,5,6.416666667,0.0
7334,7468,Fred Wakefield,DE,Illinois,287,5.09,29.0,26.0,108.0,7.49,4.64,2001,6,7,6.583333333,0.0
7335,7469,Kenyatta Walker,OT,Florida,311,5.17,31.5,24.0,109.0,7.7,4.6,2001,6,5,6.416666667,0.0
7336,7470,Raymond Walls,CB,Southern Miss,176,4.51,39.0,0.0,124.0,0.0,4.18,2001,5,11,5.916666667,0.0
7337,7471,Chad Ward,OG,Washington,321,5.23,32.5,26.0,99.0,7.98,4.9,2001,6,4,6.333333333,0.0
7338,7473,David Warren,DE,Florida State,253,4.73,0.0,21.0,0.0,7.53,4.46,2001,6,2,6.166666667,0.0
7339,7474,Gerard Warren,DT,Florida,325,5.0,0.0,0.0,0.0,0.0,0.0,2001,6,4,6.333333333,0.0
7340,7475,Reggie Wayne,WR,Miami (FL),198,4.45,0.0,0.0,0.0,0.0,0.0,2001,6,0,6.0,0.0
7341,7476,Chris Weinke,QB,Florida State,226,5.2,0.0,0.0,0.0,0.0,0.0,2001,6,4,6.333333333,0.0
7342,7477,Eric Westmoreland,OLB,Tennessee,236,4.63,36.5,21.0,115.0,7.47,4.21,2001,6,0,6.0,0.0
7343,7478,Emile White,S,Houston,219,4.68,34.5,16.0,111.0,7.26,0.0,2001,6,0,6.0,0.0
7344,7479,Reggie White,RB,Oklahoma State,228,4.58,37.5,17.0,114.0,7.48,4.4,2001,6,0,6.0,0.0
7345,7480,James Whitley,CB,Michigan,193,4.73,39.0,9.0,118.0,7.04,4.4,2001,5,10,5.833333333,0.0
7346,7481,Boo Williams,TE,Arkansas,237,4.72,35.5,0.0,119.0,7.1,4.33,2001,6,4,6.333333333,0.0
7347,7482,Brock Williams,CB,Notre Dame,183,4.46,42.5,11.0,130.0,6.7,4.21,2001,5,10,5.833333333,0.0
7348,7483,Jimmy Williams,CB,Vanderbilt,188,4.58,36.0,0.0,120.0,7.12,0.0,2001,5,10,5.833333333,0.0
7349,7484,Louis Williams,OG,LSU,299,5.48,28.5,25.0,103.0,7.86,4.67,2001,6,4,6.333333333,0.0
7350,7485,Marcus Williams,WR,Washington State,230,4.56,41.0,0.0,130.0,7.37,4.2,2001,6,5,6.416666667,0.0
7351,7486,Maurice Williams,OT,Michigan,304,5.2,0.0,24.0,0.0,0.0,0.0,2001,6,5,6.416666667,0.0
7352,7487,Cedrick Wilson,WR,Tennessee,179,4.48,38.0,0.0,123.0,0.0,0.0,2001,5,10,5.833333333,0.0
7353,7488,Jamie Winborn,ILB,Vanderbilt,229,4.63,35.5,0.0,111.0,0.0,0.0,2001,5,11,5.916666667,0.0
7354,7489,Brandon Winey,OT,LSU,301,5.3,0.0,0.0,0.0,0.0,0.0,2001,6,6,6.5,0.0
7355,7490,Pork Chop Womack,OG,Mississippi State,345,5.51,29.5,23.0,97.0,8.78,4.96,2001,6,4,6.333333333,0.0
7356,7491,Shawn Worthen,DT,TCU,310,5.18,30.0,23.0,103.0,7.5,4.61,2001,6,1,6.083333333,0.0
7357,7492,Ellis Wyms,DE,Mississippi State,285,4.97,28.0,0.0,103.0,7.71,4.47,2001,6,3,6.25,0.0
7358,7493,Paul Zukauskas,OG,Boston Col.,307,5.3,0.0,22.0,0.0,0.0,0.0,2001,6,5,6.416666667,0.0
7359,7494,John Abraham,OLB,South Carolina,252,4.55,0.0,0.0,0.0,0.0,0.0,2000,6,4,6.333333333,0.0
7360,7495,Shaun Alexander,RB,Alabama,218,4.58,0.0,0.0,0.0,0.0,0.0,2000,6,0,6.0,0.0
7361,7496,Darnell Alford,OT,Boston Col.,334,5.56,25.0,23.0,94.0,8.48,4.98,2000,6,4,6.333333333,0.0
7362,7497,Kyle Allamon,TE,Texas Tech,253,4.97,29.0,0.0,104.0,7.29,4.49,2000,6,2,6.166666667,0.0
7363,7498,Rashard Anderson,CB,Jackson State,206,4.55,34.0,0.0,123.0,7.18,4.15,2000,6,2,6.166666667,0.0
7364,7499,Jake Arians,K,Ala-Birmingham,202,0.0,0.0,0.0,0.0,0.0,0.0,2000,5,10,5.833333333,0.0
7365,7500,LaVar Arrington,OLB,Penn State,250,4.53,0.0,0.0,0.0,0.0,0.0,2000,6,3,6.25,0.0
7366,7501,Corey Atkins,OLB,South Carolina,237,4.72,31.0,21.0,112.0,7.96,4.39,2000,6,0,6.0,0.0
7367,7502,Kyle Atteberry,K,Baylor,167,0.0,0.0,0.0,0.0,0.0,0.0,2000,6,0,6.0,0.0
7368,7503,Reggie Austin,CB,Wake Forest,175,4.44,35.0,17.0,119.0,7.03,4.14,2000,5,9,5.75,0.0
7369,7504,John Baker,P,North Texas,227,0.0,0.0,0.0,0.0,0.0,0.0,2000,6,3,6.25,0.0
7370,7505,Mark Baniewicz,OT,Syracuse,312,5.34,28.0,20.0,96.0,7.72,4.73,2000,6,6,6.5,0.0
7371,7506,Rashidi Barnes,S,Colorado,208,4.62,35.0,10.0,114.0,6.92,4.32,2000,6,0,6.0,0.0
7372,7507,David Barrett,CB,Arkansas,199,4.44,37.5,16.0,116.0,6.81,4.04,2000,5,10,5.833333333,0.0
7373,7508,William Bartee,CB,Oklahoma,192,4.43,38.5,0.0,124.0,6.7,3.99,2000,6,1,6.083333333,0.0
7374,7509,Andrew Bayes,P,East Carolina,200,0.0,0.0,0.0,0.0,0.0,0.0,2000,6,2,6.166666667,0.0
7375,7510,Terrance Beadles,OG,Ark-Pine Bluff,312,5.19,0.0,29.0,0.0,0.0,0.0,2000,6,3,6.25,0.0
7376,7511,Robert Bean,CB,Mississippi State,178,4.5,34.5,0.0,122.0,6.87,4.2,2000,5,11,5.916666667,0.0
7377,7512,Anthony Becht,TE,West Virginia,270,4.78,33.5,0.0,123.0,6.94,4.08,2000,6,6,6.5,0.0
7378,7513,Matt Beck,ILB,California,234,4.65,0.0,0.0,0.0,0.0,0.0,2000,6,3,6.25,0.0
7379,7514,Rogers Beckett,S,Marshall,207,4.62,39.5,15.0,119.0,6.48,4.29,2000,6,1,6.083333333,0.0
7380,7515,Brad Bedell,OG,Colorado,302,5.07,31.5,17.0,103.0,7.76,4.58,2000,6,4,6.333333333,0.0
7381,7516,Marcus Bell,ILB,Arizona,237,4.78,31.5,21.0,111.0,7.17,4.33,2000,6,2,6.166666667,0.0
7382,7517,Gary Berry,S,Ohio State,204,4.55,0.0,0.0,0.0,0.0,0.0,2000,5,11,5.916666667,0.0
7383,7518,Michael Boireau,DE,Miami (FL),274,5.09,29.0,26.0,105.0,7.68,4.49,2000,6,4,6.333333333,0.0
7384,7519,Matt Bowen,S,Iowa,201,4.49,33.0,12.0,115.0,7.06,4.09,2000,6,1,6.083333333,0.0
7385,7520,Carl Bradley,DT,Virginia Tech,300,5.03,0.0,0.0,0.0,0.0,0.0,2000,6,2,6.166666667,0.0
7386,7521,Tom Brady,QB,Michigan,211,5.28,24.5,0.0,99.0,7.2,4.38,2000,6,4,6.333333333,0.0
7387,7522,Robert Brannon,DT,Iowa State,309,5.19,28.5,28.0,99.0,7.82,4.7,2000,6,4,6.333333333,0.0
7388,7523,Keith Brown,RB,UCLA,216,4.66,30.0,0.0,117.0,6.64,4.08,2000,5,11,5.916666667,0.0
7389,7524,Demario Brown,RB,Utah State,217,4.72,31.0,0.0,107.0,7.17,4.39,2000,6,0,6.0,0.0
7390,7525,Courtney Brown,DE,Penn State,269,4.78,0.0,0.0,0.0,0.0,0.0,2000,6,5,6.416666667,0.0
7391,7526,Mike Brown,S,Nebraska,204,4.59,36.0,14.0,116.0,6.93,4.01,2000,5,10,5.833333333,0.0
7392,7527,Ralph Brown,CB,Nebraska,185,4.55,0.0,10.0,0.0,0.0,0.0,2000,5,10,5.833333333,0.0
7393,7528,Travis Brown,QB,Northern Arizona,218,5.01,29.0,0.0,101.0,7.54,4.87,2000,6,3,6.25,0.0
7394,7529,Lamont Bryant,DE,Notre Dame,260,4.91,0.0,17.0,0.0,0.0,0.0,2000,6,3,6.25,0.0
7395,7530,Marc Bulger,QB,West Virginia,208,4.97,0.0,0.0,100.0,7.46,4.34,2000,6,2,6.166666667,0.0
7396,7531,Keith Bulluck,OLB,Syracuse,244,4.47,38.0,0.0,119.0,7.33,4.13,2000,6,3,6.25,0.0
7397,7532,Bill Burke,QB,Michigan State,206,5.03,28.5,0.0,107.0,7.46,4.42,2000,6,4,6.333333333,0.0
7398,7533,Plaxico Burress,WR,Michigan State,231,4.59,33.0,0.0,115.0,0.0,0.0,2000,6,5,6.416666667,0.0
7399,7534,David Byrd,CB,Syracuse,202,4.53,36.0,14.0,117.0,7.18,4.39,2000,5,11,5.916666667,0.0
7400,7535,Trung Canidate,RB,Arizona,193,4.41,0.0,18.0,0.0,0.0,0.0,2000,5,11,5.916666667,0.0
7401,7536,Cooper Carlisle,OG,Florida,297,5.16,31.0,28.0,100.0,7.82,4.48,2000,6,5,6.416666667,0.0
7402,7537,Giovanni Carmazzi,QB,Hofstra,224,4.74,36.5,0.0,119.0,6.94,4.23,2000,6,3,6.25,0.0
7403,7538,Leonardo Carson,DE,Auburn,283,5.06,28.0,22.0,106.0,7.82,4.75,2000,6,1,6.083333333,0.0
7404,7539,Tyrone Carter,S,Minnesota,190,4.5,41.0,16.0,121.0,6.75,4.19,2000,5,8,5.666666667,0.0
7405,7540,Kwame Cavil,WR,Texas,208,4.54,39.5,0.0,118.0,0.0,0.0,2000,6,2,6.166666667,0.0
7406,7541,Chris Chaloupka,QB,SMU,216,4.96,0.0,0.0,0.0,0.0,0.0,2000,6,2,6.166666667,0.0
7407,7542,Doug Chapman,RB,Marshall,215,4.56,38.5,16.0,128.0,6.84,4.2,2000,5,10,5.833333333,0.0
7408,7543,Ike Charlton,CB,Virginia Tech,205,4.47,0.0,16.0,126.0,0.0,0.0,2000,5,11,5.916666667,0.0
7409,7545,Chrys Chukwuma,RB,Arkansas,232,4.56,0.0,0.0,115.0,0.0,0.0,2000,6,1,6.083333333,0.0
7410,7546,Joey Chustz,OT,Louisiana Tech,304,5.08,31.0,28.0,103.0,7.65,4.65,2000,6,7,6.583333333,0.0
7411,7547,Pedro Cirino,S,Boston Col.,197,4.59,0.0,0.0,0.0,0.0,0.0,2000,5,11,5.916666667,0.0
7412,7548,John Saint Clair,C,Virginia,302,5.2,0.0,25.0,0.0,0.0,0.0,2000,6,5,6.416666667,0.0
7413,7549,Kendrick Clancy,DT,Mississippi,283,5.25,27.5,25.0,108.0,7.98,4.65,2000,6,1,6.083333333,0.0
7414,7550,Travis Claridge,OG,USC,303,5.15,31.5,29.0,100.0,7.77,4.86,2000,6,5,6.416666667,0.0
7415,7551,Danny Clark,ILB,Illinois,245,4.75,0.0,20.0,0.0,0.0,0.0,2000,6,2,6.166666667,0.0
7416,7552,Chad Clifton,OT,Tennessee,334,5.05,30.5,24.0,102.0,7.58,4.73,2000,6,5,6.416666667,0.0
7417,7553,Chris Cole,WR,Texas A&M,191,4.37,37.5,0.0,125.0,6.76,4.09,2000,6,0,6.0,0.0
7418,7554,Chris Coleman,WR,North Carolina State,211,4.61,32.5,0.0,110.0,6.79,4.1,2000,6,0,6.0,0.0
7419,7555,Cosey Coleman,OG,Tennessee,322,5.4,28.0,0.0,101.0,8.15,4.97,2000,6,4,6.333333333,0.0
7420,7556,Laveranues Coles,WR,Florida State,192,4.41,34.0,0.0,115.0,6.89,4.39,2000,5,11,5.916666667,0.0
7421,7557,Chris Combs,DT,Duke,286,5.16,0.0,22.0,0.0,0.0,0.0,2000,6,5,6.416666667,0.0
7422,7558,Kurth Connell,OT,Washington,291,5.49,33.0,27.0,103.0,8.14,4.84,2000,6,4,6.333333333,0.0
7423,7559,Rameel Connor,DE,Illinois,276,5.0,35.5,25.0,121.0,7.65,4.45,2000,6,3,6.25,0.0
7424,7560,D.J. Cooper,DT,Arkansas,277,5.22,28.0,0.0,108.0,7.41,4.49,2000,6,3,6.25,0.0
7425,7561,Ashley Cooper,S,Mississippi State,208,4.67,0.0,16.0,117.0,0.0,0.0,2000,5,10,5.833333333,0.0
7426,7562,Renard Cox,CB,Maryland,192,4.68,38.0,13.0,111.0,7.1,0.0,2000,5,11,5.916666667,0.0
7427,7563,Casey Crawford,TE,Virginia,244,4.83,0.0,18.0,0.0,0.0,0.0,2000,6,6,6.5,0.0
7428,7564,Sedrick Curry,CB,Texas A&M,197,4.44,39.0,0.0,125.0,6.34,3.94,2000,6,1,6.083333333,0.0
7429,7565,Chris Daniels,WR,Purdue,217,4.74,33.0,0.0,115.0,7.2,4.24,2000,6,3,6.25,0.0
7430,7566,Brandon Daniels,WR,Oklahoma,211,4.54,0.0,0.0,0.0,0.0,0.0,2000,5,10,5.833333333,0.0
7431,7567,Joe Dean Davenport,TE,Arkansas,268,5.06,30.0,13.0,108.0,7.33,4.67,2000,6,7,6.583333333,0.0
7432,7568,Darren Davis,RB,Iowa State,189,4.81,32.0,13.0,109.0,7.04,4.47,2000,5,8,5.666666667,0.0
7433,7569,Adam Davis,OG,Oklahoma State,309,5.66,26.0,0.0,92.0,8.51,5.0,2000,6,4,6.333333333,0.0
7434,7570,JaJuan Dawson,WR,Tulane,199,4.55,34.0,0.0,117.0,6.96,4.16,2000,6,1,6.083333333,0.0
7435,7571,Ron Dayne,RB,Wisconsin,259,4.65,0.0,0.0,0.0,0.0,0.0,2000,5,11,5.916666667,0.0
7436,7572,Jerry DeLoach,DT,California,314,4.99,31.5,19.0,101.0,7.4,4.57,2000,6,3,6.25,0.0
7437,7573,Mike Derouselle,DT,Houston,314,5.28,27.5,27.0,96.0,7.67,4.8,2000,6,2,6.166666667,0.0
7438,7574,Na'il Diggs,OLB,Ohio State,231,4.66,0.0,0.0,0.0,0.0,0.0,2000,6,4,6.333333333,0.0
7439,7575,Reuben Droughns,RB,Oregon,215,4.66,30.0,13.0,115.0,7.34,4.41,2000,5,11,5.916666667,0.0
7440,7576,Ron Dugans,WR,Florida State,206,4.58,0.0,0.0,117.0,0.0,0.0,2000,6,1,6.083333333,0.0
7441,7577,Deon Dyer,FB,North Carolina,260,4.99,28.0,0.0,104.0,7.88,4.81,2000,5,11,5.916666667,0.0
7442,7578,Chris Edwards,OLB,Georgia Tech,226,4.65,0.0,0.0,0.0,0.0,0.0,2000,6,5,6.416666667,0.0
7443,7579,Mario Edwards,CB,Florida State,191,4.46,0.0,0.0,120.0,0.0,0.0,2000,6,0,6.0,0.0
7444,7580,Shaun Ellis,DE,Tennessee,280,4.85,0.0,0.0,0.0,0.0,0.0,2000,6,4,6.333333333,0.0
7445,7581,John Engelberger,DE,Virginia Tech,260,4.73,34.0,24.0,115.0,6.95,4.28,2000,6,4,6.333333333,0.0
7446,7582,Dwan Epps,ILB,Texas Southern,242,4.68,34.5,8.0,0.0,0.0,0.0,2000,6,1,6.083333333,0.0
7447,7583,Matt Farmer,WR,Air Force,190,4.51,33.0,0.0,108.0,6.63,3.94,2000,6,0,6.0,0.0
7448,7584,Danny Farmer,WR,UCLA,217,4.58,0.0,0.0,0.0,0.0,0.0,2000,6,3,6.25,0.0
7449,7585,Kevin Feterik,QB,BYU,207,4.92,31.0,0.0,106.0,7.3,4.45,2000,5,11,5.916666667,0.0
7450,7586,Chafie Fields,WR,Penn State,196,4.43,0.0,0.0,0.0,0.0,0.0,2000,6,1,6.083333333,0.0
7451,7587,Aaron Fields,DE,Troy,243,4.76,34.0,22.0,115.0,7.51,4.56,2000,6,4,6.333333333,0.0
7452,7588,Zeron Flemister,TE,Iowa,249,4.72,37.0,14.0,116.0,6.92,4.16,2000,6,4,6.333333333,0.0
7453,7589,Erik Flowers,DE,Arizona State,271,4.75,33.0,24.0,114.0,7.21,4.15,2000,6,4,6.333333333,0.0
7454,7590,Derrick Foster,RB,Texas A&M-Kingsville,201,4.43,34.5,19.0,117.0,6.84,4.36,2000,5,11,5.916666667,0.0
7455,7591,Larry Foster,WR,LSU,198,4.55,37.0,0.0,121.0,6.88,4.06,2000,5,10,5.833333333,0.0
7456,7592,John Frank,DE,Utah,280,4.78,37.0,32.0,117.0,7.07,4.27,2000,6,4,6.333333333,0.0
7457,7593,Bubba Franks,TE,Miami (FL),265,4.85,0.0,0.0,0.0,0.0,0.0,2000,6,6,6.5,0.0
7458,7594,Todd Franz,S,Tulsa,199,4.55,0.0,14.0,0.0,0.0,0.0,2000,6,1,6.083333333,0.0
7459,7596,Arturo Freeman,S,South Carolina,188,4.5,35.5,14.0,124.0,6.91,4.38,2000,6,0,6.0,0.0
7460,7597,Byron Frisch,DE,BYU,281,4.73,34.5,31.0,114.0,7.2,4.41,2000,6,4,6.333333333,0.0
7461,7598,Mondriel Fulcher,FB,Miami (FL),253,4.85,27.0,18.0,116.0,7.46,4.52,2000,6,3,6.25,0.0
7462,7599,Trent Gamble,S,Wyoming,186,4.56,37.0,21.0,124.0,6.6,3.9,2000,5,9,5.75,0.0
7463,7600,Jason Gavadza,TE,Kent State,249,4.62,32.5,22.0,113.0,7.15,4.3,2000,6,3,6.25,0.0
7464,7601,Trevor Gaylor,WR,Miami (OH),199,4.56,37.5,0.0,121.0,7.03,4.29,2000,6,3,6.25,0.0
7465,7602,Kabeer Gbaja-Biamila,OLB,San Diego State,243,4.65,34.0,21.0,120.0,6.9,4.28,2000,6,4,6.333333333,0.0
7466,7603,Sherrod Gideon,WR,Southern Miss,173,4.66,0.0,0.0,0.0,0.0,0.0,2000,5,11,5.916666667,0.0
7467,7604,Ian Gold,OLB,Michigan,221,4.56,33.0,21.0,115.0,6.97,4.19,2000,6,1,6.083333333,0.0
7468,7605,Dwayne Goodrich,CB,Tennessee,195,4.45,0.0,0.0,0.0,0.0,0.0,2000,5,11,5.916666667,0.0
7469,7606,Lamar Grant,CB,Duke,188,4.62,32.0,16.0,117.0,7.3,4.3,2000,5,11,5.916666667,0.0
7470,7607,Deon Grant,S,Tennessee,209,4.5,0.0,15.0,0.0,0.0,0.0,2000,6,2,6.166666667,0.0
7471,7608,Ernest Grant,DT,Ark-Pine Bluff,316,5.31,29.5,24.0,98.0,8.0,5.03,2000,6,5,6.416666667,0.0
7472,7609,Jonathan Gray,OT,Texas Tech,338,5.85,23.0,20.0,94.0,0.0,0.0,2000,6,4,6.333333333,0.0
7473,7610,Brian Gray,CB,BYU,214,4.94,33.5,19.0,116.0,7.38,4.24,2000,6,1,6.083333333,0.0
7474,7611,Barrett Green,OLB,West Virginia,233,4.56,36.0,22.0,120.0,0.0,0.0,2000,6,0,6.0,0.0
7475,7612,Mike Green,S,NW State (LA),189,4.53,38.5,0.0,118.0,0.0,4.2,2000,6,0,6.0,0.0
7476,7613,Mike Green,FB,Houston,253,4.78,28.5,25.0,108.0,7.08,4.34,2000,6,0,6.0,0.0
7477,7614,Damian Gregory,DT,Illinois State,307,4.87,30.0,27.0,105.0,7.37,4.6,2000,6,2,6.166666667,0.0
7478,7615,Cornelius Griffin,DE,Alabama,297,4.9,31.0,30.0,111.0,7.63,4.62,2000,6,3,6.25,0.0
7479,7616,Clark Haggans,OLB,Colorado State,253,4.97,31.5,20.0,109.0,7.12,4.21,2000,6,3,6.25,0.0
7480,7617,Ricky Hall,WR,Virginia Tech,206,4.52,0.0,0.0,0.0,0.0,0.0,2000,6,2,6.166666667,0.0
7481,7618,Dante' Hall,RB,Texas A&M,191,4.44,38.0,18.0,123.0,6.62,3.82,2000,5,8,5.666666667,0.0
7482,7619,James Hall,DE,Michigan,271,5.03,32.0,0.0,111.0,7.86,4.51,2000,6,2,6.166666667,0.0
7483,7620,Troy Hambrick,RB,South Carolina,237,4.66,34.5,21.0,118.0,7.48,4.44,2000,6,0,6.0,0.0
7484,7621,Joey Hamilton,WR,Jacksonville State,201,4.54,36.0,0.0,116.0,7.57,4.41,2000,6,1,6.083333333,0.0
7485,7622,Joe Hamilton,QB,Georgia Tech,192,4.81,0.0,0.0,106.0,0.0,0.0,2000,5,10,5.833333333,0.0
7486,7623,Thomas Hamner,RB,Minnesota,197,4.5,32.0,17.0,125.0,6.97,4.07,2000,6,0,6.0,0.0
7487,7624,D'Andre Hardeman,FB,Texas A&M,238,4.81,30.0,0.0,109.0,7.27,4.36,2000,5,10,5.833333333,0.0
7488,7625,Antwan Harris,CB,Virginia,186,4.34,39.0,16.0,121.0,6.75,4.01,2000,5,9,5.75,0.0
7489,7626,Jeff Harris,CB,Georgia,190,4.53,34.5,0.0,114.0,6.73,4.25,2000,6,0,6.0,0.0
7490,7627,Lloyd Harrison,CB,North Carolina State,190,4.5,37.5,16.0,119.0,7.12,4.25,2000,5,10,5.833333333,0.0
7491,7628,Windrell Hayes,WR,USC,204,4.5,0.0,0.0,0.0,7.33,4.18,2000,5,11,5.916666667,0.0
7492,7629,Semisi Heimuli,OG,Texas A&M,312,5.4,29.0,20.0,94.0,7.94,4.63,2000,6,1,6.083333333,0.0
7493,7630,Steve Herndon,OG,Georgia,297,5.23,0.0,0.0,0.0,0.0,0.0,2000,6,4,6.333333333,0.0
7494,7631,Leroy Hodge,WR,Texas A&M,215,4.54,34.5,0.0,116.0,7.14,4.21,2000,6,1,6.083333333,0.0
7495,7632,Deone Horinek,P,Colorado State,234,0.0,0.0,0.0,0.0,0.0,0.0,2000,6,2,6.166666667,0.0
7496,7633,Chris Hovan,DT,Boston Col.,305,4.99,30.0,35.0,101.0,6.85,4.16,2000,6,2,6.166666667,0.0
7497,7634,Darren Howard,DE,Kansas State,281,5.09,29.0,0.0,108.0,7.0,4.32,2000,6,4,6.333333333,0.0
7498,7635,Reggie Howard,CB,Memphis,190,4.55,0.0,0.0,0.0,0.0,0.0,2000,5,11,5.916666667,0.0
7499,7636,Ethan Howell,CB,Oklahoma State,186,4.56,0.0,16.0,0.0,6.98,4.13,2000,5,11,5.916666667,0.0
7500,7637,Aaron Humphrey,DE,Texas,254,5.1,34.0,21.0,119.0,0.0,0.0,2000,6,3,6.25,0.0
7501,7638,Todd Husak,QB,Stanford,216,5.2,27.5,0.0,99.0,7.17,4.41,2000,6,3,6.25,0.0
7502,7639,Trevor Insley,WR,Nevada,192,4.7,0.0,0.0,0.0,0.0,0.0,2000,6,0,6.0,0.0
7503,7640,Junior Ioane,DT,Arizona State,324,5.12,0.0,0.0,0.0,0.0,0.0,2000,6,3,6.25,0.0
7504,7641,Jabari Issa,DT,Washington,296,5.05,31.5,19.0,105.0,7.69,4.72,2000,6,5,6.416666667,0.0
7505,7642,Keith Jackson,DT,Cheyney,319,5.2,0.0,28.0,0.0,0.0,0.0,2000,6,4,6.333333333,0.0
7506,7643,Al Jackson,OG,LSU,304,5.2,0.0,19.0,0.0,0.0,0.0,2000,6,3,6.25,0.0
7507,7644,Darrell Jackson,WR,Florida,197,4.56,0.0,0.0,0.0,0.0,0.0,2000,6,0,6.0,0.0
7508,7645,Jarious Jackson,QB,Notre Dame,226,4.68,0.0,0.0,109.0,0.0,0.0,2000,6,0,6.0,0.0
7509,7647,Marlion Jackson,RB,Saginaw Valley State,242,4.6,35.5,24.0,125.0,7.15,4.14,2000,6,1,6.083333333,0.0
7510,7648,Jeno James,OG,Auburn,320,5.62,25.5,24.0,94.0,8.51,5.22,2000,6,3,6.25,0.0
7511,7649,Sebastian Janikowski,K,Florida State,260,0.0,0.0,0.0,0.0,0.0,0.0,2000,6,1,6.083333333,0.0
7512,7650,Ronney Jenkins,RB,Northern Arizona,184,4.5,0.0,18.0,118.0,0.0,0.0,2000,5,10,5.833333333,0.0
7513,7651,Brandon Jennings,S,Texas A&M,198,4.51,38.0,16.0,123.0,6.91,4.14,2000,6,0,6.0,0.0
7514,7652,Ryan Johanningmeier,OG,Colorado,310,5.25,29.0,0.0,107.0,7.9,4.66,2000,6,6,6.5,0.0
7515,7653,Matt Johnson,OG,BYU,345,5.56,28.0,35.0,99.0,8.07,4.99,2000,6,4,6.333333333,0.0
7516,7654,Doug Johnson,QB,Florida,226,4.95,29.5,0.0,96.0,0.0,0.0,2000,6,2,6.166666667,0.0
7517,7655,Dwight Johnson,DT,Baylor,285,4.97,28.0,26.0,105.0,7.51,4.76,2000,6,4,6.333333333,0.0
7518,7656,Eric Johnson,S,Yale,215,4.6,38.0,12.0,121.0,6.96,4.17,2000,6,0,6.0,0.0
7519,7657,Jerry Johnson,DT,Florida State,293,5.03,28.5,26.0,102.0,0.0,0.0,2000,6,0,6.0,0.0
7520,7658,Dwaune Jones,WR,Richmond,191,4.66,0.0,0.0,0.0,0.0,0.0,2000,6,0,6.0,0.0
7521,7659,Dhani Jones,OLB,Michigan,240,4.68,0.0,29.0,0.0,0.0,0.0,2000,6,1,6.083333333,0.0
7522,7660,Fred Jones,OLB,Colorado,247,4.95,32.0,17.0,113.0,7.27,4.39,2000,6,2,6.166666667,0.0
7523,7661,John Jones,TE,Pittsburgh,248,4.63,38.5,13.0,125.0,7.33,4.43,2000,6,4,6.333333333,0.0
7524,7662,Thomas Jones,RB,Virginia,216,4.45,0.0,0.0,0.0,0.0,0.0,2000,5,10,5.833333333,0.0
7525,7663,Leander Jordan,OG,Indiana (PA),330,5.46,31.0,25.0,104.0,7.91,4.76,2000,6,4,6.333333333,0.0
7526,7664,Morgan Kane,RB,Wake Forest,221,4.62,37.5,29.0,121.0,6.81,4.16,2000,6,1,6.083333333,0.0
7527,7665,Curtis Keaton,RB,West Virginia,214,4.41,41.5,23.0,131.0,6.82,3.93,2000,5,10,5.833333333,0.0
7528,7666,Tinker Keck,S,Cincinnati,200,4.55,36.5,15.0,120.0,6.96,4.31,2000,6,1,6.083333333,0.0
7529,7667,Matt Keller,FB,Ohio State,235,4.74,0.0,0.0,0.0,0.0,0.0,2000,5,11,5.916666667,0.0
7530,7668,Ben Kelly,CB,Colorado,183,4.53,36.0,17.0,116.0,6.63,3.95,2000,5,9,5.75,0.0
7531,7669,Dan Kendra,FB,Florida State,251,4.84,35.0,24.0,119.0,0.0,0.0,2000,6,0,6.0,0.0
7532,7670,Kenoy Kennedy,S,Arkansas,221,4.71,33.5,8.0,113.0,7.08,4.38,2000,6,1,6.083333333,0.0
7533,7671,Sean Key,S,Florida State,188,4.65,0.0,0.0,0.0,7.12,4.2,2000,5,11,5.916666667,0.0
7534,7672,Jimmy Kibble,P,Virginia Tech,195,0.0,0.0,0.0,0.0,0.0,0.0,2000,5,10,5.833333333,0.0
7535,7673,Erron Kinney,TE,Florida,272,4.9,0.0,0.0,0.0,0.0,0.0,2000,6,6,6.5,0.0
7536,7674,Adrian Klemm,OT,Hawaii,307,4.98,0.0,24.0,0.0,0.0,0.0,2000,6,4,6.333333333,0.0
7537,7675,Andrew Kline,OG,San Diego State,305,5.43,28.0,26.0,103.0,7.54,4.6,2000,6,2,6.166666667,0.0
7538,7676,Marcus Knight,WR,Michigan,180,4.72,28.5,0.0,106.0,7.11,4.38,2000,6,1,6.083333333,0.0
7539,7677,Noel LaMontagne,OG,Virginia,299,5.09,0.0,21.0,0.0,0.0,0.0,2000,6,4,6.333333333,0.0
7540,7678,Kareem Larrimore,CB,West Texas A&M,190,4.42,34.0,0.0,125.0,0.0,0.0,2000,5,11,5.916666667,0.0
7541,7679,Leif Larsen,DT,Texas-El Paso,300,5.08,30.0,45.0,110.0,7.46,4.37,2000,6,4,6.333333333,0.0
7542,7680,Shane Lechler,P,Texas A&M,234,0.0,0.0,0.0,0.0,0.0,0.0,2000,6,2,6.166666667,0.0
7543,7681,Charles Lee,WR,Central Florida,202,4.56,35.5,0.0,125.0,7.3,4.25,2000,6,1,6.083333333,0.0
7544,7682,Tim Lester,QB,West. Michigan,202,5.02,27.0,0.0,97.0,7.28,4.24,2000,6,0,6.0,0.0
7545,7683,Jamal Lewis,RB,Tennessee,240,4.58,0.0,23.0,0.0,0.0,0.0,2000,6,0,6.0,0.0
7546,7684,Anthony Lucas,WR,Arkansas,194,4.53,35.0,0.0,121.0,0.0,0.0,2000,6,3,6.25,0.0
7547,7685,Al Lucas,DT,Troy,294,5.0,36.0,28.0,108.0,7.44,4.56,2000,6,1,6.083333333,0.0
7548,7686,Alton Lusk,WR,Central Oklahoma,182,4.61,36.5,0.0,122.0,7.16,4.26,2000,6,2,6.166666667,0.0
7549,7687,Dustin Lyman,ILB,Wake Forest,259,4.7,35.0,22.0,118.0,6.86,4.06,2000,6,4,6.333333333,0.0
7550,7688,David Macklin,CB,Penn State,194,4.54,37.5,0.0,120.0,6.9,4.09,2000,5,9,5.75,0.0
7551,7689,Anthony Malbrough,CB,Texas Tech,184,4.44,35.5,20.0,117.0,6.73,4.0,2000,5,9,5.75,0.0
7552,7690,Tee Martin,QB,Tennessee,227,4.58,34.5,0.0,113.0,0.0,0.0,2000,6,2,6.166666667,0.0
7553,7691,Terrence McCaskey,TE,Mississippi State,271,5.0,29.0,0.0,101.0,0.0,0.0,2000,6,5,6.416666667,0.0
7554,7692,Kevin McDougal,RB,Colorado State,206,4.63,32.0,0.0,108.0,7.08,4.12,2000,5,11,5.916666667,0.0
7555,7693,Stockar McDougle,OT,Oklahoma,361,5.5,0.0,24.0,0.0,0.0,0.0,2000,6,5,6.416666667,0.0
7556,7694,Chris McIntosh,OT,Wisconsin,315,5.39,0.0,28.0,0.0,0.0,0.0,2000,6,6,6.5,0.0
7557,7695,Damion McIntosh,OT,Kansas State,328,5.31,26.0,23.0,97.0,7.72,4.71,2000,6,4,6.333333333,0.0
7558,7696,Alvin McKinley,DT,Mississippi State,289,5.09,27.5,22.0,102.0,7.73,4.61,2000,6,4,6.333333333,0.0
7559,7698,Rondell Mealey,RB,LSU,212,4.69,33.0,0.0,120.0,6.89,4.15,2000,6,0,6.0,0.0
7560,7699,Brad Meester,C,New Mexico,298,5.12,34.0,25.0,110.0,7.46,4.43,2000,6,3,6.25,0.0
7561,7700,Rob Meier,DE,Washington State,284,4.99,30.5,27.0,113.0,7.49,4.52,2000,6,5,6.416666667,0.0
7562,7701,Richard Mercier,OG,Miami (FL),295,5.39,26.0,18.0,97.0,7.84,4.78,2000,6,3,6.25,0.0
7563,7702,Keith Miller,ILB,California,246,4.97,27.5,24.0,110.0,7.37,4.43,2000,6,1,6.083333333,0.0
7564,7703,Wendell Montgomery,WR,Wyoming,203,4.81,35.5,0.0,117.0,7.01,4.24,2000,6,3,6.25,0.0
7565,7704,Scottie Montgomery,WR,Duke,196,4.57,36.0,0.0,117.0,7.16,4.11,2000,6,0,6.0,0.0
7566,7705,Mookie Moore,OG,Troy,320,5.45,24.5,34.0,94.0,8.37,5.06,2000,6,3,6.25,0.0
7567,7706,Muneer Moore,WR,Richmond,201,4.52,37.5,0.0,129.0,6.91,4.09,2000,6,1,6.083333333,0.0
7568,7707,Corey Moore,OLB,Virginia Tech,223,4.6,0.0,21.0,0.0,0.0,0.0,2000,5,11,5.916666667,0.0
7569,7708,Frank Moreau,RB,Louisville,231,4.57,36.0,23.0,117.0,0.0,0.0,2000,6,1,6.083333333,0.0
7570,7709,Aric Morris,S,Michigan State,211,4.56,0.0,24.0,0.0,0.0,0.0,2000,5,9,5.75,0.0
7571,7710,Rob Morris,ILB,BYU,250,4.77,33.0,18.0,113.0,6.93,4.17,2000,6,2,6.166666667,0.0
7572,7711,Sammy Morris,FB,Texas Tech,221,4.65,37.5,23.0,117.0,7.05,4.21,2000,6,0,6.0,0.0
7573,7712,Sylvester Morris,WR,Jackson State,216,4.6,34.5,0.0,119.0,7.06,4.17,2000,6,3,6.25,0.0
7574,7713,Chad Morton,RB,USC,182,4.5,36.0,18.0,121.0,0.0,0.0,2000,5,8,5.666666667,0.0
7575,7714,Leon Murray,QB,Tennessee State,207,4.75,0.0,0.0,0.0,0.0,0.0,2000,6,2,6.166666667,0.0
7576,7715,Bobby Myers,S,Wisconsin,183,4.56,37.5,0.0,123.0,7.04,4.1,2000,6,1,6.083333333,0.0
7577,7716,Kaulana Noa,OT,Hawaii,317,5.34,25.5,27.0,98.0,7.82,4.74,2000,6,4,6.333333333,0.0
7578,7717,Dennis Northcutt,WR,Arizona,175,4.43,37.5,0.0,123.0,6.96,4.04,2000,5,10,5.833333333,0.0
7579,7718,Carlos Nuno,TE,BYU,263,5.03,28.0,23.0,106.0,0.0,0.0,2000,6,4,6.333333333,0.0
7580,7719,Matt O'Neal,C,Oklahoma,277,5.06,27.5,17.0,94.0,7.59,4.72,2000,6,3,6.25,0.0
7581,7720,Andre O'Neal,ILB,Marshall,235,4.72,34.0,16.0,114.0,7.3,4.24,2000,6,1,6.083333333,0.0
7582,7721,Deltha O'Neal,CB,California,193,4.6,0.0,0.0,0.0,0.0,0.0,2000,5,11,5.916666667,0.0
7583,7722,Adewale Ogunleye,DE,Indiana,253,0.0,0.0,0.0,0.0,0.0,0.0,2000,6,4,6.333333333,0.0
7584,7723,Erik Olson,S,Colorado State,208,4.63,35.0,17.0,115.0,6.81,4.21,2000,6,1,6.083333333,0.0
7585,7724,Chad Pennington,QB,Marshall,229,4.81,33.5,0.0,111.0,7.12,4.16,2000,6,3,6.25,0.0
7586,7725,Cory Peterson,WR,Mississippi,195,4.75,32.5,0.0,114.0,0.0,0.0,2000,6,2,6.166666667,0.0
7587,7726,Julian Peterson,OLB,Michigan State,231,4.68,0.0,0.0,0.0,0.0,0.0,2000,6,5,6.416666667,0.0
7588,7727,Mareno Philyaw,WR,Troy,205,4.66,39.5,0.0,129.0,6.93,4.13,2000,6,2,6.166666667,0.0
7589,7728,Todd Pinkston,WR,Southern Miss,169,4.45,0.0,0.0,0.0,0.0,0.0,2000,6,2,6.166666667,0.0
7590,7729,Cedric Pittman,OLB,Nevada,261,4.9,30.5,20.0,111.0,7.75,4.52,2000,6,3,6.25,0.0
7591,7730,Ahmed Plummer,CB,Ohio State,191,4.43,0.0,0.0,0.0,0.0,0.0,2000,5,11,5.916666667,0.0
7592,7731,DaShon Polk,OLB,Arizona,233,4.75,32.0,18.0,111.0,7.43,4.45,2000,6,2,6.166666667,0.0
7593,7732,Jerry Porter,WR,West Virginia,221,4.48,0.0,0.0,0.0,0.0,0.0,2000,6,2,6.166666667,0.0
7594,7733,Hank Poteat,CB,Pittsburgh,197,4.57,37.0,16.0,126.0,6.66,4.0,2000,5,10,5.833333333,0.0
7595,7734,Travis Prentice,RB,Miami (OH),225,4.5,37.0,23.0,115.0,6.92,4.4,2000,6,0,6.0,0.0
7596,7735,Greg Randall,OT,Michigan State,333,5.59,26.0,22.0,95.0,8.15,5.13,2000,6,6,6.5,0.0
7597,7736,Tim Rattay,QB,Louisiana Tech,215,4.91,25.5,0.0,100.0,7.34,4.21,2000,6,0,6.0,0.0
7598,7737,Chase Raynock,OT,Montana,308,5.5,25.0,22.0,94.0,8.33,5.0,2000,6,6,6.5,0.0
7599,7738,Chris Redman,QB,Louisville,222,5.37,26.5,0.0,98.0,7.8,4.78,2000,6,3,6.25,0.0
7600,7739,J.R. Redmond,RB,Arizona State,216,4.48,32.5,0.0,121.0,0.0,0.0,2000,5,11,5.916666667,0.0
7601,7740,Quinton Reese,DE,Auburn,283,5.13,30.0,18.0,101.0,7.91,4.68,2000,6,4,6.333333333,0.0
7602,7741,Tutan Reyes,OT,Mississippi,299,5.37,26.5,20.0,99.0,7.49,4.88,2000,6,3,6.25,0.0
7603,7742,Rob Riti,C,Missouri,293,5.19,29.5,17.0,106.0,0.0,0.0,2000,6,2,6.166666667,0.0
7604,7743,Fred Robbins,DT,Wake Forest,312,5.09,29.5,25.0,94.0,7.72,4.72,2000,6,4,6.333333333,0.0
7605,7744,Roger Roesler,OG,Texas,314,5.31,29.5,25.0,101.0,8.31,4.76,2000,6,5,6.416666667,0.0
7606,7745,Phillip Rogers,RB,Georgia Tech,232,4.68,37.0,19.0,124.0,7.21,4.31,2000,6,1,6.083333333,0.0
7607,7746,Mark Roman,CB,LSU,188,4.55,0.0,0.0,0.0,0.0,0.0,2000,5,11,5.916666667,0.0
7608,7747,Blaine Saipaia,OG,Colorado State,321,5.35,0.0,0.0,0.0,0.0,0.0,2000,6,3,6.25,0.0
7609,7749,Chris Samuels,OT,Alabama,325,5.08,0.0,0.0,0.0,0.0,0.0,2000,6,5,6.416666667,0.0
7610,7750,Lewis Sanders,CB,Maryland,202,4.5,37.0,10.0,116.0,0.0,0.0,2000,6,0,6.0,0.0
7611,7751,Ketric Sanford,RB,Houston,199,4.6,32.0,12.0,118.0,6.63,4.3,2000,5,7,5.583333333,0.0
7612,7752,Sekou Sanyika,OLB,California,241,4.75,32.5,0.0,111.0,7.33,4.38,2000,6,3,6.25,0.0
7613,7753,Manuia Savea,OG,Arizona,308,5.34,25.0,24.0,92.0,0.0,0.0,2000,6,2,6.166666667,0.0
7614,7754,Gari Scott,WR,Michigan State,194,4.59,33.5,0.0,119.0,0.0,0.0,2000,6,0,6.0,0.0
7615,7755,Tony Scott,CB,North Carolina State,193,4.5,34.0,11.0,116.0,7.45,4.24,2000,5,10,5.833333333,0.0
7616,7756,Richard Seals,DT,Utah,316,5.13,28.5,24.0,102.0,7.78,4.6,2000,6,2,6.166666667,0.0
7617,7757,Aaron Shea,FB,Michigan,253,4.81,37.5,0.0,114.0,6.72,4.3,2000,6,4,6.333333333,0.0
7618,7758,Jacoby Shepherd,CB,Oklahoma State,195,4.53,35.0,5.0,120.0,0.0,0.0,2000,6,1,6.083333333,0.0
7619,7759,Samson Sherrod,OLB,San Jose State,262,4.78,0.0,0.0,0.0,0.0,0.0,2000,6,3,6.25,0.0
7620,7760,Wes Shivers,OT,Mississippi State,318,5.65,22.5,18.0,98.0,8.48,4.81,2000,6,5,6.416666667,0.0
7621,7761,Brandon Short,ILB,Penn State,252,4.72,0.0,0.0,0.0,0.0,0.0,2000,6,3,6.25,0.0
7622,7762,Kofi Shuck,WR,Wyoming,180,4.66,33.0,0.0,119.0,7.18,4.1,2000,6,2,6.166666667,0.0
7623,7763,Corey Simon,DT,Florida State,297,4.83,0.0,0.0,0.0,0.0,0.0,2000,6,2,6.166666667,0.0
7624,7764,Mark Simoneau,OLB,Kansas State,237,4.6,36.0,24.0,117.0,7.08,4.09,2000,6,0,6.0,0.0
7625,7765,Peter Sirmon,ILB,Oregon,246,4.84,34.5,20.0,115.0,7.21,4.27,2000,6,2,6.166666667,0.0
7626,7766,T.J. Slaughter,ILB,Southern Miss,247,4.87,30.0,24.0,112.0,7.08,4.26,2000,6,0,6.0,0.0
7627,7767,Dwyte Smiley,S,Youngstown State,198,4.57,35.0,13.0,115.0,7.18,4.29,2000,6,1,6.083333333,0.0
7628,7768,Jamel Smith,ILB,Virginia Tech,245,5.18,29.5,0.0,108.0,7.51,4.58,2000,6,0,6.0,0.0
7629,7769,Keith Smith,RB,Arizona,207,4.5,0.0,0.0,0.0,0.0,0.0,2000,5,10,5.833333333,0.0
7630,7770,Marvel Smith,OT,Arizona State,320,5.37,27.5,24.0,100.0,7.87,4.83,2000,6,5,6.416666667,0.0
7631,7771,Paul Smith,FB,Texas-El Paso,220,4.65,0.0,25.0,0.0,0.0,0.0,2000,5,11,5.916666667,0.0
7632,7772,Robaire Smith,DE,Michigan State,275,4.88,0.0,0.0,0.0,0.0,0.0,2000,6,4,6.333333333,0.0
7633,7773,Terrelle Smith,FB,Arizona State,249,5.0,32.5,19.0,109.0,8.38,4.85,2000,6,0,6.0,0.0
7634,7774,R. Jay Soward,WR,USC,177,4.34,35.0,0.0,124.0,0.0,0.0,2000,5,9,5.75,0.0
7635,7775,Rashon Spikes,RB,Boise State,204,4.78,33.0,13.0,113.0,7.18,4.47,2000,5,10,5.833333333,0.0
7636,7776,Quinton Spotwood,WR,Syracuse,184,4.55,33.5,0.0,123.0,0.0,0.0,2000,5,11,5.916666667,0.0
7637,7777,Dave Stachelski,TE,Boise State,250,4.78,38.0,24.0,115.0,6.84,4.14,2000,6,3,6.25,0.0
7638,7778,Shyrone Stith,RB,Virginia Tech,204,4.6,35.0,13.0,111.0,7.14,4.14,2000,5,7,5.583333333,0.0
7639,7779,Jay Tant,TE,Northwestern,255,4.75,0.0,31.0,0.0,0.0,0.0,2000,6,3,6.25,0.0
7640,7780,Mark Tauscher,OG,Wisconsin,318,5.37,27.0,22.0,90.0,7.91,4.84,2000,6,3,6.25,0.0
7641,7781,Shannon Taylor,OLB,Virginia,249,4.65,34.5,0.0,115.0,0.0,0.0,2000,6,3,6.25,0.0
7642,7782,Travis Taylor,WR,Florida,199,4.43,37.0,0.0,118.0,7.15,0.0,2000,6,1,6.083333333,0.0
7643,7783,Adalius Thomas,DE,Southern Miss,270,4.56,38.5,0.0,120.0,0.0,4.42,2000,6,2,6.166666667,0.0
7644,7784,Jason Thomas,OG,South Carolina,300,5.22,29.5,23.0,100.0,7.99,0.0,2000,6,3,6.25,0.0
7645,7785,Michael Thompson,OT,Tennessee State,305,5.28,26.0,16.0,104.0,7.99,4.73,2000,6,4,6.333333333,0.0
7646,7786,Raynoch Thompson,OLB,Tennessee,220,4.65,0.0,0.0,0.0,0.0,0.0,2000,6,3,6.25,0.0
7647,7787,Travares Tillman,S,Georgia Tech,194,4.6,37.5,15.0,123.0,6.95,4.29,2000,6,1,6.083333333,0.0
7648,7788,Mao Tosi,DT,Idaho,310,5.26,28.5,19.0,99.0,7.72,4.6,2000,6,5,6.416666667,0.0
7649,7789,Mac Tuiaea,DT,Washington,296,5.09,29.0,25.0,99.0,7.82,4.72,2000,6,6,6.5,0.0
7650,7790,Ryan Tujague,OG,Washington State,297,5.16,27.0,21.0,96.0,8.18,4.95,2000,6,5,6.416666667,0.0
7651,7791,Jeff Ulbrich,ILB,Hawaii,249,4.65,32.0,24.0,109.0,7.23,4.3,2000,6,0,6.0,0.0
7652,7792,Brian Urlacher,OLB,New Mexico,258,4.59,34.0,27.0,122.0,6.94,4.18,2000,6,4,6.333333333,0.0
7653,7793,Darrick Vaughn,CB,Texas State,196,4.53,36.5,14.0,121.0,7.09,4.16,2000,5,11,5.916666667,0.0
7654,7794,Andy Vincent,OG,Texas A&M,306,5.2,28.5,14.0,108.0,7.54,4.42,2000,6,4,6.333333333,0.0
7655,7795,Todd Wade,OT,Mississippi,326,5.22,27.5,29.0,101.0,7.68,4.68,2000,6,8,6.666666667,0.0
7656,7796,Jeff Walker,P,Mississippi State,218,0.0,0.0,0.0,0.0,0.0,0.0,2000,5,10,5.833333333,0.0
7657,7797,Darwin Walker,DT,Tennessee,293,4.82,0.0,0.0,0.0,0.0,0.0,2000,6,2,6.166666667,0.0
7658,7798,Troy Walters,WR,Stanford,171,4.55,32.5,0.0,106.0,6.61,3.84,2000,5,6,5.5,0.0
7659,7800,Steve Warren,DT,Nebraska,307,5.1,30.5,29.0,105.0,7.97,4.56,2000,6,1,6.083333333,0.0
7660,7801,Peter Warrick,WR,Florida State,194,4.58,0.0,0.0,0.0,0.0,0.0,2000,5,11,5.916666667,0.0
7661,7802,Jason Webster,CB,Texas A&M,180,4.42,35.5,17.0,122.0,6.76,3.98,2000,5,9,5.75,0.0
7662,7803,James Whalen,TE,Kentucky,228,4.78,31.0,0.0,110.0,7.42,4.22,2000,6,2,6.166666667,0.0
7663,7804,Austin Wheatley,TE,Iowa,254,4.66,32.5,0.0,121.0,6.97,4.18,2000,6,4,6.333333333,0.0
7664,7805,Damen Wheeler,CB,Colorado,179,4.51,35.0,11.0,115.0,7.21,4.27,2000,5,9,5.75,0.0
7665,7806,Anthony White,RB,Kentucky,195,4.68,32.5,0.0,118.0,7.05,4.24,2000,6,0,6.0,0.0
7666,7807,Jerard White,CB,Massachusetts,213,4.61,38.5,14.0,118.0,6.96,4.53,2000,6,1,6.083333333,0.0
7667,7808,Dez White,WR,Georgia Tech,218,4.62,37.5,0.0,124.0,6.91,4.09,2000,6,1,6.083333333,0.0
7668,7809,Michael Wiley,RB,Ohio State,193,4.5,0.0,0.0,0.0,0.0,0.0,2000,5,11,5.916666667,0.0
7669,7810,Boo Williams,RB,South Carolina,222,4.52,0.0,0.0,0.0,0.0,0.0,2000,5,11,5.916666667,0.0
7670,7811,Bobbie Williams,OT,Arkansas,332,5.26,29.0,28.0,97.0,7.78,4.72,2000,6,4,6.333333333,0.0
7671,7812,James Williams,WR,Marshall,180,4.59,36.0,0.0,123.0,7.22,4.16,2000,5,11,5.916666667,0.0
7672,7813,Jack Williams,S,Azusa Pacific,206,4.72,31.5,15.0,108.0,7.15,4.65,2000,5,10,5.833333333,0.0
7673,7814,Josh Williams,DT,Michigan,282,4.9,30.5,0.0,111.0,7.22,4.25,2000,6,3,6.25,0.0
7674,7815,Antonio Wilson,OLB,Texas A&M-Commerce,245,4.56,0.0,11.0,0.0,0.0,0.0,2000,6,2,6.166666667,0.0
7675,7816,Cedric Woodard,DT,Texas,290,5.21,30.5,23.0,109.0,0.0,0.0,2000,6,2,6.166666667,0.0
7676,7817,Destry Wright,RB,Jackson State,216,4.84,29.5,15.0,112.0,7.15,4.41,2000,5,11,5.916666667,0.0
7677,7818,Spergon Wynn,QB,Texas State,229,4.91,34.0,0.0,108.0,7.71,4.59,2000,6,3,6.25,0.0
7678,7819,Bashir Yamini,WR,Iowa,191,4.53,33.0,0.0,130.0,7.09,4.18,2000,6,3,6.25,0.0
7679,7820,Brian Young,DE,Texas-El Paso,278,4.94,29.5,27.0,106.0,7.2,4.47,2000,6,2,6.166666667,0.0
7680,7821,Israel Abanikanda,RB,Pittsburgh,216,0.0,0.0,0.0,0.0,0.0,0.0,2023,5,10,5.833333333,0.0
7681,7822,Yasir Abdullah,LB,Louisville,237,4.47,36.5,0.0,129.0,0.0,0.0,2023,6,1,6.083333333,0.0
7682,7823,Devon Achane,RB,Texas A&M,188,4.32,33.0,0.0,0.0,0.0,0.0,2023,5,9,5.75,0.0
7683,7824,Jordan Addison,WR,USC,173,4.49,34.0,0.0,122.0,0.0,0.0,2023,5,11,5.916666667,0.0
7684,7825,Adetomiwa Adebawore,DE,Northwestern,282,4.49,37.5,27.0,125.0,0.0,0.0,2023,6,2,6.166666667,0.0
7685,7826,Alan Ali,C,TCU,301,0.0,26.5,0.0,0.0,0.0,0.0,2023,6,4,6.333333333,0.0
7686,7827,Davis Allen,TE,Clemson,245,0.0,38.5,0.0,125.0,0.0,0.0,2023,6,6,6.5,0.0
7687,7828,MJ Anderson,DE,Iowa St.,269,0.0,33.0,0.0,0.0,0.0,0.0,2023,6,3,6.25,0.0
7688,7829,Jake Andrews,C,Troy,305,5.15,26.0,0.0,102.0,0.0,4.73,2023,6,3,6.25,0.0
7689,7830,Felix Anudike-Uzomah,EDGE,Kansas St.,255,0.0,0.0,0.0,0.0,0.0,0.0,2023,6,3,6.25,0.0
7690,7831,Malaesala Aumavae-Laulu,OT,Oregon,317,5.23,28.5,0.0,106.0,7.65,4.75,2023,6,6,6.5,0.0
7691,7832,Alex Austin,CB,Oregon St.,195,4.55,33.0,0.0,122.0,0.0,4.33,2023,6,1,6.083333333,0.0
7692,7833,Steve Avila,OG,TCU,332,5.21,29.5,0.0,98.0,7.85,4.74,2023,6,4,6.333333333,0.0
7693,7834,Tyson Bagent,QB,Shepherd,213,4.79,36.0,0.0,120.0,6.95,4.36,2023,6,3,6.25,0.0
7694,7835,Henry Bainivalu,OG,Washington,306,5.5,28.0,0.0,101.0,8.34,4.97,2023,6,6,6.5,0.0
7695,7836,Habakkuk Baldonado,EDGE,Pittsburgh,251,4.78,35.0,21.0,120.0,7.11,4.44,2023,6,4,6.333333333,0.0
7696,7837,Deonte Banks,CB,Maryland,197,4.35,42.0,0.0,136.0,0.0,0.0,2023,6,1,6.083333333,0.0
7697,7838,Jeremy Banks,LB,Tennessee,232,4.53,37.5,25.0,127.0,7.27,4.38,2023,6,1,6.083333333,0.0
7698,7839,Bryce Baringer,P,Michigan St.,216,0.0,0.0,0.0,0.0,0.0,0.0,2023,6,2,6.166666667,0.0
7699,7840,Micah Baskerville,LB,LSU,221,0.0,31.0,0.0,115.0,0.0,0.0,2023,6,1,6.083333333,0.0
7700,7841,TJ Bass,OG,Oregon,317,5.48,28.5,0.0,109.0,0.0,0.0,2023,6,4,6.333333333,0.0
7701,7842,Jordan Battle,DB,Alabama,209,4.55,0.0,17.0,0.0,0.0,0.0,2023,6,1,6.083333333,0.0
7702,7843,Robert Beal,EDGE,Georgia,247,4.48,30.0,0.0,123.0,0.0,0.0,2023,6,4,6.333333333,0.0
7703,7844,Ronnie Bell,WR,Michigan,191,4.54,38.5,14.0,120.0,6.98,4.15,2023,6,1,6.083333333,0.0
7704,7845,Jakorian Bennett,CB,Maryland,188,4.3,40.5,13.0,133.0,0.0,0.0,2023,5,11,5.916666667,0.0
7705,7846,Stetson Bennett,QB,Georgia,192,4.67,33.5,0.0,118.0,0.0,4.2,2023,5,11,5.916666667,0.0
7706,7847,Keeanu Benton,DT,Wisconsin,309,5.08,29.5,25.0,111.0,7.34,4.65,2023,6,4,6.333333333,0.0
7707,7848,Matthew Bergeron,OT,Syracuse,318,0.0,30.5,0.0,103.0,0.0,0.0,2023,6,5,6.416666667,0.0
7708,7849,Tank Bigsby,RB,Auburn,210,4.56,32.5,0.0,119.0,0.0,0.0,2023,6,1,6.083333333,0.0
7709,7850,Mekhi Blackmon,CB,USC,178,4.47,36.0,11.0,125.0,0.0,0.0,2023,5,11,5.916666667,0.0
7710,7851,Jake Bobo,WR,UCLA,206,0.0,0.0,0.0,0.0,0.0,0.0,2023,6,4,6.333333333,0.0
7711,7852,Kayshon Boutte,WR,LSU,195,4.5,29.0,0.0,118.0,0.0,4.25,2023,5,11,5.916666667,0.0
7712,7853,Lance Boykin,CB,Coastal Carolina,200,0.0,0.0,13.0,124.0,0.0,0.0,2023,6,2,6.166666667,0.0
7713,7854,Anthony Bradford,OG,LSU,332,5.08,30.0,0.0,106.0,7.84,4.8,2023,6,4,6.333333333,0.0
7714,7855,Brian Branch,CB,Alabama,190,4.58,34.5,14.0,125.0,0.0,0.0,2023,6,1,6.083333333,0.0
7715,7856,Julius Brents,CB,Kansas St.,198,4.53,41.5,0.0,138.0,6.63,4.05,2023,6,3,6.25,0.0
7716,7857,Bryan Bresee,DT,Clemson,298,4.86,29.0,22.0,0.0,0.0,0.0,2023,6,6,6.5,0.0
7717,7858,Nick Broeker,OG,Mississippi,305,5.27,0.0,0.0,0.0,7.75,4.7,2023,6,4,6.333333333,0.0
7718,7859,Matthew Brooks,P,Tennessee,201,0.0,0.0,0.0,0.0,0.0,0.0,2023,6,5,6.416666667,0.0
7719,7860,Jalen Brooks,WR,South Carolina,201,4.69,35.0,0.0,130.0,7.15,4.31,2023,6,1,6.083333333,0.0
7720,7861,Myles Brooks,CB,Louisiana Tech,201,0.0,0.0,0.0,0.0,0.0,0.0,2023,6,1,6.083333333,0.0
7721,7862,Cameron Brown,CB,Ohio St.,199,0.0,0.0,0.0,0.0,0.0,0.0,2023,6,1,6.083333333,0.0
7722,7863,Chase Brown,RB,Illinois,209,4.43,40.0,0.0,127.0,0.0,0.0,2023,5,10,5.833333333,0.0
7723,7864,Ji'Ayir Brown,DB,Penn St.,203,4.65,32.5,18.0,119.0,0.0,0.0,2023,5,11,5.916666667,0.0
7724,7865,Sydney Brown,DB,Illinois,211,4.47,40.5,23.0,130.0,0.0,0.0,2023,5,10,5.833333333,0.0
7725,7866,Jason Brownlee,WR,Southern Mississippi,198,4.59,39.5,16.0,131.0,0.0,0.0,2023,6,2,6.166666667,0.0
7726,7867,Arquon Bush,CB,Cincinnati,187,4.54,33.5,0.0,115.0,0.0,0.0,2023,6,1,6.083333333,0.0
7727,7868,Jack Campbell,LB,Iowa,249,4.65,37.5,0.0,128.0,6.74,4.24,2023,6,5,6.416666667,0.0
7728,7869,Anders Carlson,K,Auburn,218,0.0,0.0,0.0,0.0,0.0,0.0,2023,6,5,6.416666667,0.0
7729,7870,Jalen Carter,DT,Georgia,314,0.0,0.0,0.0,0.0,0.0,0.0,2023,6,3,6.25,0.0
7730,7871,Zach Charbonnet,RB,UCLA,214,4.53,37.0,0.0,122.0,0.0,0.0,2023,6,1,6.083333333,0.0
7731,7872,Kei'Trel Clark,CB,Louisville,181,4.42,34.5,0.0,122.0,0.0,4.21,2023,5,10,5.833333333,0.0
7732,7873,Jerrod Clark,DT,Coastal Carolina,334,5.25,27.5,0.0,102.0,7.6,4.83,2023,6,4,6.333333333,0.0
7733,7874,Keondre Coburn,DT,Texas,332,5.22,27.5,24.0,101.0,0.0,0.0,2023,6,2,6.166666667,0.0
7734,7875,Chamarri Conner,DB,Virginia Tech,202,4.51,40.5,20.0,125.0,0.0,0.0,2023,6,1,6.083333333,0.0
7735,7876,Jacob Copeland,WR,Maryland,201,4.42,33.0,20.0,127.0,7.01,4.47,2023,5,11,5.916666667,0.0
7736,7877,Brenton Cox,EDGE,Florida,250,4.82,33.0,24.0,115.0,0.0,0.0,2023,6,4,6.333333333,0.0
7737,7878,Malik Cunningham,QB,Louisville,192,4.53,0.0,0.0,0.0,0.0,0.0,2023,6,1,6.083333333,0.0
7738,7879,McClendon Curtis,OG,Tennessee-Chattanooga,324,5.24,26.5,0.0,105.0,7.7,4.97,2023,6,6,6.5,0.0
7739,7880,DJ Dale,DT,Alabama,302,5.26,25.5,0.0,98.0,7.69,4.8,2023,6,1,6.083333333,0.0
7740,7881,Braeden Daniels,OT,Utah,294,4.99,30.5,0.0,109.0,7.53,4.6,2023,6,4,6.333333333,0.0
7741,7882,Derius Davis,WR,TCU,165,4.36,0.0,0.0,0.0,0.0,4.38,2023,5,8,5.666666667,0.0
7742,7883,Nathaniel Dell,WR,Houston,165,4.49,0.0,0.0,121.0,0.0,0.0,2023,5,8,5.666666667,0.0
7743,7884,SirVocea Dennis,LB,Pittsburgh,226,0.0,0.0,19.0,0.0,0.0,0.0,2023,6,1,6.083333333,0.0
7744,7885,Gervon Dexter,DT,Florida,310,4.88,31.0,22.0,110.0,7.5,0.0,2023,6,6,6.5,0.0
7745,7886,YaYa Diaby,DE,Louisville,263,4.51,37.0,0.0,120.0,0.0,0.0,2023,6,3,6.25,0.0
7746,7887,Demario Douglas,WR,Liberty,179,4.44,39.5,0.0,134.0,0.0,4.29,2023,5,8,5.666666667,0.0
7747,7888,Josh Downs,WR,North Carolina,171,4.48,38.5,0.0,131.0,0.0,0.0,2023,5,9,5.75,0.0
7748,7889,Grant DuBose,WR,Charlotte,201,4.57,35.0,0.0,125.0,6.89,4.32,2023,6,2,6.166666667,0.0
7749,7890,Max Duggan,QB,TCU,207,4.52,30.5,0.0,116.0,7.26,4.45,2023,6,2,6.166666667,0.0
7750,7891,Jaelyn Duncan,OT,Maryland,306,5.1,31.5,0.0,113.0,0.0,0.0,2023,6,6,6.5,0.0
7751,7892,Christopher Dunn,K,North Carolina St.,175,0.0,0.0,0.0,0.0,0.0,0.0,2023,5,8,5.666666667,0.0
7752,7893,Payne Durham,TE,Purdue,253,0.0,34.5,0.0,117.0,0.0,0.0,2023,6,6,6.5,0.0
7753,7894,Travis Dye,RB,USC,201,0.0,0.0,0.0,0.0,0.0,0.0,2023,5,10,5.833333333,0.0
7754,7895,Ikenna Enechukwu,DE,Rice,264,4.7,31.5,0.0,120.0,0.0,0.0,2023,6,4,6.333333333,0.0
7755,7896,Tiyon Evans,RB,Louisville,225,4.52,30.5,0.0,0.0,0.0,0.0,2023,5,10,5.833333333,0.0
7756,7897,Zach Evans,RB,Mississippi,202,0.0,0.0,0.0,0.0,0.0,0.0,2023,5,11,5.916666667,0.0
7757,7898,Zay Flowers,WR,Boston Col.,182,4.42,35.5,0.0,127.0,0.0,0.0,2023,5,9,5.75,0.0
7758,7899,Emmanuel Forbes,CB,Mississippi St.,166,4.35,37.5,0.0,131.0,0.0,0.0,2023,6,1,6.083333333,0.0
7759,7900,Bryce Ford-Wheaton,WR,West Virginia,221,4.38,41.0,0.0,129.0,6.97,4.15,2023,6,4,6.333333333,0.0
7760,7901,Alex Forsyth,C,Oregon,303,0.0,20.5,0.0,95.0,0.0,0.0,2023,6,4,6.333333333,0.0
7761,7902,Isaiah Foskey,EDGE,Notre Dame,264,4.58,34.0,22.0,125.0,7.28,4.41,2023,6,5,6.416666667,0.0
7762,7903,Blake Freeland,OT,BYU,302,4.98,37.0,0.0,120.0,7.46,4.71,2023,6,8,6.666666667,0.0
7763,7904,Jon Gaines,OG,UCLA,303,5.01,32.5,0.0,114.0,7.31,4.45,2023,6,4,6.333333333,0.0
7764,7905,Connor Galvin,OT,Baylor,293,5.48,30.5,0.0,104.0,8.0,4.92,2023,6,7,6.583333333,0.0
7765,7906,Mekhi Garner,CB,LSU,212,4.55,38.0,0.0,128.0,0.0,0.0,2023,6,2,6.166666667,0.0
7766,7907,Ali Gaye,EDGE,LSU,263,0.0,0.0,0.0,0.0,0.0,0.0,2023,6,6,6.5,0.0
7767,7908,Jahmyr Gibbs,RB,Alabama,199,4.36,33.5,0.0,0.0,0.0,0.0,2023,5,9,5.75,0.0
7768,7909,Noah Gindorff,TE,North Dakota St.,263,0.0,0.0,16.0,0.0,0.0,0.0,2023,6,6,6.5,0.0
7769,7910,Christian Gonzalez,CB,Oregon,197,4.38,41.5,14.0,133.0,0.0,0.0,2023,6,1,6.083333333,0.0
7770,7911,Richard Gouraige,OT,Florida,306,0.0,0.0,0.0,0.0,0.0,0.0,2023,6,5,6.416666667,0.0
7771,7912,Jalen Graham,LB,Purdue,220,4.64,30.5,0.0,112.0,0.0,0.0,2023,6,2,6.166666667,0.0
7772,7913,Eric Gray,RB,Oklahoma,207,0.0,37.5,0.0,118.0,0.0,0.0,2023,5,10,5.833333333,0.0
7773,7914,Antoine Green,WR,North Carolina,199,4.47,33.5,0.0,123.0,6.99,4.27,2023,6,2,6.166666667,0.0
7774,7915,Jovaughn Gwyn,OG,South Carolina,297,5.12,27.5,0.0,109.0,7.9,4.8,2023,6,2,6.166666667,0.0
7775,7916,Jake Haener,QB,Fresno St.,207,0.0,35.0,0.0,114.0,7.01,0.0,2023,6,1,6.083333333,0.0
7776,7917,Derick Hall,EDGE,Auburn,254,4.55,33.5,0.0,127.0,0.0,0.0,2023,6,3,6.25,0.0
7777,7918,Jaren Hall,QB,BYU,207,0.0,0.0,0.0,0.0,0.0,0.0,2023,6,1,6.083333333,0.0
7778,7919,Nick Hampton,EDGE,Appalachian St.,236,4.58,35.5,0.0,120.0,0.0,0.0,2023,6,2,6.166666667,0.0
7779,7920,Anton Harrison,OT,Oklahoma,315,4.98,28.5,0.0,105.0,0.0,0.0,2023,6,4,6.333333333,0.0
7780,7921,Zach Harrison,EDGE,Ohio St.,274,0.0,0.0,25.0,0.0,0.0,0.0,2023,6,6,6.5,0.0
7781,7922,Jadon Haselwood,WR,Arkansas,215,4.66,37.0,0.0,123.0,6.98,4.31,2023,6,2,6.166666667,0.0
7782,7923,Ryan Hayes,OT,Michigan,298,5.18,30.0,0.0,103.0,7.39,0.0,2023,6,6,6.5,0.0
7783,7924,Malik Heath,WR,Mississippi,213,4.64,34.0,0.0,124.0,6.96,4.46,2023,6,2,6.166666667,0.0
7784,7925,DeMarcco Hellams,DB,Alabama,203,4.57,31.0,0.0,121.0,0.0,0.0,2023,6,1,6.083333333,0.0
7785,7926,Daiyan Henley,LB,Washington St.,225,4.54,35.0,0.0,125.0,0.0,0.0,2023,6,1,6.083333333,0.0
7786,7927,KJ Henry,EDGE,Clemson,251,4.63,31.5,0.0,112.0,0.0,0.0,2023,6,4,6.333333333,0.0
7787,7928,Nick Herbig,EDGE,Wisconsin,240,4.65,0.0,25.0,0.0,0.0,0.0,2023,6,2,6.166666667,0.0
7788,7929,Shaka Heyward,LB,Duke,235,4.53,31.0,22.0,116.0,7.32,4.4,2023,6,3,6.25,0.0
7789,7930,Ronnie Hickman,DB,Ohio St.,203,0.0,0.0,0.0,0.0,0.0,0.0,2023,6,1,6.083333333,0.0
7790,7931,Elijah Higgins,WR,Stanford,235,4.54,35.0,0.0,126.0,7.01,0.0,2023,6,3,6.25,0.0
7791,7932,Brandon Hill,DB,Pittsburgh,193,4.43,35.5,15.0,123.0,0.0,0.0,2023,5,10,5.833333333,0.0
7792,7933,Tre'Vius Hodges-Tomlinson,CB,TCU,178,4.41,39.0,12.0,132.0,0.0,0.0,2023,5,8,5.666666667,0.0
7793,7934,Hendon Hooker,QB,Tennessee,217,0.0,0.0,0.0,0.0,0.0,0.0,2023,6,3,6.25,0.0
7794,7935,Dylan Horton,EDGE,TCU,257,0.0,34.0,18.0,120.0,0.0,0.0,2023,6,4,6.333333333,0.0
7795,7936,Jordan Howden,DB,Minnesota,203,4.49,33.5,14.0,119.0,0.0,0.0,2023,6,1,6.083333333,0.0
7796,7937,Evan Hull,RB,Northwestern,209,4.47,37.0,0.0,123.0,6.9,4.38,2023,5,10,5.833333333,0.0
7797,7938,Xavier Hutchinson,WR,Iowa St.,203,4.53,36.0,0.0,116.0,6.91,4.35,2023,6,2,6.166666667,0.0
7798,7939,Jalin Hyatt,WR,Tennessee,176,4.4,40.0,0.0,135.0,0.0,0.0,2023,6,1,6.083333333,0.0
7799,7940,Mohamed Ibrahim,RB,Minnesota,203,0.0,0.0,0.0,0.0,0.0,0.0,2023,5,8,5.666666667,0.0
7800,7941,Andre Carter II,EDGE,Army,256,0.0,30.0,11.0,109.0,0.0,4.36,2023,6,7,6.583333333,0.0
7801,7942,Jason Taylor II,DB,Oklahoma St.,204,4.5,43.0,14.0,129.0,0.0,0.0,2023,6,1,6.083333333,0.0
7802,7943,Mark Evans II,OT,University of Arkansas at Pine Bluff,303,5.44,26.5,0.0,101.0,7.75,4.92,2023,6,3,6.25,0.0
7803,7944,Rashad Torrence II,DB,Florida,193,4.72,33.5,20.0,119.0,0.0,0.0,2023,6,1,6.083333333,0.0
7804,7945,Trey Dean III,DB,Florida,200,4.75,36.5,25.0,124.0,0.0,0.0,2023,6,2,6.166666667,0.0
7805,7946,Clark Phillips III,CB,Utah,184,4.51,33.0,18.0,0.0,0.0,4.32,2023,5,9,5.75,0.0
7806,7947,Siaki Ika,DT,Baylor,335,5.39,0.0,0.0,0.0,7.8,4.99,2023,6,3,6.25,0.0
7807,7948,Thomas Incoom,EDGE,Central Michigan,262,4.66,30.5,23.0,118.0,0.0,0.0,2023,6,2,6.166666667,0.0
7808,7949,Andrei Iosivas,WR,Princeton,205,4.43,39.0,19.0,128.0,6.85,4.12,2023,6,3,6.25,0.0
7809,7950,Will McDonald IV,EDGE,Iowa St.,239,0.0,36.0,0.0,132.0,0.0,0.0,2023,6,4,6.333333333,0.0
7810,7951,Kearis Jackson,WR,Georgia,196,4.55,0.0,0.0,126.0,0.0,0.0,2023,5,11,5.916666667,0.0
7811,7952,Rakim Jarrett,WR,Maryland,192,4.44,35.5,13.0,123.0,0.0,0.0,2023,6,1,6.083333333,0.0
7812,7953,Michael Jefferson,WR,Louisiana,199,4.56,37.0,16.0,133.0,7.03,4.56,2023,6,4,6.333333333,0.0
7813,7954,Jaray Jenkins,WR,LSU,204,4.6,29.5,20.0,0.0,0.0,0.0,2023,6,2,6.166666667,0.0
7814,7955,CJ Johnson,WR,East Carolina,224,0.0,0.0,0.0,0.0,0.0,0.0,2023,6,2,6.166666667,0.0
7815,7956,DJ Johnson,EDGE,Oregon,260,4.49,32.0,28.0,110.0,0.0,0.0,2023,6,4,6.333333333,0.0
7816,7957,Anthony Johnson,CB,Virginia,205,4.63,30.5,15.0,116.0,0.0,0.0,2023,6,2,6.166666667,0.0
7817,7958,Antonio Johnson,DB,Texas A&M,198,4.52,31.0,8.0,118.0,0.0,0.0,2023,6,2,6.166666667,0.0
7818,7959,Roschon Johnson,RB,Texas,219,4.58,31.5,0.0,122.0,0.0,0.0,2023,6,1,6.083333333,0.0
7819,7960,Quentin Johnston,WR,TCU,208,0.0,40.5,0.0,134.0,0.0,0.0,2023,6,3,6.25,0.0
7820,7961,Broderick Jones,OT,Georgia,311,4.97,30.0,0.0,108.0,0.0,0.0,2023,6,5,6.416666667,0.0
7821,7962,Cam Jones,LB,Indiana,226,4.69,33.0,17.0,0.0,0.0,0.0,2023,6,1,6.083333333,0.0
7822,7963,Charlie Jones,WR,Purdue,175,4.43,36.5,13.0,124.0,0.0,0.0,2023,5,11,5.916666667,0.0
7823,7964,Dawand Jones,OT,Ohio St.,374,5.35,0.0,0.0,0.0,0.0,0.0,2023,6,8,6.666666667,0.0
7824,7965,Jaylon Jones,CB,Texas A&M,200,4.57,38.0,14.0,122.0,6.88,4.3,2023,6,2,6.166666667,0.0
7825,7966,Nic Jones,CB,Ball St.,189,4.51,34.5,0.0,122.0,0.0,4.34,2023,6,1,6.083333333,0.0
7826,7967,Tyreque Jones,DB,Boise St.,195,4.52,32.0,0.0,119.0,0.0,4.48,2023,6,2,6.166666667,0.0
7827,7968,Brandon Joseph,DB,Notre Dame,202,4.62,30.5,17.0,118.0,7.08,4.23,2023,6,1,6.083333333,0.0
7828,7969,Andre Jones Jr.,EDGE,Louisiana,248,0.0,29.0,0.0,116.0,0.0,0.0,2023,6,5,6.416666667,0.0
7829,7970,Anthony Johnson Jr.,DB,Iowa St.,205,4.54,37.5,0.0,125.0,0.0,0.0,2023,6,1,6.083333333,0.0
7830,7971,Chris Rodriguez Jr.,RB,Kentucky,217,0.0,0.0,0.0,0.0,0.0,0.0,2023,6,1,6.083333333,0.0
7831,7972,Viliami Fehoko Jr.,DE,San Jose St.,276,0.0,0.0,24.0,0.0,0.0,0.0,2023,6,4,6.333333333,0.0
7832,7973,Will Anderson Jr.,EDGE,Alabama,253,4.6,0.0,0.0,0.0,0.0,0.0,2023,6,4,6.333333333,0.0
7833,7974,Earl Bostick Jr.,OT,Kansas,309,5.05,31.0,0.0,111.0,0.0,0.0,2023,6,6,6.5,0.0
7834,7975,Dontay Demus Jr.,WR,Maryland,212,4.57,35.5,0.0,123.0,0.0,4.39,2023,6,3,6.25,0.0
7835,7976,Emil Ekiyor Jr.,OG,Alabama,314,0.0,0.0,0.0,0.0,0.0,0.0,2023,6,3,6.25,0.0
7836,7977,Paris Johnson Jr.,OT,Ohio St.,313,0.0,0.0,0.0,110.0,0.0,0.0,2023,6,6,6.5,0.0
7837,7978,Darrell Luter Jr.,CB,South Alabama,189,4.46,40.5,0.0,123.0,6.9,4.43,2023,6,1,6.083333333,0.0
7838,7979,Ivan Pace Jr.,LB,Cincinnati,231,0.0,0.0,0.0,0.0,0.0,0.0,2023,5,11,5.916666667,0.0
7839,7980,Joey Porter Jr.,CB,Penn St.,193,4.46,35.0,17.0,129.0,0.0,0.0,2023,6,3,6.25,0.0
7840,7981,Calijah Kancey,DT,Pittsburgh,281,4.67,0.0,0.0,0.0,0.0,0.0,2023,6,1,6.083333333,0.0
7841,7982,Kyu Blu Kelly,CB,Stanford,191,4.52,36.0,0.0,131.0,0.0,0.0,2023,6,1,6.083333333,0.0
7842,7983,Dalton Kincaid,TE,Utah,246,0.0,0.0,0.0,0.0,0.0,0.0,2023,6,4,6.333333333,0.0
7843,7984,Jaxson Kirkland,OG,Washington,321,0.0,0.0,0.0,0.0,0.0,0.0,2023,6,7,6.583333333,0.0
7844,7985,Malik Knowles,WR,Kansas St.,196,0.0,0.0,0.0,0.0,0.0,0.0,2023,6,2,6.166666667,0.0
7845,7986,Adam Korsak,P,Rutgers,187,0.0,0.0,0.0,0.0,0.0,0.0,2023,6,1,6.083333333,0.0
7846,7987,Tucker Kraft,TE,South Dakota St.,254,0.0,34.0,23.0,122.0,7.08,4.29,2023,6,5,6.416666667,0.0
7847,7988,Zack Kuntz,TE,Old Dominion,255,0.0,40.0,23.0,128.0,6.87,4.12,2023,6,7,6.583333333,0.0
7848,7989,Tyler Lacy,DE,Oklahoma St.,279,5.11,28.5,30.0,116.0,7.6,0.0,2023,6,4,6.333333333,0.0
7849,7990,Brent Laing,OG,Duluth/University of Minnesota,304,0.0,0.0,0.0,0.0,0.0,0.0,2023,6,4,6.333333333,0.0
7850,7991,Isaiah Land,EDGE,Florida A&M,236,4.62,34.5,21.0,126.0,7.2,4.56,2023,6,4,6.333333333,0.0
7851,7992,Matt Landers,WR,Arkansas,200,4.37,37.0,0.0,130.0,0.0,0.0,2023,6,4,6.333333333,0.0
7852,7993,Sam LaPorta,TE,Iowa,245,0.0,35.0,0.0,123.0,6.91,4.25,2023,6,3,6.25,0.0
7853,7994,Cameron Latu,TE,Alabama,242,0.0,0.0,0.0,0.0,0.0,0.0,2023,6,4,6.333333333,0.0
7854,7995,Eku Leota,EDGE,Auburn,252,0.0,0.0,0.0,0.0,0.0,0.0,2023,6,3,6.25,0.0
7855,7996,Will Levis,QB,Kentucky,229,0.0,34.0,0.0,124.0,0.0,0.0,2023,6,4,6.333333333,0.0
7856,7997,Hunter Luepke,FB,North Dakota St.,230,0.0,0.0,0.0,0.0,0.0,0.0,2023,6,1,6.083333333,0.0
7857,7998,Will Mallory,TE,Miami,239,0.0,36.5,20.0,121.0,0.0,0.0,2023,6,5,6.416666667,0.0
7858,7999,Tashawn Manning,OG,Kentucky,327,5.34,27.5,0.0,102.0,7.9,4.8,2023,6,3,6.25,0.0
7859,8000,Jartavius Martin,DB,Illinois,194,4.46,44.0,15.0,133.0,0.0,0.0,2023,5,11,5.916666667,0.0
7860,8001,Ochaun Mathis,EDGE,Nebraska,250,4.74,33.5,21.0,118.0,0.0,4.38,2023,6,5,6.416666667,0.0
7861,8002,Cody Mauch,OT,North Dakota St.,302,5.08,29.0,0.0,108.0,7.33,4.55,2023,6,5,6.416666667,0.0
7862,8003,Michael Mayer,TE,Notre Dame,249,0.0,32.5,0.0,118.0,0.0,0.0,2023,6,5,6.416666667,0.0
7863,8004,DeWayne McBride,RB,Alabama-Birmingham,209,0.0,0.0,0.0,0.0,0.0,0.0,2023,5,10,5.833333333,0.0
7864,8005,Warren McClendon,OT,Georgia,306,0.0,0.0,0.0,0.0,0.0,0.0,2023,6,4,6.333333333,0.0
7865,8006,Jordan McFadden,OG,Clemson,303,4.99,28.5,0.0,0.0,7.7,4.81,2023,6,2,6.166666667,0.0
7866,8007,Isaiah McGuire,DE,Missouri,268,4.76,36.5,0.0,122.0,7.39,0.0,2023,6,4,6.333333333,0.0
7867,8008,Kenny McIntosh,RB,Georgia,204,4.62,0.0,0.0,0.0,0.0,0.0,2023,6,1,6.083333333,0.0
7868,8009,Tanner McKee,QB,Stanford,231,0.0,33.0,0.0,114.0,7.22,4.41,2023,6,6,6.5,0.0
7869,8010,Kaevon Merriweather,DB,Iowa,205,4.62,35.5,0.0,118.0,0.0,0.0,2023,6,1,6.083333333,0.0
7870,8011,Kendre Miller,RB,TCU,215,0.0,0.0,0.0,0.0,0.0,0.0,2023,5,11,5.916666667,0.0
7871,8012,Ventrell Miller,LB,Florida,232,0.0,0.0,0.0,0.0,0.0,0.0,2023,6,1,6.083333333,0.0
7872,8013,Marvin Mims,WR,Oklahoma,183,4.38,39.5,0.0,129.0,6.9,0.0,2023,5,11,5.916666667,0.0
7873,8014,Jonathan Mingo,WR,Mississippi,220,4.46,39.5,22.0,129.0,0.0,0.0,2023,6,2,6.166666667,0.0
7874,8015,Cameron Mitchell,CB,Northwestern,191,4.47,35.0,15.0,0.0,0.0,0.0,2023,5,11,5.916666667,0.0
7875,8016,Keaton Mitchell,RB,East Carolina,179,4.37,38.0,0.0,126.0,0.0,0.0,2023,5,8,5.666666667,0.0
7876,8017,Jake Moody,K,Michigan,209,0.0,0.0,0.0,0.0,0.0,0.0,2023,6,1,6.083333333,0.0
7877,8018,Isaiah Moore,LB,North Carolina St.,233,0.0,0.0,26.0,0.0,0.0,0.0,2023,6,2,6.166666667,0.0
7878,8019,Jalen Moreno-Cropper,WR,Fresno St.,172,4.4,0.0,0.0,121.0,0.0,0.0,2023,5,11,5.916666667,0.0
7879,8020,Mike Morris,DE,Michigan,275,4.95,28.5,22.0,110.0,0.0,0.0,2023,6,5,6.416666667,0.0
7880,8021,Wanya Morris,OT,Oklahoma,307,5.1,28.5,0.0,111.0,0.0,0.0,2023,6,5,6.416666667,0.0
7881,8022,Riley Moss,CB,Iowa,193,4.45,39.0,0.0,127.0,0.0,0.0,2023,6,1,6.083333333,0.0
7882,8023,Caleb Murphy,EDGE,Ferris St.,254,4.81,28.5,0.0,119.0,7.28,4.45,2023,6,3,6.25,0.0
7883,8024,Myles Murphy,EDGE,Clemson,268,0.0,0.0,25.0,0.0,0.0,0.0,2023,6,5,6.416666667,0.0
7884,8025,Luke Musgrave,TE,Oregon St.,253,0.0,36.0,0.0,125.0,0.0,0.0,2023,6,6,6.5,0.0
7885,8026,PJ Mustipher,DT,Penn St.,320,5.41,27.5,19.0,96.0,8.01,5.03,2023,6,4,6.333333333,0.0
7886,8027,Puka Nacua,WR,BYU,201,0.0,0.0,0.0,0.0,0.0,0.0,2023,6,2,6.166666667,0.0
7887,8028,Lukas Van Ness,EDGE,Iowa,272,4.58,31.0,17.0,118.0,7.02,4.32,2023,6,5,6.416666667,0.0
7888,8029,Joseph Ngata,WR,Clemson,217,4.54,34.5,0.0,124.0,0.0,0.0,2023,6,3,6.25,0.0
7889,8030,Aidan O'Connell,QB,Purdue,213,0.0,0.0,0.0,0.0,0.0,0.0,2023,6,3,6.25,0.0
7890,8031,Moro Ojomo,DT,Texas,292,5.04,33.0,29.0,112.0,0.0,0.0,2023,6,3,6.25,0.0
7891,8032,John Ojukwu,OT,Boise St.,309,5.24,28.5,0.0,104.0,7.52,4.52,2023,6,6,6.5,0.0
7892,8033,BJ Ojulari,EDGE,LSU,248,0.0,32.5,0.0,126.0,0.0,0.0,2023,6,2,6.166666667,0.0
7893,8034,Olusegun Oluwatimi,C,Michigan,309,5.38,29.0,0.0,110.0,0.0,0.0,2023,6,3,6.25,0.0
7894,8035,Anfernee Orji,LB,Vanderbilt,230,4.53,38.5,0.0,122.0,7.0,4.43,2023,6,1,6.083333333,0.0
7895,8036,DeMarvion Overshown,LB,Texas,229,4.56,0.0,15.0,124.0,0.0,0.0,2023,6,3,6.25,0.0
7896,8037,Gervarrius Owens,DB,Houston,195,0.0,37.5,15.0,125.0,0.0,0.0,2023,6,1,6.083333333,0.0
7897,8038,Trey Palmer,WR,Nebraska,192,4.33,0.0,0.0,0.0,0.0,0.0,2023,6,1,6.083333333,0.0
7898,8039,Owen Pappoe,LB,Auburn,225,4.39,35.5,29.0,126.0,0.0,0.0,2023,6,1,6.083333333,0.0
7899,8040,Jarrett Patterson,C,Notre Dame,306,5.33,29.5,0.0,106.0,7.96,4.73,2023,6,5,6.416666667,0.0
7900,8041,Kyle Patterson,TE,Air Force,260,0.0,0.0,0.0,0.0,0.0,0.0,2023,6,5,6.416666667,0.0
7901,8042,Camerun Peoples,RB,Appalachian St.,217,4.61,37.0,0.0,121.0,0.0,0.0,2023,6,1,6.083333333,0.0
7902,8043,A.T. Perry,WR,Wake Forest,198,4.47,35.0,0.0,133.0,0.0,0.0,2023,6,4,6.333333333,0.0
7903,8044,Lonnie Phelps,EDGE,Kansas,244,4.55,0.0,31.0,0.0,0.0,0.0,2023,6,2,6.166666667,0.0
7904,8045,Zacch Pickens,DT,South Carolina,291,4.89,30.5,22.0,116.0,7.45,4.62,2023,6,4,6.333333333,0.0
7905,8046,Jack Podlesny,K,Georgia,194,0.0,0.0,0.0,0.0,0.0,0.0,2023,6,1,6.083333333,0.0
7906,8047,B.T. Potter,K,Clemson,185,0.0,0.0,0.0,0.0,0.0,0.0,2023,5,10,5.833333333,0.0
7907,8048,Deneric Prince,RB,Tulsa,216,4.41,35.5,0.0,124.0,0.0,0.0,2023,6,1,6.083333333,0.0
7908,8049,Jose Ramirez,EDGE,Eastern Michigan,242,4.73,34.5,21.0,118.0,6.95,4.3,2023,6,2,6.166666667,0.0
7909,8050,Jalen Redmond,DT,Oklahoma,291,4.81,34.5,27.0,116.0,7.3,4.51,2023,6,2,6.166666667,0.0
7910,8051,Jayden Reed,WR,Michigan St.,187,4.45,33.5,0.0,121.0,0.0,4.29,2023,5,11,5.916666667,0.0
7911,8052,Rashee Rice,WR,SMU,204,4.51,41.0,0.0,128.0,0.0,0.0,2023,6,1,6.083333333,0.0
7912,8053,Asim Richards,OT,North Carolina,309,0.0,0.0,0.0,0.0,0.0,0.0,2023,6,4,6.333333333,0.0
7913,8054,Anthony Richardson,QB,Florida,244,4.43,40.5,0.0,129.0,0.0,0.0,2023,6,4,6.333333333,0.0
7914,8055,Eli Ricks,CB,Alabama,188,0.0,0.0,0.0,0.0,0.0,0.0,2023,6,2,6.166666667,0.0
7915,8056,Kelee Ringo,CB,Georgia,207,4.36,33.5,0.0,122.0,0.0,0.0,2023,6,2,6.166666667,0.0
7916,8057,Brad Robbins,P,Michigan,199,0.0,0.0,0.0,0.0,0.0,0.0,2023,6,1,6.083333333,0.0
7917,8058,Tavius Robinson,EDGE,Mississippi,257,4.66,33.5,23.0,120.0,0.0,4.62,2023,6,6,6.5,0.0
7918,8059,Bijan Robinson,RB,Texas,215,4.46,37.0,0.0,124.0,0.0,0.0,2023,5,11,5.916666667,0.0
7919,8060,Jammie Robinson,DB,Florida St.,191,4.59,33.5,23.0,116.0,0.0,0.0,2023,5,11,5.916666667,0.0
7920,8061,Jaquelin Roy,DT,LSU,305,0.0,0.0,30.0,0.0,8.01,5.0,2023,6,3,6.25,0.0
7921,8062,Darius Rush,CB,South Carolina,198,4.36,35.0,0.0,121.0,0.0,0.0,2023,6,2,6.166666667,0.0
7922,8063,Chad Ryland,K,Maryland,190,0.0,0.0,0.0,0.0,0.0,0.0,2023,6,1,6.083333333,0.0
7923,8064,Nick Saldiveri,OG,Old Dominion,318,5.21,31.0,0.0,111.0,0.0,4.69,2023,6,6,6.5,0.0
7924,8065,Drew Sanders,LB,Arkansas,235,0.0,0.0,0.0,0.0,0.0,0.0,2023,6,4,6.333333333,0.0
7925,8066,John Michael Schmitz,C,Minnesota,301,5.35,29.5,0.0,104.0,0.0,4.56,2023,6,4,6.333333333,0.0
7926,8067,Luke Schoonmaker,TE,Michigan,251,0.0,33.5,0.0,127.0,0.0,4.27,2023,6,5,6.416666667,0.0
7927,8068,Daniel Scott,DB,California,208,4.45,39.5,22.0,128.0,6.75,4.17,2023,6,1,6.083333333,0.0
7928,8069,Tyler Scott,WR,Cincinnati,177,4.44,39.5,0.0,133.0,0.0,0.0,2023,5,10,5.833333333,0.0
7929,8070,Juice Scruggs,C,Penn St.,301,5.22,32.0,0.0,102.0,7.75,4.82,2023,6,3,6.25,0.0
7930,8071,Noah Sewell,LB,Oregon,246,4.64,33.0,27.0,115.0,0.0,0.0,2023,6,2,6.166666667,0.0
7931,8072,Justin Shorter,WR,Florida,229,4.55,35.5,18.0,126.0,0.0,0.0,2023,6,4,6.333333333,0.0
7932,8073,Nesta Jade Silvera,DT,Arizona St.,304,5.16,29.5,0.0,110.0,0.0,0.0,2023,6,2,6.166666667,0.0
7933,8074,Trenton Simpson,LB,Clemson,235,4.43,0.0,25.0,0.0,0.0,0.0,2023,6,2,6.166666667,0.0
7934,8075,JL Skinner,DB,Boise St.,209,0.0,0.0,0.0,0.0,0.0,0.0,2023,6,4,6.333333333,0.0
7935,8076,Peter Skoronski,OT,Northwestern,313,5.16,34.5,0.0,115.0,7.8,0.0,2023,6,4,6.333333333,0.0
7936,8077,Terell Smith,CB,Minnesota,204,4.41,34.0,14.0,120.0,7.02,4.3,2023,6,1,6.083333333,0.0
7937,8078,Cam Smith,CB,South Carolina,180,4.43,38.0,0.0,134.0,0.0,0.0,2023,6,1,6.083333333,0.0
7938,8079,Christopher Smith,DB,Georgia,192,4.62,33.0,15.0,116.0,0.0,0.0,2023,5,11,5.916666667,0.0
7939,8080,Mazi Smith,DT,Michigan,323,0.0,0.0,34.0,0.0,0.0,0.0,2023,6,3,6.25,0.0
7940,8081,Nolan Smith,EDGE,Georgia,238,4.39,41.5,0.0,128.0,0.0,0.0,2023,6,2,6.166666667,0.0
7941,8082,Jaxon Smith-Njigba,WR,Ohio St.,196,0.0,35.0,0.0,125.0,6.57,3.93,2023,6,1,6.083333333,0.0
7942,8083,Sidy Sow,OG,Eastern Michigan,323,5.07,32.0,0.0,110.0,7.62,4.69,2023,6,5,6.416666667,0.0
7943,8084,Tyjae Spears,RB,Tulane,201,0.0,39.0,0.0,125.0,0.0,0.0,2023,5,10,5.833333333,0.0
7944,8085,Tyler Steen,OT,Alabama,321,0.0,29.5,0.0,109.0,0.0,4.59,2023,6,6,6.5,0.0
7945,8086,Tyrique Stevenson,CB,Miami,198,4.45,38.5,0.0,125.0,7.09,4.41,2023,6,1,6.083333333,0.0
7946,8087,Dante Stills,DT,West Virginia,286,4.85,28.5,20.0,113.0,7.38,4.61,2023,6,4,6.333333333,0.0
7947,8088,Brenton Strange,TE,Penn St.,253,0.0,36.0,23.0,124.0,7.25,4.46,2023,6,4,6.333333333,0.0
7948,8089,Ricky Stromberg,C,Arkansas,306,5.26,32.5,0.0,111.0,0.0,0.0,2023,6,3,6.25,0.0
7949,8090,C.J. Stroud,QB,Ohio St.,214,0.0,0.0,0.0,0.0,0.0,0.0,2023,6,3,6.25,0.0
7950,8091,Leonard Taylor,TE,Cincinnati,250,0.0,0.0,0.0,0.0,0.0,0.0,2023,6,5,6.416666667,0.0
7951,8092,Noah Taylor,EDGE,North Carolina,238,0.0,0.0,22.0,0.0,0.0,0.0,2023,6,4,6.333333333,0.0
7952,8093,Charlie Thomas,LB,Georgia Tech,216,4.52,32.5,18.0,124.0,7.09,4.34,2023,6,3,6.25,0.0
7953,8094,Tavion Thomas,RB,Utah,237,4.74,30.0,0.0,118.0,0.0,0.0,2023,6,1,6.083333333,0.0
7954,8095,SaRodorick Thompson,RB,Texas Tech,207,4.67,32.5,0.0,120.0,7.25,4.7,2023,6,1,6.083333333,0.0
7955,8096,Dorian Thompson-Robinson,QB,UCLA,203,4.56,32.5,0.0,121.0,7.28,4.44,2023,6,2,6.166666667,0.0
7956,8097,Cedric Tillman,WR,Tennessee,213,4.54,37.0,0.0,128.0,0.0,0.0,2023,6,3,6.25,0.0
7957,8098,Mitchell Tinsley,WR,Penn St.,199,4.6,35.5,14.0,120.0,0.0,4.21,2023,6,1,6.083333333,0.0
7958,8099,Joe Tippmann,C,Wisconsin,313,0.0,0.0,0.0,0.0,0.0,0.0,2023,6,6,6.5,0.0
7959,8100,Henry To'oTo'o,LB,Alabama,227,4.62,32.0,0.0,116.0,0.0,4.4,2023,6,1,6.083333333,0.0
7960,8101,O'Cyrus Torrence,OG,Florida,330,5.31,23.5,0.0,101.0,0.0,4.81,2023,6,5,6.416666667,0.0
7961,8102,Cory Trice,CB,Purdue,206,4.47,35.5,17.0,132.0,0.0,0.0,2023,6,3,6.25,0.0
7962,8103,Sean Tucker,RB,Syracuse,207,0.0,0.0,0.0,0.0,0.0,0.0,2023,5,9,5.75,0.0
7963,8104,Tre Tucker,WR,Cincinnati,182,4.4,37.5,0.0,124.0,0.0,0.0,2023,5,9,5.75,0.0
7964,8105,Tuli Tuipulotu,EDGE,USC,266,0.0,0.0,0.0,0.0,0.0,0.0,2023,6,3,6.25,0.0
7965,8106,Clayton Tune,QB,Houston,220,4.64,37.5,0.0,122.0,6.89,4.25,2023,6,3,6.25,0.0
7966,8107,Michael Turk,P,Oklahoma,227,4.83,34.0,0.0,109.0,0.0,0.0,2023,6,1,6.083333333,0.0
7967,8108,DJ Turner,CB,Michigan,178,4.26,38.5,0.0,131.0,0.0,0.0,2023,5,11,5.916666667,0.0
7968,8109,Carrington Valentine,CB,Kentucky,193,0.0,39.0,9.0,128.0,0.0,0.0,2023,6,1,6.083333333,0.0
7969,8110,Deuce Vaughn,RB,Kansas St.,179,0.0,35.5,0.0,116.0,0.0,0.0,2023,5,5,5.416666667,0.0
7970,8111,Travis Vokolek,TE,Nebraska,259,0.0,0.0,20.0,115.0,0.0,0.0,2023,6,6,6.5,0.0
7971,8112,Andrew Vorhees,OG,USC,310,0.0,29.0,0.0,105.0,0.0,0.0,2023,6,6,6.5,0.0
7972,8113,Dalton Wagner,OT,Arkansas,320,0.0,24.5,0.0,102.0,0.0,0.0,2023,6,8,6.666666667,0.0
7973,8114,Alex Ward,LS,Central Florida,240,5.06,30.0,12.0,114.0,0.0,4.46,2023,6,4,6.333333333,0.0
7974,8115,Jay Ward,CB,LSU,188,4.55,34.5,16.0,132.0,0.0,0.0,2023,6,1,6.083333333,0.0
7975,8116,Carter Warren,OT,Pittsburgh,311,0.0,0.0,0.0,0.0,0.0,0.0,2023,6,6,6.5,0.0
7976,8117,Darnell Washington,TE,Georgia,264,0.0,31.0,21.0,122.0,0.0,4.08,2023,6,7,6.583333333,0.0
7977,8118,Parker Washington,WR,Penn St.,204,0.0,0.0,16.0,0.0,0.0,0.0,2023,5,10,5.833333333,0.0
7978,8119,Jalen Wayne,WR,South Alabama,210,4.51,34.5,0.0,124.0,0.0,0.0,2023,6,2,6.166666667,0.0
7979,8120,Tyrus Wheat,EDGE,Mississippi St.,263,4.65,28.5,0.0,113.0,0.0,4.54,2023,6,2,6.166666667,0.0
7980,8121,Keion White,EDGE,Georgia Tech,285,0.0,34.0,30.0,117.0,0.0,0.0,2023,6,5,6.416666667,0.0
7981,8122,Blake Whiteheart,TE,Wake Forest,247,0.0,35.5,20.0,115.0,0.0,0.0,2023,6,4,6.333333333,0.0
7982,8123,Josh Whyle,TE,Cincinnati,248,0.0,33.5,0.0,115.0,0.0,0.0,2023,6,7,6.583333333,0.0
7983,8124,Dontayvion Wicks,WR,Virginia,206,4.62,39.0,0.0,130.0,0.0,0.0,2023,6,1,6.083333333,0.0
7984,8125,Dorian Williams,LB,Tulane,228,4.49,33.5,0.0,120.0,0.0,0.0,2023,6,1,6.083333333,0.0
7985,8126,Garrett Williams,CB,Syracuse,192,0.0,0.0,0.0,0.0,0.0,0.0,2023,5,10,5.833333333,0.0
7986,8127,Brayden Willis,TE,Oklahoma,241,0.0,32.0,20.0,117.0,7.3,4.36,2023,6,4,6.333333333,0.0
7987,8128,Michael Wilson,WR,Stanford,213,4.58,37.5,23.0,125.0,0.0,4.27,2023,6,2,6.166666667,0.0
7988,8129,Tyree Wilson,EDGE,Texas Tech,271,0.0,0.0,23.0,0.0,0.0,0.0,2023,6,6,6.5,0.0
7989,8130,Dee Winters,LB,TCU,227,4.49,30.5,0.0,117.0,0.0,0.0,2023,5,11,5.916666667,0.0
7990,8131,Devon Witherspoon,CB,Illinois,181,0.0,0.0,0.0,0.0,0.0,0.0,2023,6,1,6.083333333,0.0
7991,8132,Colby Wooden,DE,Auburn,273,4.79,0.0,23.0,115.0,0.0,4.52,2023,6,4,6.333333333,0.0
7992,8133,Darnell Wright,OT,Tennessee,333,5.01,29.0,0.0,114.0,0.0,0.0,2023,6,5,6.416666667,0.0
7993,8134,Rejzohn Wright,CB,Oregon St.,193,0.0,0.0,0.0,0.0,0.0,0.0,2023,6,2,6.166666667,0.0
7994,8135,Luke Wypler,C,Ohio St.,303,5.14,30.5,0.0,106.0,7.64,4.53,2023,6,3,6.25,0.0
7995,8136,Bryce Young,QB,Alabama,204,0.0,0.0,0.0,0.0,0.0,0.0,2023,5,10,5.833333333,0.0
7996,8137,Byron Young,DT,Alabama,294,0.0,26.0,24.0,108.0,7.68,0.0,2023,6,3,6.25,0.0
7997,8138,Byron Young,EDGE,Tennessee,250,4.43,38.0,22.0,132.0,7.19,0.0,2023,6,2,6.166666667,0.0
7998,8139,Cameron Young,DT,Mississippi St.,304,5.1,0.0,0.0,0.0,0.0,0.0,2023,6,3,6.25,0.0
