,Player,Position,Age,Year,Model_Projection_Points,Actual_Points,Model_v_Actual_Delta
307,Derrick Coleman,RB,27,2017,-9.71940871202844,4.8,-14.51940871202844
309,Derrick Coleman,RB,27,2017,-13.979334437208081,4.8,-18.77933443720808
305,Derrick Coleman,RB,27,2017,-13.979334437208081,4.8,-18.77933443720808
311,Derrick Coleman,RB,27,2017,-14.66308427210538,4.8,-19.46308427210538
