,Player,Position,Age,Year,Model_Projection_Points,Actual_Points,Model_v_Actual_Delta
307,Derrick Coleman,RB,27,2017,-11.684515488604802,4.8,-16.484515488604803
311,Derrick Coleman,RB,27,2017,-14.046017944398614,4.8,-18.846017944398614
309,Derrick Coleman,RB,27,2017,-14.074534354964385,4.8,-18.874534354964386
305,Derrick Coleman,RB,27,2017,-14.074534354964385,4.8,-18.874534354964386
