,Player,Position,Age,Year,Model_Projection_Points,Actual_Points,Model_v_Actual_Delta
307,Derrick Coleman,RB,27,2017,-7.982539226642984,4.8,-12.782539226642985
305,Derrick Coleman,RB,27,2017,-14.004730812856337,4.8,-18.804730812856338
309,Derrick Coleman,RB,27,2017,-14.004730812856337,4.8,-18.804730812856338
311,Derrick Coleman,RB,27,2017,-16.608019491732193,4.8,-21.408019491732194
