,Player,Position,Age,Year,Model_Projection_Points,Actual_Points,Model_v_Actual_Delta
307,Derrick Coleman,RB,27,2017,-13.07036932151825,4.8,-17.87036932151825
305,Derrick Coleman,RB,27,2017,-13.544632184342156,4.8,-18.344632184342156
309,Derrick Coleman,RB,27,2017,-13.544632184342156,4.8,-18.344632184342156
311,Derrick Coleman,RB,27,2017,-13.728279940848445,4.8,-18.528279940848446
