,Player,Position,Age,Year,Model_Projection_Points,Actual_Points,Model_v_Actual_Delta
309,Derrick Coleman,RB,27,2017,-9.277631968108633,4.8,-14.077631968108633
305,Derrick Coleman,RB,27,2017,-9.277631968108633,4.8,-14.077631968108633
307,Derrick Coleman,RB,27,2017,-10.014634128647312,4.8,-14.814634128647313
311,Derrick Coleman,RB,27,2017,-10.293870478746069,4.8,-15.09387047874607
