,Player,Position,Age,Year,Model_Projection_Points,Actual_Points,Model_v_Actual_Delta
307,Derrick Coleman,RB,27,2017,4.875000000000005,4.8,0.0750000000000055
311,Derrick Coleman,RB,27,2017,4.730000000000004,4.8,-0.06999999999999584
309,Derrick Coleman,RB,27,2017,4.716000000000004,4.8,-0.08399999999999608
305,Derrick Coleman,RB,27,2017,4.716000000000004,4.8,-0.08399999999999608
