,Player,Position,Age,Year,Model_Projection_Points,Actual_Points,Model_v_Actual_Delta
307,Derrick Coleman,RB,27,2017,5.158000000000003,4.8,0.3580000000000032
311,Derrick Coleman,RB,27,2017,5.111000000000003,4.8,0.3110000000000035
305,Derrick Coleman,RB,27,2017,5.070000000000003,4.8,0.2700000000000031
309,Derrick Coleman,RB,27,2017,5.070000000000003,4.8,0.2700000000000031
