,Player,Position,Age,Year,Model_Projection_Points,Actual_Points,Model_v_Actual_Delta
307,Derrick Coleman,RB,27,2017,5.487000000000004,4.8,0.6870000000000038
309,Derrick Coleman,RB,27,2017,5.442000000000003,4.8,0.642000000000003
305,Derrick Coleman,RB,27,2017,5.442000000000003,4.8,0.642000000000003
311,Derrick Coleman,RB,27,2017,5.282000000000003,4.8,0.48200000000000287
