,Player,Position,Age,Year,Model_Projection_Points,Actual_Points,Model_v_Actual_Delta
221,Jordan Leslie,WR,26,2017,8.628470767080778,3.6,5.028470767080778
223,Jordan Leslie,WR,26,2017,6.3571529999240965,3.6,2.7571529999240965
