,Player,Position,Age,Year,Model_Projection_Points,Actual_Points,Model_v_Actual_Delta
221,Jordan Leslie,WR,26,2017,3.6240000000000068,3.6,0.024000000000006683
223,Jordan Leslie,WR,26,2017,2.840000000000004,3.6,-0.7599999999999962
