,Player,Position,Age,Year,Model_Projection_Points,Actual_Points,Model_v_Actual_Delta
223,Jordan Leslie,WR,26,2017,3.8020000000000063,3.6,0.20200000000000617
221,Jordan Leslie,WR,26,2017,3.473000000000005,3.6,-0.1269999999999949
